block,timestamp,trade_size_usdc,uniswap_price,sushiswap_price,signed_spread,absolute_spread,relative_spread_pct,spot_buy_dex,spot_sell_dex,route_a_pnl,route_a_return_pct,route_b_pnl,route_b_return_pct,best_route,best_final_usdc,best_pnl_before_gas,best_return_before_gas_pct,profitable_before_gas
26011544,2026-09-19 12:24:35+00:00,100.0,2640.4570291183036,2639.6355905761307,-0.8214385421730999,0.8214385421730999,0.03111939182460453,SushiSwap V2,Uniswap V3,-0.388492,-0.388492,-0.450403,-0.450403,SushiSwap V2 -> Uniswap V3,99.611508,-0.388492,-0.388492,False
26011544,2026-09-19 12:24:35+00:00,500.0,2640.4570291183036,2639.6355905761307,-0.8214385421730999,0.8214385421730999,0.03111939182460453,SushiSwap V2,Uniswap V3,-3.330633,-0.6661266,-3.638212,-0.7276424,SushiSwap V2 -> Uniswap V3,496.669367,-3.330633,-0.6661266,False
26011544,2026-09-19 12:24:35+00:00,1000.0,2640.4570291183036,2639.6355905761307,-0.8214385421730999,0.8214385421730999,0.03111939182460453,SushiSwap V2,Uniswap V3,-10.110022,-1.0110022,-10.720275,-1.0720275,SushiSwap V2 -> Uniswap V3,989.889978,-10.110022,-1.0110022,False
26011544,2026-09-19 12:24:35+00:00,5000.0,2640.4570291183036,2639.6355905761307,-0.8214385421730999,0.8214385421730999,0.03111939182460453,SushiSwap V2,Uniswap V3,-184.306313,-3.68612626,-187.170664,-3.74341328,SushiSwap V2 -> Uniswap V3,4815.693687,-184.306313,-3.68612626,False
26011544,2026-09-19 12:24:35+00:00,10000.0,2640.4570291183036,2639.6355905761307,-0.8214385421730999,0.8214385421730999,0.03111939182460453,SushiSwap V2,Uniswap V3,-683.334914,-6.83334914,-688.638667,-6.88638667,SushiSwap V2 -> Uniswap V3,9316.665086,-683.334914,-6.83334914,False
26011545,2026-09-19 12:24:47+00:00,100.0,2640.4570291183036,2639.6355905761307,-0.8214385421730999,0.8214385421730999,0.03111939182460453,SushiSwap V2,Uniswap V3,-0.388492,-0.388492,-0.450403,-0.450403,SushiSwap V2 -> Uniswap V3,99.611508,-0.388492,-0.388492,False
26011545,2026-09-19 12:24:47+00:00,500.0,2640.4570291183036,2639.6355905761307,-0.8214385421730999,0.8214385421730999,0.03111939182460453,SushiSwap V2,Uniswap V3,-3.330633,-0.6661266,-3.638212,-0.7276424,SushiSwap V2 -> Uniswap V3,496.669367,-3.330633,-0.6661266,False
26011545,2026-09-19 12:24:47+00:00,1000.0,2640.4570291183036,2639.6355905761307,-0.8214385421730999,0.8214385421730999,0.03111939182460453,SushiSwap V2,Uniswap V3,-10.110022,-1.0110022,-10.720275,-1.0720275,SushiSwap V2 -> Uniswap V3,989.889978,-10.110022,-1.0110022,False
26011545,2026-09-19 12:24:47+00:00,5000.0,2640.4570291183036,2639.6355905761307,-0.8214385421730999,0.8214385421730999,0.03111939182460453,SushiSwap V2,Uniswap V3,-184.306313,-3.68612626,-187.170664,-3.74341328,SushiSwap V2 -> Uniswap V3,4815.693687,-184.306313,-3.68612626,False
26011545,2026-09-19 12:24:47+00:00,10000.0,2640.4570291183036,2639.6355905761307,-0.8214385421730999,0.8214385421730999,0.03111939182460453,SushiSwap V2,Uniswap V3,-683.334914,-6.83334914,-688.638667,-6.88638667,SushiSwap V2 -> Uniswap V3,9316.665086,-683.334914,-6.83334914,False
26011546,2026-09-19 12:24:59+00:00,100.0,2640.4570291183036,2639.6355905761307,-0.8214385421730999,0.8214385421730999,0.03111939182460453,SushiSwap V2,Uniswap V3,-0.388492,-0.388492,-0.450403,-0.450403,SushiSwap V2 -> Uniswap V3,99.611508,-0.388492,-0.388492,False
26011546,2026-09-19 12:24:59+00:00,500.0,2640.4570291183036,2639.6355905761307,-0.8214385421730999,0.8214385421730999,0.03111939182460453,SushiSwap V2,Uniswap V3,-3.330633,-0.6661266,-3.638212,-0.7276424,SushiSwap V2 -> Uniswap V3,496.669367,-3.330633,-0.6661266,False
26011546,2026-09-19 12:24:59+00:00,1000.0,2640.4570291183036,2639.6355905761307,-0.8214385421730999,0.8214385421730999,0.03111939182460453,SushiSwap V2,Uniswap V3,-10.110022,-1.0110022,-10.720275,-1.0720275,SushiSwap V2 -> Uniswap V3,989.889978,-10.110022,-1.0110022,False
26011546,2026-09-19 12:24:59+00:00,5000.0,2640.4570291183036,2639.6355905761307,-0.8214385421730999,0.8214385421730999,0.03111939182460453,SushiSwap V2,Uniswap V3,-184.306313,-3.68612626,-187.170664,-3.74341328,SushiSwap V2 -> Uniswap V3,4815.693687,-184.306313,-3.68612626,False
26011546,2026-09-19 12:24:59+00:00,10000.0,2640.4570291183036,2639.6355905761307,-0.8214385421730999,0.8214385421730999,0.03111939182460453,SushiSwap V2,Uniswap V3,-683.334914,-6.83334914,-688.638667,-6.88638667,SushiSwap V2 -> Uniswap V3,9316.665086,-683.334914,-6.83334914,False
26011547,2026-09-19 12:25:11+00:00,100.0,2640.4570291183036,2639.6355905761307,-0.8214385421730999,0.8214385421730999,0.03111939182460453,SushiSwap V2,Uniswap V3,-0.388492,-0.388492,-0.450403,-0.450403,SushiSwap V2 -> Uniswap V3,99.611508,-0.388492,-0.388492,False
26011547,2026-09-19 12:25:11+00:00,500.0,2640.4570291183036,2639.6355905761307,-0.8214385421730999,0.8214385421730999,0.03111939182460453,SushiSwap V2,Uniswap V3,-3.330633,-0.6661266,-3.638212,-0.7276424,SushiSwap V2 -> Uniswap V3,496.669367,-3.330633,-0.6661266,False
26011547,2026-09-19 12:25:11+00:00,1000.0,2640.4570291183036,2639.6355905761307,-0.8214385421730999,0.8214385421730999,0.03111939182460453,SushiSwap V2,Uniswap V3,-10.110022,-1.0110022,-10.720275,-1.0720275,SushiSwap V2 -> Uniswap V3,989.889978,-10.110022,-1.0110022,False
26011547,2026-09-19 12:25:11+00:00,5000.0,2640.4570291183036,2639.6355905761307,-0.8214385421730999,0.8214385421730999,0.03111939182460453,SushiSwap V2,Uniswap V3,-184.306313,-3.68612626,-187.170664,-3.74341328,SushiSwap V2 -> Uniswap V3,4815.693687,-184.306313,-3.68612626,False
26011547,2026-09-19 12:25:11+00:00,10000.0,2640.4570291183036,2639.6355905761307,-0.8214385421730999,0.8214385421730999,0.03111939182460453,SushiSwap V2,Uniswap V3,-683.334914,-6.83334914,-688.638667,-6.88638667,SushiSwap V2 -> Uniswap V3,9316.665086,-683.334914,-6.83334914,False
26011548,2026-09-19 12:25:23+00:00,100.0,2640.4550745518613,2639.6355905761307,-0.8194839757307556,0.8194839757307556,0.03104534499596946,SushiSwap V2,Uniswap V3,-0.388565,-0.388565,-0.45033,-0.45033,SushiSwap V2 -> Uniswap V3,99.611435,-0.388565,-0.388565,False
26011548,2026-09-19 12:25:23+00:00,500.0,2640.4550745518613,2639.6355905761307,-0.8194839757307556,0.8194839757307556,0.03104534499596946,SushiSwap V2,Uniswap V3,-3.331001,-0.6662002,-3.637845,-0.727569,SushiSwap V2 -> Uniswap V3,496.668999,-3.331001,-0.6662002,False
26011548,2026-09-19 12:25:23+00:00,1000.0,2640.4550745518613,2639.6355905761307,-0.8194839757307556,0.8194839757307556,0.03104534499596946,SushiSwap V2,Uniswap V3,-10.110755,-1.0110755,-10.719548,-1.0719548,SushiSwap V2 -> Uniswap V3,989.889245,-10.110755,-1.0110755,False
26011548,2026-09-19 12:25:23+00:00,5000.0,2640.4550745518613,2639.6355905761307,-0.8194839757307556,0.8194839757307556,0.03104534499596946,SushiSwap V2,Uniswap V3,-184.309877,-3.68619754,-187.167222,-3.74334444,SushiSwap V2 -> Uniswap V3,4815.690123,-184.309877,-3.68619754,False
26011548,2026-09-19 12:25:23+00:00,10000.0,2640.4550745518613,2639.6355905761307,-0.8194839757307556,0.8194839757307556,0.03104534499596946,SushiSwap V2,Uniswap V3,-683.34181,-6.8334181,-688.632224,-6.88632224,SushiSwap V2 -> Uniswap V3,9316.65819,-683.34181,-6.8334181,False
26011549,2026-09-19 12:25:35+00:00,100.0,2640.456680474612,2639.6355905761307,-0.8210898984810766,0.8210898984810766,0.03110618380099445,SushiSwap V2,Uniswap V3,-0.388505,-0.388505,-0.45039,-0.45039,SushiSwap V2 -> Uniswap V3,99.611495,-0.388505,-0.388505,False
26011549,2026-09-19 12:25:35+00:00,500.0,2640.456680474612,2639.6355905761307,-0.8210898984810766,0.8210898984810766,0.03110618380099445,SushiSwap V2,Uniswap V3,-3.330699,-0.6661398,-3.638146,-0.7276292,SushiSwap V2 -> Uniswap V3,496.669301,-3.330699,-0.6661398,False
26011549,2026-09-19 12:25:35+00:00,1000.0,2640.456680474612,2639.6355905761307,-0.8210898984810766,0.8210898984810766,0.03110618380099445,SushiSwap V2,Uniswap V3,-10.110153,-1.0110153,-10.720145,-1.0720145,SushiSwap V2 -> Uniswap V3,989.889847,-10.110153,-1.0110153,False
26011549,2026-09-19 12:25:35+00:00,5000.0,2640.456680474612,2639.6355905761307,-0.8210898984810766,0.8210898984810766,0.03110618380099445,SushiSwap V2,Uniswap V3,-184.306948,-3.68613896,-187.17005,-3.743401,SushiSwap V2 -> Uniswap V3,4815.693052,-184.306948,-3.68613896,False
26011549,2026-09-19 12:25:35+00:00,10000.0,2640.456680474612,2639.6355905761307,-0.8210898984810766,0.8210898984810766,0.03110618380099445,SushiSwap V2,Uniswap V3,-683.336144,-6.83336144,-688.637518,-6.88637518,SushiSwap V2 -> Uniswap V3,9316.663856,-683.336144,-6.83336144,False
26011550,2026-09-19 12:25:47+00:00,100.0,2640.917194479142,2639.6355905761307,-1.2816039030110569,1.2816039030110569,0.04855230424936543,SushiSwap V2,Uniswap V3,-0.371132,-0.371132,-0.467737,-0.467737,SushiSwap V2 -> Uniswap V3,99.628868,-0.371132,-0.371132,False
26011550,2026-09-19 12:25:47+00:00,500.0,2640.917194479142,2639.6355905761307,-1.2816039030110569,1.2816039030110569,0.04855230424936543,SushiSwap V2,Uniswap V3,-3.244076,-0.6488152,-3.724399,-0.7448798,SushiSwap V2 -> Uniswap V3,496.755924,-3.244076,-0.6488152,False
26011550,2026-09-19 12:25:47+00:00,1000.0,2640.917194479142,2639.6355905761307,-1.2816039030110569,1.2816039030110569,0.04855230424936543,SushiSwap V2,Uniswap V3,-9.937509,-0.9937509,-10.891456,-1.0891456,SushiSwap V2 -> Uniswap V3,990.062491,-9.937509,-0.9937509,False
26011550,2026-09-19 12:25:47+00:00,5000.0,2640.917194479142,2639.6355905761307,-1.2816039030110569,1.2816039030110569,0.04855230424936543,SushiSwap V2,Uniswap V3,-183.467067,-3.66934134,-187.98098,-3.7596196,SushiSwap V2 -> Uniswap V3,4816.532933,-183.467067,-3.66934134,False
26011550,2026-09-19 12:25:47+00:00,10000.0,2640.917194479142,2639.6355905761307,-1.2816039030110569,1.2816039030110569,0.04855230424936543,SushiSwap V2,Uniswap V3,-681.711287,-6.81711287,-690.155219,-6.90155219,SushiSwap V2 -> Uniswap V3,9318.288713,-681.711287,-6.81711287,False
26011551,2026-09-19 12:25:59+00:00,100.0,2641.4886782103263,2639.6355905761307,-1.8530876341957196,1.8530876341957196,0.07020240372616214,SushiSwap V2,Uniswap V3,-0.349573,-0.349573,-0.489256,-0.489256,SushiSwap V2 -> Uniswap V3,99.650427,-0.349573,-0.349573,False
26011551,2026-09-19 12:25:59+00:00,500.0,2641.4886782103263,2639.6355905761307,-1.8530876341957196,1.8530876341957196,0.07020240372616214,SushiSwap V2,Uniswap V3,-3.136583,-0.6273166,-3.831397,-0.7662794,SushiSwap V2 -> Uniswap V3,496.863417,-3.136583,-0.6273166,False
26011551,2026-09-19 12:25:59+00:00,1000.0,2641.4886782103263,2639.6355905761307,-1.8530876341957196,1.8530876341957196,0.07020240372616214,SushiSwap V2,Uniswap V3,-9.723276,-0.9723276,-11.103977,-1.1103977,SushiSwap V2 -> Uniswap V3,990.276724,-9.723276,-0.9723276,False
26011551,2026-09-19 12:25:59+00:00,5000.0,2641.4886782103263,2639.6355905761307,-1.8530876341957196,1.8530876341957196,0.07020240372616214,SushiSwap V2,Uniswap V3,-182.425076,-3.64850152,-188.987216,-3.77974432,SushiSwap V2 -> Uniswap V3,4817.574924,-182.425076,-3.64850152,False
26011551,2026-09-19 12:25:59+00:00,10000.0,2641.4886782103263,2639.6355905761307,-1.8530876341957196,1.8530876341957196,0.07020240372616214,SushiSwap V2,Uniswap V3,-679.695921,-6.79695921,-692.038985,-6.92038985,SushiSwap V2 -> Uniswap V3,9320.304079,-679.695921,-6.79695921,False
26011552,2026-09-19 12:26:11+00:00,100.0,2641.6015520125065,2639.6355905761307,-1.9659614363760192,1.9659614363760192,0.07447851678446742,SushiSwap V2,Uniswap V3,-0.345314,-0.345314,-0.493505,-0.493505,SushiSwap V2 -> Uniswap V3,99.654686,-0.345314,-0.345314,False
26011552,2026-09-19 12:26:11+00:00,500.0,2641.6015520125065,2639.6355905761307,-1.9659614363760192,1.9659614363760192,0.07447851678446742,SushiSwap V2,Uniswap V3,-3.115352,-0.6230704,-3.852524,-0.7705048,SushiSwap V2 -> Uniswap V3,496.884648,-3.115352,-0.6230704,False
26011552,2026-09-19 12:26:11+00:00,1000.0,2641.6015520125065,2639.6355905761307,-1.9659614363760192,1.9659614363760192,0.07447851678446742,SushiSwap V2,Uniswap V3,-9.680961,-0.9680961,-11.145939,-1.1145939,SushiSwap V2 -> Uniswap V3,990.319039,-9.680961,-0.9680961,False
26011552,2026-09-19 12:26:11+00:00,5000.0,2641.6015520125065,2639.6355905761307,-1.9659614363760192,1.9659614363760192,0.07447851678446742,SushiSwap V2,Uniswap V3,-182.219218,-3.64438436,-189.185854,-3.78371708,SushiSwap V2 -> Uniswap V3,4817.780782,-182.219218,-3.64438436,False
26011552,2026-09-19 12:26:11+00:00,10000.0,2641.6015520125065,2639.6355905761307,-1.9659614363760192,1.9659614363760192,0.07447851678446742,SushiSwap V2,Uniswap V3,-679.297662,-6.79297662,-692.410753,-6.92410753,SushiSwap V2 -> Uniswap V3,9320.702338,-679.297662,-6.79297662,False
26011553,2026-09-19 12:26:23+00:00,100.0,2641.589697183188,2639.6355905761307,-1.9541066070574917,1.9541066070574917,0.07402940822717827,SushiSwap V2,Uniswap V3,-0.345762,-0.345762,-0.493059,-0.493059,SushiSwap V2 -> Uniswap V3,99.654238,-0.345762,-0.345762,False
26011553,2026-09-19 12:26:23+00:00,500.0,2641.589697183188,2639.6355905761307,-1.9541066070574917,1.9541066070574917,0.07402940822717827,SushiSwap V2,Uniswap V3,-3.117582,-0.6235164,-3.850305,-0.770061,SushiSwap V2 -> Uniswap V3,496.882418,-3.117582,-0.6235164,False
26011553,2026-09-19 12:26:23+00:00,1000.0,2641.589697183188,2639.6355905761307,-1.9541066070574917,1.9541066070574917,0.07402940822717827,SushiSwap V2,Uniswap V3,-9.685405,-0.9685405,-11.141532,-1.1141532,SushiSwap V2 -> Uniswap V3,990.314595,-9.685405,-0.9685405,False
26011553,2026-09-19 12:26:23+00:00,5000.0,2641.589697183188,2639.6355905761307,-1.9541066070574917,1.9541066070574917,0.07402940822717827,SushiSwap V2,Uniswap V3,-182.240838,-3.64481676,-189.164992,-3.78329984,SushiSwap V2 -> Uniswap V3,4817.759162,-182.240838,-3.64481676,False
26011553,2026-09-19 12:26:23+00:00,10000.0,2641.589697183188,2639.6355905761307,-1.9541066070574917,1.9541066070574917,0.07402940822717827,SushiSwap V2,Uniswap V3,-679.33949,-6.7933949,-692.371709,-6.92371709,SushiSwap V2 -> Uniswap V3,9320.66051,-679.33949,-6.7933949,False
26011554,2026-09-19 12:26:35+00:00,100.0,2641.589697183188,2639.6355905761307,-1.9541066070574917,1.9541066070574917,0.07402940822717827,SushiSwap V2,Uniswap V3,-0.345762,-0.345762,-0.493059,-0.493059,SushiSwap V2 -> Uniswap V3,99.654238,-0.345762,-0.345762,False
26011554,2026-09-19 12:26:35+00:00,500.0,2641.589697183188,2639.6355905761307,-1.9541066070574917,1.9541066070574917,0.07402940822717827,SushiSwap V2,Uniswap V3,-3.117582,-0.6235164,-3.850305,-0.770061,SushiSwap V2 -> Uniswap V3,496.882418,-3.117582,-0.6235164,False
26011554,2026-09-19 12:26:35+00:00,1000.0,2641.589697183188,2639.6355905761307,-1.9541066070574917,1.9541066070574917,0.07402940822717827,SushiSwap V2,Uniswap V3,-9.685405,-0.9685405,-11.141532,-1.1141532,SushiSwap V2 -> Uniswap V3,990.314595,-9.685405,-0.9685405,False
26011554,2026-09-19 12:26:35+00:00,5000.0,2641.589697183188,2639.6355905761307,-1.9541066070574917,1.9541066070574917,0.07402940822717827,SushiSwap V2,Uniswap V3,-182.240838,-3.64481676,-189.164992,-3.78329984,SushiSwap V2 -> Uniswap V3,4817.759162,-182.240838,-3.64481676,False
26011554,2026-09-19 12:26:35+00:00,10000.0,2641.589697183188,2639.6355905761307,-1.9541066070574917,1.9541066070574917,0.07402940822717827,SushiSwap V2,Uniswap V3,-679.33949,-6.7933949,-692.371709,-6.92371709,SushiSwap V2 -> Uniswap V3,9320.66051,-679.33949,-6.7933949,False
26011555,2026-09-19 12:26:47+00:00,100.0,2641.589697183188,2639.6355905761307,-1.9541066070574917,1.9541066070574917,0.07402940822717827,SushiSwap V2,Uniswap V3,-0.345762,-0.345762,-0.493059,-0.493059,SushiSwap V2 -> Uniswap V3,99.654238,-0.345762,-0.345762,False
26011555,2026-09-19 12:26:47+00:00,500.0,2641.589697183188,2639.6355905761307,-1.9541066070574917,1.9541066070574917,0.07402940822717827,SushiSwap V2,Uniswap V3,-3.117582,-0.6235164,-3.850305,-0.770061,SushiSwap V2 -> Uniswap V3,496.882418,-3.117582,-0.6235164,False
26011555,2026-09-19 12:26:47+00:00,1000.0,2641.589697183188,2639.6355905761307,-1.9541066070574917,1.9541066070574917,0.07402940822717827,SushiSwap V2,Uniswap V3,-9.685405,-0.9685405,-11.141532,-1.1141532,SushiSwap V2 -> Uniswap V3,990.314595,-9.685405,-0.9685405,False
26011555,2026-09-19 12:26:47+00:00,5000.0,2641.589697183188,2639.6355905761307,-1.9541066070574917,1.9541066070574917,0.07402940822717827,SushiSwap V2,Uniswap V3,-182.240838,-3.64481676,-189.164992,-3.78329984,SushiSwap V2 -> Uniswap V3,4817.759162,-182.240838,-3.64481676,False
26011555,2026-09-19 12:26:47+00:00,10000.0,2641.589697183188,2639.6355905761307,-1.9541066070574917,1.9541066070574917,0.07402940822717827,SushiSwap V2,Uniswap V3,-679.33949,-6.7933949,-692.371709,-6.92371709,SushiSwap V2 -> Uniswap V3,9320.66051,-679.33949,-6.7933949,False
26011556,2026-09-19 12:26:59+00:00,100.0,2641.589697183188,2639.6355905761307,-1.9541066070574917,1.9541066070574917,0.07402940822717827,SushiSwap V2,Uniswap V3,-0.345762,-0.345762,-0.493059,-0.493059,SushiSwap V2 -> Uniswap V3,99.654238,-0.345762,-0.345762,False
26011556,2026-09-19 12:26:59+00:00,500.0,2641.589697183188,2639.6355905761307,-1.9541066070574917,1.9541066070574917,0.07402940822717827,SushiSwap V2,Uniswap V3,-3.117582,-0.6235164,-3.850305,-0.770061,SushiSwap V2 -> Uniswap V3,496.882418,-3.117582,-0.6235164,False
26011556,2026-09-19 12:26:59+00:00,1000.0,2641.589697183188,2639.6355905761307,-1.9541066070574917,1.9541066070574917,0.07402940822717827,SushiSwap V2,Uniswap V3,-9.685405,-0.9685405,-11.141532,-1.1141532,SushiSwap V2 -> Uniswap V3,990.314595,-9.685405,-0.9685405,False
26011556,2026-09-19 12:26:59+00:00,5000.0,2641.589697183188,2639.6355905761307,-1.9541066070574917,1.9541066070574917,0.07402940822717827,SushiSwap V2,Uniswap V3,-182.240838,-3.64481676,-189.164992,-3.78329984,SushiSwap V2 -> Uniswap V3,4817.759162,-182.240838,-3.64481676,False
26011556,2026-09-19 12:26:59+00:00,10000.0,2641.589697183188,2639.6355905761307,-1.9541066070574917,1.9541066070574917,0.07402940822717827,SushiSwap V2,Uniswap V3,-679.33949,-6.7933949,-692.371709,-6.92371709,SushiSwap V2 -> Uniswap V3,9320.66051,-679.33949,-6.7933949,False
26011557,2026-09-19 12:27:11+00:00,100.0,2641.589697183188,2639.6355905761307,-1.9541066070574917,1.9541066070574917,0.07402940822717827,SushiSwap V2,Uniswap V3,-0.345762,-0.345762,-0.493059,-0.493059,SushiSwap V2 -> Uniswap V3,99.654238,-0.345762,-0.345762,False
26011557,2026-09-19 12:27:11+00:00,500.0,2641.589697183188,2639.6355905761307,-1.9541066070574917,1.9541066070574917,0.07402940822717827,SushiSwap V2,Uniswap V3,-3.117582,-0.6235164,-3.850305,-0.770061,SushiSwap V2 -> Uniswap V3,496.882418,-3.117582,-0.6235164,False
26011557,2026-09-19 12:27:11+00:00,1000.0,2641.589697183188,2639.6355905761307,-1.9541066070574917,1.9541066070574917,0.07402940822717827,SushiSwap V2,Uniswap V3,-9.685405,-0.9685405,-11.141532,-1.1141532,SushiSwap V2 -> Uniswap V3,990.314595,-9.685405,-0.9685405,False
26011557,2026-09-19 12:27:11+00:00,5000.0,2641.589697183188,2639.6355905761307,-1.9541066070574917,1.9541066070574917,0.07402940822717827,SushiSwap V2,Uniswap V3,-182.240838,-3.64481676,-189.164992,-3.78329984,SushiSwap V2 -> Uniswap V3,4817.759162,-182.240838,-3.64481676,False
26011557,2026-09-19 12:27:11+00:00,10000.0,2641.589697183188,2639.6355905761307,-1.9541066070574917,1.9541066070574917,0.07402940822717827,SushiSwap V2,Uniswap V3,-679.33949,-6.7933949,-692.371709,-6.92371709,SushiSwap V2 -> Uniswap V3,9320.66051,-679.33949,-6.7933949,False
26011558,2026-09-19 12:27:23+00:00,100.0,2642.1294954367513,2639.6355905761307,-2.4939048606207885,2.4939048606207885,0.09447913452615879,SushiSwap V2,Uniswap V3,-0.325398,-0.325398,-0.513374,-0.513374,SushiSwap V2 -> Uniswap V3,99.674602,-0.325398,-0.325398,False
26011558,2026-09-19 12:27:23+00:00,500.0,2642.1294954367513,2639.6355905761307,-2.4939048606207885,2.4939048606207885,0.09447913452615879,SushiSwap V2,Uniswap V3,-3.016046,-0.6032092,-3.951318,-0.7902636,SushiSwap V2 -> Uniswap V3,496.983954,-3.016046,-0.6032092,False
26011558,2026-09-19 12:27:23+00:00,1000.0,2642.1294954367513,2639.6355905761307,-2.4939048606207885,2.4939048606207885,0.09447913452615879,SushiSwap V2,Uniswap V3,-9.483038,-0.9483038,-11.342159,-1.1342159,SushiSwap V2 -> Uniswap V3,990.516962,-9.483038,-0.9483038,False
26011558,2026-09-19 12:27:23+00:00,5000.0,2642.1294954367513,2639.6355905761307,-2.4939048606207885,2.4939048606207885,0.09447913452615879,SushiSwap V2,Uniswap V3,-181.256359,-3.62512718,-190.114721,-3.80229442,SushiSwap V2 -> Uniswap V3,4818.743641,-181.256359,-3.62512718,False
26011558,2026-09-19 12:27:23+00:00,10000.0,2642.1294954367513,2639.6355905761307,-2.4939048606207885,2.4939048606207885,0.09447913452615879,SushiSwap V2,Uniswap V3,-677.434891,-6.77434891,-694.149228,-6.94149228,SushiSwap V2 -> Uniswap V3,9322.565109,-677.434891,-6.77434891,False
26011559,2026-09-19 12:27:35+00:00,100.0,2642.1294954367513,2639.6355905761307,-2.4939048606207885,2.4939048606207885,0.09447913452615879,SushiSwap V2,Uniswap V3,-0.325398,-0.325398,-0.513374,-0.513374,SushiSwap V2 -> Uniswap V3,99.674602,-0.325398,-0.325398,False
26011559,2026-09-19 12:27:35+00:00,500.0,2642.1294954367513,2639.6355905761307,-2.4939048606207885,2.4939048606207885,0.09447913452615879,SushiSwap V2,Uniswap V3,-3.016046,-0.6032092,-3.951318,-0.7902636,SushiSwap V2 -> Uniswap V3,496.983954,-3.016046,-0.6032092,False
26011559,2026-09-19 12:27:35+00:00,1000.0,2642.1294954367513,2639.6355905761307,-2.4939048606207885,2.4939048606207885,0.09447913452615879,SushiSwap V2,Uniswap V3,-9.483038,-0.9483038,-11.342159,-1.1342159,SushiSwap V2 -> Uniswap V3,990.516962,-9.483038,-0.9483038,False
26011559,2026-09-19 12:27:35+00:00,5000.0,2642.1294954367513,2639.6355905761307,-2.4939048606207885,2.4939048606207885,0.09447913452615879,SushiSwap V2,Uniswap V3,-181.256359,-3.62512718,-190.114721,-3.80229442,SushiSwap V2 -> Uniswap V3,4818.743641,-181.256359,-3.62512718,False
26011559,2026-09-19 12:27:35+00:00,10000.0,2642.1294954367513,2639.6355905761307,-2.4939048606207885,2.4939048606207885,0.09447913452615879,SushiSwap V2,Uniswap V3,-677.434891,-6.77434891,-694.149228,-6.94149228,SushiSwap V2 -> Uniswap V3,9322.565109,-677.434891,-6.77434891,False
26011560,2026-09-19 12:27:47+00:00,100.0,2642.1294954367513,2639.6355905761307,-2.4939048606207885,2.4939048606207885,0.09447913452615879,SushiSwap V2,Uniswap V3,-0.325398,-0.325398,-0.513374,-0.513374,SushiSwap V2 -> Uniswap V3,99.674602,-0.325398,-0.325398,False
26011560,2026-09-19 12:27:47+00:00,500.0,2642.1294954367513,2639.6355905761307,-2.4939048606207885,2.4939048606207885,0.09447913452615879,SushiSwap V2,Uniswap V3,-3.016046,-0.6032092,-3.951318,-0.7902636,SushiSwap V2 -> Uniswap V3,496.983954,-3.016046,-0.6032092,False
26011560,2026-09-19 12:27:47+00:00,1000.0,2642.1294954367513,2639.6355905761307,-2.4939048606207885,2.4939048606207885,0.09447913452615879,SushiSwap V2,Uniswap V3,-9.483038,-0.9483038,-11.342159,-1.1342159,SushiSwap V2 -> Uniswap V3,990.516962,-9.483038,-0.9483038,False
26011560,2026-09-19 12:27:47+00:00,5000.0,2642.1294954367513,2639.6355905761307,-2.4939048606207885,2.4939048606207885,0.09447913452615879,SushiSwap V2,Uniswap V3,-181.256359,-3.62512718,-190.114721,-3.80229442,SushiSwap V2 -> Uniswap V3,4818.743641,-181.256359,-3.62512718,False
26011560,2026-09-19 12:27:47+00:00,10000.0,2642.1294954367513,2639.6355905761307,-2.4939048606207885,2.4939048606207885,0.09447913452615879,SushiSwap V2,Uniswap V3,-677.434891,-6.77434891,-694.149228,-6.94149228,SushiSwap V2 -> Uniswap V3,9322.565109,-677.434891,-6.77434891,False
26011561,2026-09-19 12:27:59+00:00,100.0,2642.1294954367513,2639.6355905761307,-2.4939048606207885,2.4939048606207885,0.09447913452615879,SushiSwap V2,Uniswap V3,-0.325398,-0.325398,-0.513374,-0.513374,SushiSwap V2 -> Uniswap V3,99.674602,-0.325398,-0.325398,False
26011561,2026-09-19 12:27:59+00:00,500.0,2642.1294954367513,2639.6355905761307,-2.4939048606207885,2.4939048606207885,0.09447913452615879,SushiSwap V2,Uniswap V3,-3.016046,-0.6032092,-3.951318,-0.7902636,SushiSwap V2 -> Uniswap V3,496.983954,-3.016046,-0.6032092,False
26011561,2026-09-19 12:27:59+00:00,1000.0,2642.1294954367513,2639.6355905761307,-2.4939048606207885,2.4939048606207885,0.09447913452615879,SushiSwap V2,Uniswap V3,-9.483038,-0.9483038,-11.342159,-1.1342159,SushiSwap V2 -> Uniswap V3,990.516962,-9.483038,-0.9483038,False
26011561,2026-09-19 12:27:59+00:00,5000.0,2642.1294954367513,2639.6355905761307,-2.4939048606207885,2.4939048606207885,0.09447913452615879,SushiSwap V2,Uniswap V3,-181.256359,-3.62512718,-190.114721,-3.80229442,SushiSwap V2 -> Uniswap V3,4818.743641,-181.256359,-3.62512718,False
26011561,2026-09-19 12:27:59+00:00,10000.0,2642.1294954367513,2639.6355905761307,-2.4939048606207885,2.4939048606207885,0.09447913452615879,SushiSwap V2,Uniswap V3,-677.434891,-6.77434891,-694.149228,-6.94149228,SushiSwap V2 -> Uniswap V3,9322.565109,-677.434891,-6.77434891,False
26011562,2026-09-19 12:28:11+00:00,100.0,2642.1294954367513,2639.6355905761307,-2.4939048606207885,2.4939048606207885,0.09447913452615879,SushiSwap V2,Uniswap V3,-0.325398,-0.325398,-0.513374,-0.513374,SushiSwap V2 -> Uniswap V3,99.674602,-0.325398,-0.325398,False
26011562,2026-09-19 12:28:11+00:00,500.0,2642.1294954367513,2639.6355905761307,-2.4939048606207885,2.4939048606207885,0.09447913452615879,SushiSwap V2,Uniswap V3,-3.016046,-0.6032092,-3.951318,-0.7902636,SushiSwap V2 -> Uniswap V3,496.983954,-3.016046,-0.6032092,False
26011562,2026-09-19 12:28:11+00:00,1000.0,2642.1294954367513,2639.6355905761307,-2.4939048606207885,2.4939048606207885,0.09447913452615879,SushiSwap V2,Uniswap V3,-9.483038,-0.9483038,-11.342159,-1.1342159,SushiSwap V2 -> Uniswap V3,990.516962,-9.483038,-0.9483038,False
26011562,2026-09-19 12:28:11+00:00,5000.0,2642.1294954367513,2639.6355905761307,-2.4939048606207885,2.4939048606207885,0.09447913452615879,SushiSwap V2,Uniswap V3,-181.256359,-3.62512718,-190.114721,-3.80229442,SushiSwap V2 -> Uniswap V3,4818.743641,-181.256359,-3.62512718,False
26011562,2026-09-19 12:28:11+00:00,10000.0,2642.1294954367513,2639.6355905761307,-2.4939048606207885,2.4939048606207885,0.09447913452615879,SushiSwap V2,Uniswap V3,-677.434891,-6.77434891,-694.149228,-6.94149228,SushiSwap V2 -> Uniswap V3,9322.565109,-677.434891,-6.77434891,False
26011563,2026-09-19 12:28:23+00:00,100.0,2642.1294954367513,2639.6355905761307,-2.4939048606207885,2.4939048606207885,0.09447913452615879,SushiSwap V2,Uniswap V3,-0.325398,-0.325398,-0.513374,-0.513374,SushiSwap V2 -> Uniswap V3,99.674602,-0.325398,-0.325398,False
26011563,2026-09-19 12:28:23+00:00,500.0,2642.1294954367513,2639.6355905761307,-2.4939048606207885,2.4939048606207885,0.09447913452615879,SushiSwap V2,Uniswap V3,-3.016046,-0.6032092,-3.951318,-0.7902636,SushiSwap V2 -> Uniswap V3,496.983954,-3.016046,-0.6032092,False
26011563,2026-09-19 12:28:23+00:00,1000.0,2642.1294954367513,2639.6355905761307,-2.4939048606207885,2.4939048606207885,0.09447913452615879,SushiSwap V2,Uniswap V3,-9.483038,-0.9483038,-11.342159,-1.1342159,SushiSwap V2 -> Uniswap V3,990.516962,-9.483038,-0.9483038,False
26011563,2026-09-19 12:28:23+00:00,5000.0,2642.1294954367513,2639.6355905761307,-2.4939048606207885,2.4939048606207885,0.09447913452615879,SushiSwap V2,Uniswap V3,-181.256359,-3.62512718,-190.114721,-3.80229442,SushiSwap V2 -> Uniswap V3,4818.743641,-181.256359,-3.62512718,False
26011563,2026-09-19 12:28:23+00:00,10000.0,2642.1294954367513,2639.6355905761307,-2.4939048606207885,2.4939048606207885,0.09447913452615879,SushiSwap V2,Uniswap V3,-677.434891,-6.77434891,-694.149228,-6.94149228,SushiSwap V2 -> Uniswap V3,9322.565109,-677.434891,-6.77434891,False
26011564,2026-09-19 12:28:35+00:00,100.0,2642.1294954367513,2639.6355905761307,-2.4939048606207885,2.4939048606207885,0.09447913452615879,SushiSwap V2,Uniswap V3,-0.325398,-0.325398,-0.513374,-0.513374,SushiSwap V2 -> Uniswap V3,99.674602,-0.325398,-0.325398,False
26011564,2026-09-19 12:28:35+00:00,500.0,2642.1294954367513,2639.6355905761307,-2.4939048606207885,2.4939048606207885,0.09447913452615879,SushiSwap V2,Uniswap V3,-3.016047,-0.6032094,-3.951319,-0.7902638,SushiSwap V2 -> Uniswap V3,496.983953,-3.016047,-0.6032094,False
26011564,2026-09-19 12:28:35+00:00,1000.0,2642.1294954367513,2639.6355905761307,-2.4939048606207885,2.4939048606207885,0.09447913452615879,SushiSwap V2,Uniswap V3,-9.483041,-0.9483041,-11.342162,-1.1342162,SushiSwap V2 -> Uniswap V3,990.516959,-9.483041,-0.9483041,False
26011564,2026-09-19 12:28:35+00:00,5000.0,2642.1294954367513,2639.6355905761307,-2.4939048606207885,2.4939048606207885,0.09447913452615879,SushiSwap V2,Uniswap V3,-181.256419,-3.62512838,-190.11478,-3.8022956,SushiSwap V2 -> Uniswap V3,4818.743581,-181.256419,-3.62512838,False
26011564,2026-09-19 12:28:35+00:00,10000.0,2642.1294954367513,2639.6355905761307,-2.4939048606207885,2.4939048606207885,0.09447913452615879,SushiSwap V2,Uniswap V3,-677.435112,-6.77435112,-694.14945,-6.9414945,SushiSwap V2 -> Uniswap V3,9322.564888,-677.435112,-6.77435112,False
26011565,2026-09-19 12:28:47+00:00,100.0,2642.128833878335,2639.6355905761307,-2.493243302204321,2.493243302204321,0.09445407203575938,SushiSwap V2,Uniswap V3,-0.325423,-0.325423,-0.513349,-0.513349,SushiSwap V2 -> Uniswap V3,99.674577,-0.325423,-0.325423,False
26011565,2026-09-19 12:28:47+00:00,500.0,2642.128833878335,2639.6355905761307,-2.493243302204321,2.493243302204321,0.09445407203575938,SushiSwap V2,Uniswap V3,-3.016171,-0.6032342,-3.951195,-0.790239,SushiSwap V2 -> Uniswap V3,496.983829,-3.016171,-0.6032342,False
26011565,2026-09-19 12:28:47+00:00,1000.0,2642.128833878335,2639.6355905761307,-2.493243302204321,2.493243302204321,0.09445407203575938,SushiSwap V2,Uniswap V3,-9.483289,-0.9483289,-11.341916,-1.1341916,SushiSwap V2 -> Uniswap V3,990.516711,-9.483289,-0.9483289,False
26011565,2026-09-19 12:28:47+00:00,5000.0,2642.128833878335,2639.6355905761307,-2.493243302204321,2.493243302204321,0.09445407203575938,SushiSwap V2,Uniswap V3,-181.257625,-3.6251525,-190.113616,-3.80227232,SushiSwap V2 -> Uniswap V3,4818.742375,-181.257625,-3.6251525,False
26011565,2026-09-19 12:28:47+00:00,10000.0,2642.128833878335,2639.6355905761307,-2.493243302204321,2.493243302204321,0.09445407203575938,SushiSwap V2,Uniswap V3,-677.437446,-6.77437446,-694.147272,-6.94147272,SushiSwap V2 -> Uniswap V3,9322.562554,-677.437446,-6.77437446,False
26011566,2026-09-19 12:28:59+00:00,100.0,2641.8354222282164,2639.6355905761307,-2.1998316520856185,2.1998316520856185,0.08333846004877818,SushiSwap V2,Uniswap V3,-0.336492,-0.336492,-0.502308,-0.502308,SushiSwap V2 -> Uniswap V3,99.663508,-0.336492,-0.336492,False
26011566,2026-09-19 12:28:59+00:00,500.0,2641.8354222282164,2639.6355905761307,-2.1998316520856185,2.1998316520856185,0.08333846004877818,SushiSwap V2,Uniswap V3,-3.071362,-0.6142724,-3.896294,-0.7792588,SushiSwap V2 -> Uniswap V3,496.928638,-3.071362,-0.6142724,False
26011566,2026-09-19 12:28:59+00:00,1000.0,2641.8354222282164,2639.6355905761307,-2.1998316520856185,2.1998316520856185,0.08333846004877818,SushiSwap V2,Uniswap V3,-9.593287,-0.9593287,-11.232873,-1.1232873,SushiSwap V2 -> Uniswap V3,990.406713,-9.593287,-0.9593287,False
26011566,2026-09-19 12:28:59+00:00,5000.0,2641.8354222282164,2639.6355905761307,-2.1998316520856185,2.1998316520856185,0.08333846004877818,SushiSwap V2,Uniswap V3,-181.792747,-3.63585494,-189.59743,-3.7919486,SushiSwap V2 -> Uniswap V3,4818.207253,-181.792747,-3.63585494,False
26011566,2026-09-19 12:28:59+00:00,10000.0,2641.8354222282164,2639.6355905761307,-2.1998316520856185,2.1998316520856185,0.08333846004877818,SushiSwap V2,Uniswap V3,-678.472707,-6.78472707,-693.181171,-6.93181171,SushiSwap V2 -> Uniswap V3,9321.527293,-678.472707,-6.78472707,False
26011567,2026-09-19 12:29:11+00:00,100.0,2641.8348529837167,2639.6355905761307,-2.199262407585979,2.199262407585979,0.08331689478038765,SushiSwap V2,Uniswap V3,-0.336513,-0.336513,-0.502286,-0.502286,SushiSwap V2 -> Uniswap V3,99.663487,-0.336513,-0.336513,False
26011567,2026-09-19 12:29:11+00:00,500.0,2641.8348529837167,2639.6355905761307,-2.199262407585979,2.199262407585979,0.08331689478038765,SushiSwap V2,Uniswap V3,-3.071469,-0.6142938,-3.896187,-0.7792374,SushiSwap V2 -> Uniswap V3,496.928531,-3.071469,-0.6142938,False
26011567,2026-09-19 12:29:11+00:00,1000.0,2641.8348529837167,2639.6355905761307,-2.199262407585979,2.199262407585979,0.08331689478038765,SushiSwap V2,Uniswap V3,-9.5935,-0.95935,-11.232662,-1.1232662,SushiSwap V2 -> Uniswap V3,990.4065,-9.5935,-0.95935,False
26011567,2026-09-19 12:29:11+00:00,5000.0,2641.8348529837167,2639.6355905761307,-2.199262407585979,2.199262407585979,0.08331689478038765,SushiSwap V2,Uniswap V3,-181.793785,-3.6358757,-189.596429,-3.79192858,SushiSwap V2 -> Uniswap V3,4818.206215,-181.793785,-3.6358757,False
26011567,2026-09-19 12:29:11+00:00,10000.0,2641.8348529837167,2639.6355905761307,-2.199262407585979,2.199262407585979,0.08331689478038765,SushiSwap V2,Uniswap V3,-678.474715,-6.78474715,-693.179296,-6.93179296,SushiSwap V2 -> Uniswap V3,9321.525285,-678.474715,-6.78474715,False
26011568,2026-09-19 12:29:23+00:00,100.0,2641.8348529837167,2639.6355905761307,-2.199262407585979,2.199262407585979,0.08331689478038765,SushiSwap V2,Uniswap V3,-0.336513,-0.336513,-0.502286,-0.502286,SushiSwap V2 -> Uniswap V3,99.663487,-0.336513,-0.336513,False
26011568,2026-09-19 12:29:23+00:00,500.0,2641.8348529837167,2639.6355905761307,-2.199262407585979,2.199262407585979,0.08331689478038765,SushiSwap V2,Uniswap V3,-3.071469,-0.6142938,-3.896187,-0.7792374,SushiSwap V2 -> Uniswap V3,496.928531,-3.071469,-0.6142938,False
26011568,2026-09-19 12:29:23+00:00,1000.0,2641.8348529837167,2639.6355905761307,-2.199262407585979,2.199262407585979,0.08331689478038765,SushiSwap V2,Uniswap V3,-9.5935,-0.95935,-11.232662,-1.1232662,SushiSwap V2 -> Uniswap V3,990.4065,-9.5935,-0.95935,False
26011568,2026-09-19 12:29:23+00:00,5000.0,2641.8348529837167,2639.6355905761307,-2.199262407585979,2.199262407585979,0.08331689478038765,SushiSwap V2,Uniswap V3,-181.793785,-3.6358757,-189.596429,-3.79192858,SushiSwap V2 -> Uniswap V3,4818.206215,-181.793785,-3.6358757,False
26011568,2026-09-19 12:29:23+00:00,10000.0,2641.8348529837167,2639.6355905761307,-2.199262407585979,2.199262407585979,0.08331689478038765,SushiSwap V2,Uniswap V3,-678.474715,-6.78474715,-693.179296,-6.93179296,SushiSwap V2 -> Uniswap V3,9321.525285,-678.474715,-6.78474715,False
26011569,2026-09-19 12:29:35+00:00,100.0,2641.8348529837167,2639.6355905761307,-2.199262407585979,2.199262407585979,0.08331689478038765,SushiSwap V2,Uniswap V3,-0.336513,-0.336513,-0.502286,-0.502286,SushiSwap V2 -> Uniswap V3,99.663487,-0.336513,-0.336513,False
26011569,2026-09-19 12:29:35+00:00,500.0,2641.8348529837167,2639.6355905761307,-2.199262407585979,2.199262407585979,0.08331689478038765,SushiSwap V2,Uniswap V3,-3.071469,-0.6142938,-3.896187,-0.7792374,SushiSwap V2 -> Uniswap V3,496.928531,-3.071469,-0.6142938,False
26011569,2026-09-19 12:29:35+00:00,1000.0,2641.8348529837167,2639.6355905761307,-2.199262407585979,2.199262407585979,0.08331689478038765,SushiSwap V2,Uniswap V3,-9.5935,-0.95935,-11.232662,-1.1232662,SushiSwap V2 -> Uniswap V3,990.4065,-9.5935,-0.95935,False
26011569,2026-09-19 12:29:35+00:00,5000.0,2641.8348529837167,2639.6355905761307,-2.199262407585979,2.199262407585979,0.08331689478038765,SushiSwap V2,Uniswap V3,-181.793785,-3.6358757,-189.596429,-3.79192858,SushiSwap V2 -> Uniswap V3,4818.206215,-181.793785,-3.6358757,False
26011569,2026-09-19 12:29:35+00:00,10000.0,2641.8348529837167,2639.6355905761307,-2.199262407585979,2.199262407585979,0.08331689478038765,SushiSwap V2,Uniswap V3,-678.474715,-6.78474715,-693.179296,-6.93179296,SushiSwap V2 -> Uniswap V3,9321.525285,-678.474715,-6.78474715,False
26011570,2026-09-19 12:29:47+00:00,100.0,2641.8348529837167,2639.6355905761307,-2.199262407585979,2.199262407585979,0.08331689478038765,SushiSwap V2,Uniswap V3,-0.336513,-0.336513,-0.502286,-0.502286,SushiSwap V2 -> Uniswap V3,99.663487,-0.336513,-0.336513,False
26011570,2026-09-19 12:29:47+00:00,500.0,2641.8348529837167,2639.6355905761307,-2.199262407585979,2.199262407585979,0.08331689478038765,SushiSwap V2,Uniswap V3,-3.071469,-0.6142938,-3.896187,-0.7792374,SushiSwap V2 -> Uniswap V3,496.928531,-3.071469,-0.6142938,False
26011570,2026-09-19 12:29:47+00:00,1000.0,2641.8348529837167,2639.6355905761307,-2.199262407585979,2.199262407585979,0.08331689478038765,SushiSwap V2,Uniswap V3,-9.5935,-0.95935,-11.232662,-1.1232662,SushiSwap V2 -> Uniswap V3,990.4065,-9.5935,-0.95935,False
26011570,2026-09-19 12:29:47+00:00,5000.0,2641.8348529837167,2639.6355905761307,-2.199262407585979,2.199262407585979,0.08331689478038765,SushiSwap V2,Uniswap V3,-181.793785,-3.6358757,-189.596429,-3.79192858,SushiSwap V2 -> Uniswap V3,4818.206215,-181.793785,-3.6358757,False
26011570,2026-09-19 12:29:47+00:00,10000.0,2641.8348529837167,2639.6355905761307,-2.199262407585979,2.199262407585979,0.08331689478038765,SushiSwap V2,Uniswap V3,-678.474715,-6.78474715,-693.179296,-6.93179296,SushiSwap V2 -> Uniswap V3,9321.525285,-678.474715,-6.78474715,False
26011571,2026-09-19 12:29:59+00:00,100.0,2641.834851185209,2639.6355905761307,-2.199260609078513,2.199260609078513,0.08331682664569996,SushiSwap V2,Uniswap V3,-0.336513,-0.336513,-0.502286,-0.502286,SushiSwap V2 -> Uniswap V3,99.663487,-0.336513,-0.336513,False
26011571,2026-09-19 12:29:59+00:00,500.0,2641.834851185209,2639.6355905761307,-2.199260609078513,2.199260609078513,0.08331682664569996,SushiSwap V2,Uniswap V3,-3.071469,-0.6142938,-3.896187,-0.7792374,SushiSwap V2 -> Uniswap V3,496.928531,-3.071469,-0.6142938,False
26011571,2026-09-19 12:29:59+00:00,1000.0,2641.834851185209,2639.6355905761307,-2.199260609078513,2.199260609078513,0.08331682664569996,SushiSwap V2,Uniswap V3,-9.593501,-0.9593501,-11.232661,-1.1232661,SushiSwap V2 -> Uniswap V3,990.406499,-9.593501,-0.9593501,False
26011571,2026-09-19 12:29:59+00:00,5000.0,2641.834851185209,2639.6355905761307,-2.199260609078513,2.199260609078513,0.08331682664569996,SushiSwap V2,Uniswap V3,-181.793788,-3.63587576,-189.596425,-3.7919285,SushiSwap V2 -> Uniswap V3,4818.206212,-181.793788,-3.63587576,False
26011571,2026-09-19 12:29:59+00:00,10000.0,2641.834851185209,2639.6355905761307,-2.199260609078513,2.199260609078513,0.08331682664569996,SushiSwap V2,Uniswap V3,-678.474721,-6.78474721,-693.17929,-6.9317929,SushiSwap V2 -> Uniswap V3,9321.525279,-678.474721,-6.78474721,False
26011572,2026-09-19 12:30:11+00:00,100.0,2641.766870054216,2639.6355905761307,-2.1312794780849083,2.1312794780849083,0.08074142831282753,SushiSwap V2,Uniswap V3,-0.339078,-0.339078,-0.499728,-0.499728,SushiSwap V2 -> Uniswap V3,99.660922,-0.339078,-0.339078,False
26011572,2026-09-19 12:30:11+00:00,500.0,2641.766870054216,2639.6355905761307,-2.1312794780849083,2.1312794780849083,0.08074142831282753,SushiSwap V2,Uniswap V3,-3.084256,-0.6168512,-3.883465,-0.776693,SushiSwap V2 -> Uniswap V3,496.915744,-3.084256,-0.6168512,False
26011572,2026-09-19 12:30:11+00:00,1000.0,2641.766870054216,2639.6355905761307,-2.1312794780849083,2.1312794780849083,0.08074142831282753,SushiSwap V2,Uniswap V3,-9.618987,-0.9618987,-11.207393,-1.1207393,SushiSwap V2 -> Uniswap V3,990.381013,-9.618987,-0.9618987,False
26011572,2026-09-19 12:30:11+00:00,5000.0,2641.766870054216,2639.6355905761307,-2.1312794780849083,2.1312794780849083,0.08074142831282753,SushiSwap V2,Uniswap V3,-181.917771,-3.63835542,-189.476813,-3.78953626,SushiSwap V2 -> Uniswap V3,4818.082229,-181.917771,-3.63835542,False
26011572,2026-09-19 12:30:11+00:00,10000.0,2641.766870054216,2639.6355905761307,-2.1312794780849083,2.1312794780849083,0.08074142831282753,SushiSwap V2,Uniswap V3,-678.714583,-6.78714583,-692.955424,-6.92955424,SushiSwap V2 -> Uniswap V3,9321.285417,-678.714583,-6.78714583,False
26011573,2026-09-19 12:30:23+00:00,100.0,2641.7569046072445,2639.6355905761307,-2.1213140311135397,2.1213140311135397,0.08036389714879312,SushiSwap V2,Uniswap V3,-0.339454,-0.339454,-0.499353,-0.499353,SushiSwap V2 -> Uniswap V3,99.660546,-0.339454,-0.339454,False
26011573,2026-09-19 12:30:23+00:00,500.0,2641.7569046072445,2639.6355905761307,-2.1213140311135397,2.1213140311135397,0.08036389714879312,SushiSwap V2,Uniswap V3,-3.086131,-0.6172262,-3.8816,-0.77632,SushiSwap V2 -> Uniswap V3,496.913869,-3.086131,-0.6172262,False
26011573,2026-09-19 12:30:23+00:00,1000.0,2641.7569046072445,2639.6355905761307,-2.1213140311135397,2.1213140311135397,0.08036389714879312,SushiSwap V2,Uniswap V3,-9.622722,-0.9622722,-11.203689,-1.1203689,SushiSwap V2 -> Uniswap V3,990.377278,-9.622722,-0.9622722,False
26011573,2026-09-19 12:30:23+00:00,5000.0,2641.7569046072445,2639.6355905761307,-2.1213140311135397,2.1213140311135397,0.08036389714879312,SushiSwap V2,Uniswap V3,-181.935946,-3.63871892,-189.459279,-3.78918558,SushiSwap V2 -> Uniswap V3,4818.064054,-181.935946,-3.63871892,False
26011573,2026-09-19 12:30:23+00:00,10000.0,2641.7569046072445,2639.6355905761307,-2.1213140311135397,2.1213140311135397,0.08036389714879312,SushiSwap V2,Uniswap V3,-678.749745,-6.78749745,-692.922606,-6.92922606,SushiSwap V2 -> Uniswap V3,9321.250255,-678.749745,-6.78749745,False
26011574,2026-09-19 12:30:35+00:00,100.0,2641.7569046072445,2639.6355905761307,-2.1213140311135397,2.1213140311135397,0.08036389714879312,SushiSwap V2,Uniswap V3,-0.339454,-0.339454,-0.499353,-0.499353,SushiSwap V2 -> Uniswap V3,99.660546,-0.339454,-0.339454,False
26011574,2026-09-19 12:30:35+00:00,500.0,2641.7569046072445,2639.6355905761307,-2.1213140311135397,2.1213140311135397,0.08036389714879312,SushiSwap V2,Uniswap V3,-3.086131,-0.6172262,-3.8816,-0.77632,SushiSwap V2 -> Uniswap V3,496.913869,-3.086131,-0.6172262,False
26011574,2026-09-19 12:30:35+00:00,1000.0,2641.7569046072445,2639.6355905761307,-2.1213140311135397,2.1213140311135397,0.08036389714879312,SushiSwap V2,Uniswap V3,-9.622722,-0.9622722,-11.203689,-1.1203689,SushiSwap V2 -> Uniswap V3,990.377278,-9.622722,-0.9622722,False
26011574,2026-09-19 12:30:35+00:00,5000.0,2641.7569046072445,2639.6355905761307,-2.1213140311135397,2.1213140311135397,0.08036389714879312,SushiSwap V2,Uniswap V3,-181.935946,-3.63871892,-189.459279,-3.78918558,SushiSwap V2 -> Uniswap V3,4818.064054,-181.935946,-3.63871892,False
26011574,2026-09-19 12:30:35+00:00,10000.0,2641.7569046072445,2639.6355905761307,-2.1213140311135397,2.1213140311135397,0.08036389714879312,SushiSwap V2,Uniswap V3,-678.749745,-6.78749745,-692.922606,-6.92922606,SushiSwap V2 -> Uniswap V3,9321.250255,-678.749745,-6.78749745,False
26011575,2026-09-19 12:30:47+00:00,100.0,2641.756905427859,2639.6355905761307,-2.121314851728244,2.121314851728244,0.08036392823697466,SushiSwap V2,Uniswap V3,-0.339454,-0.339454,-0.499353,-0.499353,SushiSwap V2 -> Uniswap V3,99.660546,-0.339454,-0.339454,False
26011575,2026-09-19 12:30:47+00:00,500.0,2641.756905427859,2639.6355905761307,-2.121314851728244,2.121314851728244,0.08036392823697466,SushiSwap V2,Uniswap V3,-3.086131,-0.6172262,-3.8816,-0.77632,SushiSwap V2 -> Uniswap V3,496.913869,-3.086131,-0.6172262,False
26011575,2026-09-19 12:30:47+00:00,1000.0,2641.756905427859,2639.6355905761307,-2.121314851728244,2.121314851728244,0.08036392823697466,SushiSwap V2,Uniswap V3,-9.622722,-0.9622722,-11.203689,-1.1203689,SushiSwap V2 -> Uniswap V3,990.377278,-9.622722,-0.9622722,False
26011575,2026-09-19 12:30:47+00:00,5000.0,2641.756905427859,2639.6355905761307,-2.121314851728244,2.121314851728244,0.08036392823697466,SushiSwap V2,Uniswap V3,-181.935945,-3.6387189,-189.45928,-3.7891856,SushiSwap V2 -> Uniswap V3,4818.064055,-181.935945,-3.6387189,False
26011575,2026-09-19 12:30:47+00:00,10000.0,2641.756905427859,2639.6355905761307,-2.121314851728244,2.121314851728244,0.08036392823697466,SushiSwap V2,Uniswap V3,-678.749742,-6.78749742,-692.922609,-6.92922609,SushiSwap V2 -> Uniswap V3,9321.250258,-678.749742,-6.78749742,False
26011576,2026-09-19 12:30:59+00:00,100.0,2641.756905427859,2639.6355905761307,-2.121314851728244,2.121314851728244,0.08036392823697466,SushiSwap V2,Uniswap V3,-0.339454,-0.339454,-0.499353,-0.499353,SushiSwap V2 -> Uniswap V3,99.660546,-0.339454,-0.339454,False
26011576,2026-09-19 12:30:59+00:00,500.0,2641.756905427859,2639.6355905761307,-2.121314851728244,2.121314851728244,0.08036392823697466,SushiSwap V2,Uniswap V3,-3.086131,-0.6172262,-3.8816,-0.77632,SushiSwap V2 -> Uniswap V3,496.913869,-3.086131,-0.6172262,False
26011576,2026-09-19 12:30:59+00:00,1000.0,2641.756905427859,2639.6355905761307,-2.121314851728244,2.121314851728244,0.08036392823697466,SushiSwap V2,Uniswap V3,-9.622722,-0.9622722,-11.203689,-1.1203689,SushiSwap V2 -> Uniswap V3,990.377278,-9.622722,-0.9622722,False
26011576,2026-09-19 12:30:59+00:00,5000.0,2641.756905427859,2639.6355905761307,-2.121314851728244,2.121314851728244,0.08036392823697466,SushiSwap V2,Uniswap V3,-181.935945,-3.6387189,-189.45928,-3.7891856,SushiSwap V2 -> Uniswap V3,4818.064055,-181.935945,-3.6387189,False
26011576,2026-09-19 12:30:59+00:00,10000.0,2641.756905427859,2639.6355905761307,-2.121314851728244,2.121314851728244,0.08036392823697466,SushiSwap V2,Uniswap V3,-678.749742,-6.78749742,-692.922609,-6.92922609,SushiSwap V2 -> Uniswap V3,9321.250258,-678.749742,-6.78749742,False
26011577,2026-09-19 12:31:11+00:00,100.0,2641.756905427859,2639.6355905761307,-2.121314851728244,2.121314851728244,0.08036392823697466,SushiSwap V2,Uniswap V3,-0.339454,-0.339454,-0.499353,-0.499353,SushiSwap V2 -> Uniswap V3,99.660546,-0.339454,-0.339454,False
26011577,2026-09-19 12:31:11+00:00,500.0,2641.756905427859,2639.6355905761307,-2.121314851728244,2.121314851728244,0.08036392823697466,SushiSwap V2,Uniswap V3,-3.086131,-0.6172262,-3.8816,-0.77632,SushiSwap V2 -> Uniswap V3,496.913869,-3.086131,-0.6172262,False
26011577,2026-09-19 12:31:11+00:00,1000.0,2641.756905427859,2639.6355905761307,-2.121314851728244,2.121314851728244,0.08036392823697466,SushiSwap V2,Uniswap V3,-9.622722,-0.9622722,-11.203689,-1.1203689,SushiSwap V2 -> Uniswap V3,990.377278,-9.622722,-0.9622722,False
26011577,2026-09-19 12:31:11+00:00,5000.0,2641.756905427859,2639.6355905761307,-2.121314851728244,2.121314851728244,0.08036392823697466,SushiSwap V2,Uniswap V3,-181.935945,-3.6387189,-189.45928,-3.7891856,SushiSwap V2 -> Uniswap V3,4818.064055,-181.935945,-3.6387189,False
26011577,2026-09-19 12:31:11+00:00,10000.0,2641.756905427859,2639.6355905761307,-2.121314851728244,2.121314851728244,0.08036392823697466,SushiSwap V2,Uniswap V3,-678.749742,-6.78749742,-692.922609,-6.92922609,SushiSwap V2 -> Uniswap V3,9321.250258,-678.749742,-6.78749742,False
26011578,2026-09-19 12:31:23+00:00,100.0,2641.756905427859,2639.6355905761307,-2.121314851728244,2.121314851728244,0.08036392823697466,SushiSwap V2,Uniswap V3,-0.339454,-0.339454,-0.499353,-0.499353,SushiSwap V2 -> Uniswap V3,99.660546,-0.339454,-0.339454,False
26011578,2026-09-19 12:31:23+00:00,500.0,2641.756905427859,2639.6355905761307,-2.121314851728244,2.121314851728244,0.08036392823697466,SushiSwap V2,Uniswap V3,-3.086131,-0.6172262,-3.8816,-0.77632,SushiSwap V2 -> Uniswap V3,496.913869,-3.086131,-0.6172262,False
26011578,2026-09-19 12:31:23+00:00,1000.0,2641.756905427859,2639.6355905761307,-2.121314851728244,2.121314851728244,0.08036392823697466,SushiSwap V2,Uniswap V3,-9.622722,-0.9622722,-11.203689,-1.1203689,SushiSwap V2 -> Uniswap V3,990.377278,-9.622722,-0.9622722,False
26011578,2026-09-19 12:31:23+00:00,5000.0,2641.756905427859,2639.6355905761307,-2.121314851728244,2.121314851728244,0.08036392823697466,SushiSwap V2,Uniswap V3,-181.935945,-3.6387189,-189.45928,-3.7891856,SushiSwap V2 -> Uniswap V3,4818.064055,-181.935945,-3.6387189,False
26011578,2026-09-19 12:31:23+00:00,10000.0,2641.756905427859,2639.6355905761307,-2.121314851728244,2.121314851728244,0.08036392823697466,SushiSwap V2,Uniswap V3,-678.749742,-6.78749742,-692.922609,-6.92922609,SushiSwap V2 -> Uniswap V3,9321.250258,-678.749742,-6.78749742,False
26011579,2026-09-19 12:31:35+00:00,100.0,2641.7569036359173,2639.6355905761307,-2.121313059786438,2.121313059786438,0.08036386035102054,SushiSwap V2,Uniswap V3,-0.339454,-0.339454,-0.499353,-0.499353,SushiSwap V2 -> Uniswap V3,99.660546,-0.339454,-0.339454,False
26011579,2026-09-19 12:31:35+00:00,500.0,2641.7569036359173,2639.6355905761307,-2.121313059786438,2.121313059786438,0.08036386035102054,SushiSwap V2,Uniswap V3,-3.086131,-0.6172262,-3.8816,-0.77632,SushiSwap V2 -> Uniswap V3,496.913869,-3.086131,-0.6172262,False
26011579,2026-09-19 12:31:35+00:00,1000.0,2641.7569036359173,2639.6355905761307,-2.121313059786438,2.121313059786438,0.08036386035102054,SushiSwap V2,Uniswap V3,-9.622723,-0.9622723,-11.203689,-1.1203689,SushiSwap V2 -> Uniswap V3,990.377277,-9.622723,-0.9622723,False
26011579,2026-09-19 12:31:35+00:00,5000.0,2641.7569036359173,2639.6355905761307,-2.121313059786438,2.121313059786438,0.08036386035102054,SushiSwap V2,Uniswap V3,-181.935948,-3.63871896,-189.459277,-3.78918554,SushiSwap V2 -> Uniswap V3,4818.064052,-181.935948,-3.63871896,False
26011579,2026-09-19 12:31:35+00:00,10000.0,2641.7569036359173,2639.6355905761307,-2.121313059786438,2.121313059786438,0.08036386035102054,SushiSwap V2,Uniswap V3,-678.749748,-6.78749748,-692.922603,-6.92922603,SushiSwap V2 -> Uniswap V3,9321.250252,-678.749748,-6.78749748,False
26011580,2026-09-19 12:31:47+00:00,100.0,2641.5377972701535,2639.6355905761307,-1.9022066940230495,1.9022066940230495,0.07206323103136639,SushiSwap V2,Uniswap V3,-0.34772,-0.34772,-0.491105,-0.491105,SushiSwap V2 -> Uniswap V3,99.65228,-0.34772,-0.34772,False
26011580,2026-09-19 12:31:47+00:00,500.0,2641.5377972701535,2639.6355905761307,-1.9022066940230495,1.9022066940230495,0.07206323103136639,SushiSwap V2,Uniswap V3,-3.127345,-0.625469,-3.840592,-0.7681184,SushiSwap V2 -> Uniswap V3,496.872655,-3.127345,-0.625469,False
26011580,2026-09-19 12:31:47+00:00,1000.0,2641.5377972701535,2639.6355905761307,-1.9022066940230495,1.9022066940230495,0.07206323103136639,SushiSwap V2,Uniswap V3,-9.704864,-0.9704864,-11.12224,-1.112224,SushiSwap V2 -> Uniswap V3,990.295136,-9.704864,-0.9704864,False
26011580,2026-09-19 12:31:47+00:00,5000.0,2641.5377972701535,2639.6355905761307,-1.9022066940230495,1.9022066940230495,0.07206323103136639,SushiSwap V2,Uniswap V3,-182.335552,-3.64671104,-189.073718,-3.78147436,SushiSwap V2 -> Uniswap V3,4817.664448,-182.335552,-3.64671104,False
26011580,2026-09-19 12:31:47+00:00,10000.0,2641.5377972701535,2639.6355905761307,-1.9022066940230495,1.9022066940230495,0.07206323103136639,SushiSwap V2,Uniswap V3,-679.522833,-6.79522833,-692.200992,-6.92200992,SushiSwap V2 -> Uniswap V3,9320.477167,-679.522833,-6.79522833,False
26011581,2026-09-19 12:31:59+00:00,100.0,2641.436834573034,2639.6355905761307,-1.8012439969032812,1.8012439969032812,0.06823835848152582,SushiSwap V2,Uniswap V3,-0.351528,-0.351528,-0.487304,-0.487304,SushiSwap V2 -> Uniswap V3,99.648472,-0.351528,-0.351528,False
26011581,2026-09-19 12:31:59+00:00,500.0,2641.436834573034,2639.6355905761307,-1.8012439969032812,1.8012439969032812,0.06823835848152582,SushiSwap V2,Uniswap V3,-3.146336,-0.6292672,-3.821693,-0.7643386,SushiSwap V2 -> Uniswap V3,496.853664,-3.146336,-0.6292672,False
26011581,2026-09-19 12:31:59+00:00,1000.0,2641.436834573034,2639.6355905761307,-1.8012439969032812,1.8012439969032812,0.06823835848152582,SushiSwap V2,Uniswap V3,-9.742714,-0.9742714,-11.084705,-1.1084705,SushiSwap V2 -> Uniswap V3,990.257286,-9.742714,-0.9742714,False
26011581,2026-09-19 12:31:59+00:00,5000.0,2641.436834573034,2639.6355905761307,-1.8012439969032812,1.8012439969032812,0.06823835848152582,SushiSwap V2,Uniswap V3,-182.519687,-3.65039374,-188.896035,-3.7779207,SushiSwap V2 -> Uniswap V3,4817.480313,-182.519687,-3.65039374,False
26011581,2026-09-19 12:31:59+00:00,10000.0,2641.436834573034,2639.6355905761307,-1.8012439969032812,1.8012439969032812,0.06823835848152582,SushiSwap V2,Uniswap V3,-679.879037,-6.79879037,-691.868441,-6.91868441,SushiSwap V2 -> Uniswap V3,9320.120963,-679.879037,-6.79879037,False
26011582,2026-09-19 12:32:11+00:00,100.0,2641.436834573034,2639.6355905761307,-1.8012439969032812,1.8012439969032812,0.06823835848152582,SushiSwap V2,Uniswap V3,-0.351528,-0.351528,-0.487304,-0.487304,SushiSwap V2 -> Uniswap V3,99.648472,-0.351528,-0.351528,False
26011582,2026-09-19 12:32:11+00:00,500.0,2641.436834573034,2639.6355905761307,-1.8012439969032812,1.8012439969032812,0.06823835848152582,SushiSwap V2,Uniswap V3,-3.146336,-0.6292672,-3.821693,-0.7643386,SushiSwap V2 -> Uniswap V3,496.853664,-3.146336,-0.6292672,False
26011582,2026-09-19 12:32:11+00:00,1000.0,2641.436834573034,2639.6355905761307,-1.8012439969032812,1.8012439969032812,0.06823835848152582,SushiSwap V2,Uniswap V3,-9.742714,-0.9742714,-11.084705,-1.1084705,SushiSwap V2 -> Uniswap V3,990.257286,-9.742714,-0.9742714,False
26011582,2026-09-19 12:32:11+00:00,5000.0,2641.436834573034,2639.6355905761307,-1.8012439969032812,1.8012439969032812,0.06823835848152582,SushiSwap V2,Uniswap V3,-182.519687,-3.65039374,-188.896035,-3.7779207,SushiSwap V2 -> Uniswap V3,4817.480313,-182.519687,-3.65039374,False
26011582,2026-09-19 12:32:11+00:00,10000.0,2641.436834573034,2639.6355905761307,-1.8012439969032812,1.8012439969032812,0.06823835848152582,SushiSwap V2,Uniswap V3,-679.879037,-6.79879037,-691.868441,-6.91868441,SushiSwap V2 -> Uniswap V3,9320.120963,-679.879037,-6.79879037,False
26011583,2026-09-19 12:32:23+00:00,100.0,2641.4363778171733,2639.6355905761307,-1.8007872410426717,1.8007872410426717,0.0682210547346662,SushiSwap V2,Uniswap V3,-0.351546,-0.351546,-0.487287,-0.487287,SushiSwap V2 -> Uniswap V3,99.648454,-0.351546,-0.351546,False
26011583,2026-09-19 12:32:23+00:00,500.0,2641.4363778171733,2639.6355905761307,-1.8007872410426717,1.8007872410426717,0.0682210547346662,SushiSwap V2,Uniswap V3,-3.146422,-0.6292844,-3.821608,-0.7643216,SushiSwap V2 -> Uniswap V3,496.853578,-3.146422,-0.6292844,False
26011583,2026-09-19 12:32:23+00:00,1000.0,2641.4363778171733,2639.6355905761307,-1.8007872410426717,1.8007872410426717,0.0682210547346662,SushiSwap V2,Uniswap V3,-9.742886,-0.9742886,-11.084535,-1.1084535,SushiSwap V2 -> Uniswap V3,990.257114,-9.742886,-0.9742886,False
26011583,2026-09-19 12:32:23+00:00,5000.0,2641.4363778171733,2639.6355905761307,-1.8007872410426717,1.8007872410426717,0.0682210547346662,SushiSwap V2,Uniswap V3,-182.52052,-3.6504104,-188.895231,-3.77790462,SushiSwap V2 -> Uniswap V3,4817.47948,-182.52052,-3.6504104,False
26011583,2026-09-19 12:32:23+00:00,10000.0,2641.4363778171733,2639.6355905761307,-1.8007872410426717,1.8007872410426717,0.0682210547346662,SushiSwap V2,Uniswap V3,-679.880647,-6.79880647,-691.866936,-6.91866936,SushiSwap V2 -> Uniswap V3,9320.119353,-679.880647,-6.79880647,False
26011584,2026-09-19 12:32:35+00:00,100.0,2641.4363790401276,2639.6355905761307,-1.800788463996742,1.800788463996742,0.06822110106507918,SushiSwap V2,Uniswap V3,-0.351546,-0.351546,-0.487287,-0.487287,SushiSwap V2 -> Uniswap V3,99.648454,-0.351546,-0.351546,False
26011584,2026-09-19 12:32:35+00:00,500.0,2641.4363790401276,2639.6355905761307,-1.800788463996742,1.800788463996742,0.06822110106507918,SushiSwap V2,Uniswap V3,-3.146422,-0.6292844,-3.821608,-0.7643216,SushiSwap V2 -> Uniswap V3,496.853578,-3.146422,-0.6292844,False
26011584,2026-09-19 12:32:35+00:00,1000.0,2641.4363790401276,2639.6355905761307,-1.800788463996742,1.800788463996742,0.06822110106507918,SushiSwap V2,Uniswap V3,-9.742885,-0.9742885,-11.084535,-1.1084535,SushiSwap V2 -> Uniswap V3,990.257115,-9.742885,-0.9742885,False
26011584,2026-09-19 12:32:35+00:00,5000.0,2641.4363790401276,2639.6355905761307,-1.800788463996742,1.800788463996742,0.06822110106507918,SushiSwap V2,Uniswap V3,-182.520518,-3.65041036,-188.895233,-3.77790466,SushiSwap V2 -> Uniswap V3,4817.479482,-182.520518,-3.65041036,False
26011584,2026-09-19 12:32:35+00:00,10000.0,2641.4363790401276,2639.6355905761307,-1.800788463996742,1.800788463996742,0.06822110106507918,SushiSwap V2,Uniswap V3,-679.880643,-6.79880643,-691.86694,-6.9186694,SushiSwap V2 -> Uniswap V3,9320.119357,-679.880643,-6.79880643,False
26011585,2026-09-19 12:32:47+00:00,100.0,2641.4362395413564,2639.6355905761307,-1.8006489652255078,1.8006489652255078,0.06821581629123645,SushiSwap V2,Uniswap V3,-0.351551,-0.351551,-0.487282,-0.487282,SushiSwap V2 -> Uniswap V3,99.648449,-0.351551,-0.351551,False
26011585,2026-09-19 12:32:47+00:00,500.0,2641.4362395413564,2639.6355905761307,-1.8006489652255078,1.8006489652255078,0.06821581629123645,SushiSwap V2,Uniswap V3,-3.146448,-0.6292896,-3.821582,-0.7643164,SushiSwap V2 -> Uniswap V3,496.853552,-3.146448,-0.6292896,False
26011585,2026-09-19 12:32:47+00:00,1000.0,2641.4362395413564,2639.6355905761307,-1.8006489652255078,1.8006489652255078,0.06821581629123645,SushiSwap V2,Uniswap V3,-9.742937,-0.9742937,-11.084483,-1.1084483,SushiSwap V2 -> Uniswap V3,990.257063,-9.742937,-0.9742937,False
26011585,2026-09-19 12:32:47+00:00,5000.0,2641.4362395413564,2639.6355905761307,-1.8006489652255078,1.8006489652255078,0.06821581629123645,SushiSwap V2,Uniswap V3,-182.520772,-3.65041544,-188.894987,-3.77789974,SushiSwap V2 -> Uniswap V3,4817.479228,-182.520772,-3.65041544,False
26011585,2026-09-19 12:32:47+00:00,10000.0,2641.4362395413564,2639.6355905761307,-1.8006489652255078,1.8006489652255078,0.06821581629123645,SushiSwap V2,Uniswap V3,-679.881135,-6.79881135,-691.866481,-6.91866481,SushiSwap V2 -> Uniswap V3,9320.118865,-679.881135,-6.79881135,False
26011586,2026-09-19 12:32:59+00:00,100.0,2641.4362395413564,2639.6355905761307,-1.8006489652255078,1.8006489652255078,0.06821581629123645,SushiSwap V2,Uniswap V3,-0.351551,-0.351551,-0.487282,-0.487282,SushiSwap V2 -> Uniswap V3,99.648449,-0.351551,-0.351551,False
26011586,2026-09-19 12:32:59+00:00,500.0,2641.4362395413564,2639.6355905761307,-1.8006489652255078,1.8006489652255078,0.06821581629123645,SushiSwap V2,Uniswap V3,-3.146448,-0.6292896,-3.821582,-0.7643164,SushiSwap V2 -> Uniswap V3,496.853552,-3.146448,-0.6292896,False
26011586,2026-09-19 12:32:59+00:00,1000.0,2641.4362395413564,2639.6355905761307,-1.8006489652255078,1.8006489652255078,0.06821581629123645,SushiSwap V2,Uniswap V3,-9.742937,-0.9742937,-11.084483,-1.1084483,SushiSwap V2 -> Uniswap V3,990.257063,-9.742937,-0.9742937,False
26011586,2026-09-19 12:32:59+00:00,5000.0,2641.4362395413564,2639.6355905761307,-1.8006489652255078,1.8006489652255078,0.06821581629123645,SushiSwap V2,Uniswap V3,-182.520772,-3.65041544,-188.894987,-3.77789974,SushiSwap V2 -> Uniswap V3,4817.479228,-182.520772,-3.65041544,False
26011586,2026-09-19 12:32:59+00:00,10000.0,2641.4362395413564,2639.6355905761307,-1.8006489652255078,1.8006489652255078,0.06821581629123645,SushiSwap V2,Uniswap V3,-679.881135,-6.79881135,-691.866481,-6.91866481,SushiSwap V2 -> Uniswap V3,9320.118865,-679.881135,-6.79881135,False
26011587,2026-09-19 12:33:11+00:00,100.0,2641.345541945672,2639.6355905761307,-1.7099513695409172,1.7099513695409172,0.06477982702027824,SushiSwap V2,Uniswap V3,-0.354972,-0.354972,-0.483867,-0.483867,SushiSwap V2 -> Uniswap V3,99.645028,-0.354972,-0.354972,False
26011587,2026-09-19 12:33:11+00:00,500.0,2641.345541945672,2639.6355905761307,-1.7099513695409172,1.7099513695409172,0.06477982702027824,SushiSwap V2,Uniswap V3,-3.163508,-0.6327016,-3.804604,-0.7609208,SushiSwap V2 -> Uniswap V3,496.836492,-3.163508,-0.6327016,False
26011587,2026-09-19 12:33:11+00:00,1000.0,2641.345541945672,2639.6355905761307,-1.7099513695409172,1.7099513695409172,0.06477982702027824,SushiSwap V2,Uniswap V3,-9.776939,-0.9776939,-11.050762,-1.1050762,SushiSwap V2 -> Uniswap V3,990.223061,-9.776939,-0.9776939,False
26011587,2026-09-19 12:33:11+00:00,5000.0,2641.345541945672,2639.6355905761307,-1.7099513695409172,1.7099513695409172,0.06477982702027824,SushiSwap V2,Uniswap V3,-182.686176,-3.65372352,-188.735358,-3.77470716,SushiSwap V2 -> Uniswap V3,4817.313824,-182.686176,-3.65372352,False
26011587,2026-09-19 12:33:11+00:00,10000.0,2641.345541945672,2639.6355905761307,-1.7099513695409172,1.7099513695409172,0.06477982702027824,SushiSwap V2,Uniswap V3,-680.20083,-6.8020083,-691.567721,-6.91567721,SushiSwap V2 -> Uniswap V3,9319.79917,-680.20083,-6.8020083,False
26011588,2026-09-19 12:33:23+00:00,100.0,2641.345541945672,2639.6355905761307,-1.7099513695409172,1.7099513695409172,0.06477982702027824,SushiSwap V2,Uniswap V3,-0.354972,-0.354972,-0.483867,-0.483867,SushiSwap V2 -> Uniswap V3,99.645028,-0.354972,-0.354972,False
26011588,2026-09-19 12:33:23+00:00,500.0,2641.345541945672,2639.6355905761307,-1.7099513695409172,1.7099513695409172,0.06477982702027824,SushiSwap V2,Uniswap V3,-3.163508,-0.6327016,-3.804604,-0.7609208,SushiSwap V2 -> Uniswap V3,496.836492,-3.163508,-0.6327016,False
26011588,2026-09-19 12:33:23+00:00,1000.0,2641.345541945672,2639.6355905761307,-1.7099513695409172,1.7099513695409172,0.06477982702027824,SushiSwap V2,Uniswap V3,-9.776939,-0.9776939,-11.050762,-1.1050762,SushiSwap V2 -> Uniswap V3,990.223061,-9.776939,-0.9776939,False
26011588,2026-09-19 12:33:23+00:00,5000.0,2641.345541945672,2639.6355905761307,-1.7099513695409172,1.7099513695409172,0.06477982702027824,SushiSwap V2,Uniswap V3,-182.686176,-3.65372352,-188.735358,-3.77470716,SushiSwap V2 -> Uniswap V3,4817.313824,-182.686176,-3.65372352,False
26011588,2026-09-19 12:33:23+00:00,10000.0,2641.345541945672,2639.6355905761307,-1.7099513695409172,1.7099513695409172,0.06477982702027824,SushiSwap V2,Uniswap V3,-680.20083,-6.8020083,-691.567721,-6.91567721,SushiSwap V2 -> Uniswap V3,9319.79917,-680.20083,-6.8020083,False
26011589,2026-09-19 12:33:35+00:00,100.0,2641.345541945672,2639.6355905761307,-1.7099513695409172,1.7099513695409172,0.06477982702027824,SushiSwap V2,Uniswap V3,-0.354972,-0.354972,-0.483867,-0.483867,SushiSwap V2 -> Uniswap V3,99.645028,-0.354972,-0.354972,False
26011589,2026-09-19 12:33:35+00:00,500.0,2641.345541945672,2639.6355905761307,-1.7099513695409172,1.7099513695409172,0.06477982702027824,SushiSwap V2,Uniswap V3,-3.163508,-0.6327016,-3.804604,-0.7609208,SushiSwap V2 -> Uniswap V3,496.836492,-3.163508,-0.6327016,False
26011589,2026-09-19 12:33:35+00:00,1000.0,2641.345541945672,2639.6355905761307,-1.7099513695409172,1.7099513695409172,0.06477982702027824,SushiSwap V2,Uniswap V3,-9.776939,-0.9776939,-11.050762,-1.1050762,SushiSwap V2 -> Uniswap V3,990.223061,-9.776939,-0.9776939,False
26011589,2026-09-19 12:33:35+00:00,5000.0,2641.345541945672,2639.6355905761307,-1.7099513695409172,1.7099513695409172,0.06477982702027824,SushiSwap V2,Uniswap V3,-182.686176,-3.65372352,-188.735358,-3.77470716,SushiSwap V2 -> Uniswap V3,4817.313824,-182.686176,-3.65372352,False
26011589,2026-09-19 12:33:35+00:00,10000.0,2641.345541945672,2639.6355905761307,-1.7099513695409172,1.7099513695409172,0.06477982702027824,SushiSwap V2,Uniswap V3,-680.20083,-6.8020083,-691.567721,-6.91567721,SushiSwap V2 -> Uniswap V3,9319.79917,-680.20083,-6.8020083,False
26011590,2026-09-19 12:33:47+00:00,100.0,2641.3117532205933,2639.6355905761307,-1.6761626444625464,1.6761626444625464,0.06349977437971674,SushiSwap V2,Uniswap V3,-0.356247,-0.356247,-0.482595,-0.482595,SushiSwap V2 -> Uniswap V3,99.643753,-0.356247,-0.356247,False
26011590,2026-09-19 12:33:47+00:00,500.0,2641.3117532205933,2639.6355905761307,-1.6761626444625464,1.6761626444625464,0.06349977437971674,SushiSwap V2,Uniswap V3,-3.169864,-0.6339728,-3.798278,-0.7596556,SushiSwap V2 -> Uniswap V3,496.830136,-3.169864,-0.6339728,False
26011590,2026-09-19 12:33:47+00:00,1000.0,2641.3117532205933,2639.6355905761307,-1.6761626444625464,1.6761626444625464,0.06349977437971674,SushiSwap V2,Uniswap V3,-9.789606,-0.9789606,-11.038199,-1.1038199,SushiSwap V2 -> Uniswap V3,990.210394,-9.789606,-0.9789606,False
26011590,2026-09-19 12:33:47+00:00,5000.0,2641.3117532205933,2639.6355905761307,-1.6761626444625464,1.6761626444625464,0.06349977437971674,SushiSwap V2,Uniswap V3,-182.747745,-3.6549549,-188.675887,-3.77351774,SushiSwap V2 -> Uniswap V3,4817.252255,-182.747745,-3.6549549,False
26011590,2026-09-19 12:33:47+00:00,10000.0,2641.3117532205933,2639.6355905761307,-1.6761626444625464,1.6761626444625464,0.06349977437971674,SushiSwap V2,Uniswap V3,-680.319841,-6.80319841,-691.456415,-6.91456415,SushiSwap V2 -> Uniswap V3,9319.680159,-680.319841,-6.80319841,False
26011591,2026-09-19 12:33:59+00:00,100.0,2641.2529876777394,2639.6355905761307,-1.6173971016087054,1.6173971016087054,0.061273499546037336,SushiSwap V2,Uniswap V3,-0.358464,-0.358464,-0.480382,-0.480382,SushiSwap V2 -> Uniswap V3,99.641536,-0.358464,-0.358464,False
26011591,2026-09-19 12:33:59+00:00,500.0,2641.2529876777394,2639.6355905761307,-1.6173971016087054,1.6173971016087054,0.061273499546037336,SushiSwap V2,Uniswap V3,-3.180914,-0.6361828,-3.787277,-0.7574554,SushiSwap V2 -> Uniswap V3,496.819086,-3.180914,-0.6361828,False
26011591,2026-09-19 12:33:59+00:00,1000.0,2641.2529876777394,2639.6355905761307,-1.6173971016087054,1.6173971016087054,0.061273499546037336,SushiSwap V2,Uniswap V3,-9.811626,-0.9811626,-11.016348,-1.1016348,SushiSwap V2 -> Uniswap V3,990.188374,-9.811626,-0.9811626,False
26011591,2026-09-19 12:33:59+00:00,5000.0,2641.2529876777394,2639.6355905761307,-1.6173971016087054,1.6173971016087054,0.061273499546037336,SushiSwap V2,Uniswap V3,-182.854709,-3.65709418,-188.57245,-3.771449,SushiSwap V2 -> Uniswap V3,4817.145291,-182.854709,-3.65709418,False
26011591,2026-09-19 12:33:59+00:00,10000.0,2641.2529876777394,2639.6355905761307,-1.6173971016087054,1.6173971016087054,0.061273499546037336,SushiSwap V2,Uniswap V3,-680.526709,-6.80526709,-691.262825,-6.91262825,SushiSwap V2 -> Uniswap V3,9319.473291,-680.526709,-6.80526709,False
26011592,2026-09-19 12:34:11+00:00,100.0,2641.2525596877804,2639.6355905761307,-1.6169691116496228,1.6169691116496228,0.061257285567084686,SushiSwap V2,Uniswap V3,-0.35848,-0.35848,-0.480368,-0.480368,SushiSwap V2 -> Uniswap V3,99.64152,-0.35848,-0.35848,False
26011592,2026-09-19 12:34:11+00:00,500.0,2641.2525596877804,2639.6355905761307,-1.6169691116496228,1.6169691116496228,0.061257285567084686,SushiSwap V2,Uniswap V3,-3.180995,-0.636199,-3.787197,-0.7574394,SushiSwap V2 -> Uniswap V3,496.819005,-3.180995,-0.636199,False
26011592,2026-09-19 12:34:11+00:00,1000.0,2641.2525596877804,2639.6355905761307,-1.6169691116496228,1.6169691116496228,0.061257285567084686,SushiSwap V2,Uniswap V3,-9.811786,-0.9811786,-11.016189,-1.1016189,SushiSwap V2 -> Uniswap V3,990.188214,-9.811786,-0.9811786,False
26011592,2026-09-19 12:34:11+00:00,5000.0,2641.2525596877804,2639.6355905761307,-1.6169691116496228,1.6169691116496228,0.061257285567084686,SushiSwap V2,Uniswap V3,-182.85549,-3.6571098,-188.571696,-3.77143392,SushiSwap V2 -> Uniswap V3,4817.14451,-182.85549,-3.6571098,False
26011592,2026-09-19 12:34:11+00:00,10000.0,2641.2525596877804,2639.6355905761307,-1.6169691116496228,1.6169691116496228,0.061257285567084686,SushiSwap V2,Uniswap V3,-680.528219,-6.80528219,-691.261412,-6.91261412,SushiSwap V2 -> Uniswap V3,9319.471781,-680.528219,-6.80528219,False
26011593,2026-09-19 12:34:23+00:00,100.0,2641.2525596877804,2639.6355905761307,-1.6169691116496228,1.6169691116496228,0.061257285567084686,SushiSwap V2,Uniswap V3,-0.35848,-0.35848,-0.480368,-0.480368,SushiSwap V2 -> Uniswap V3,99.64152,-0.35848,-0.35848,False
26011593,2026-09-19 12:34:23+00:00,500.0,2641.2525596877804,2639.6355905761307,-1.6169691116496228,1.6169691116496228,0.061257285567084686,SushiSwap V2,Uniswap V3,-3.180995,-0.636199,-3.787197,-0.7574394,SushiSwap V2 -> Uniswap V3,496.819005,-3.180995,-0.636199,False
26011593,2026-09-19 12:34:23+00:00,1000.0,2641.2525596877804,2639.6355905761307,-1.6169691116496228,1.6169691116496228,0.061257285567084686,SushiSwap V2,Uniswap V3,-9.811786,-0.9811786,-11.016189,-1.1016189,SushiSwap V2 -> Uniswap V3,990.188214,-9.811786,-0.9811786,False
26011593,2026-09-19 12:34:23+00:00,5000.0,2641.2525596877804,2639.6355905761307,-1.6169691116496228,1.6169691116496228,0.061257285567084686,SushiSwap V2,Uniswap V3,-182.85549,-3.6571098,-188.571696,-3.77143392,SushiSwap V2 -> Uniswap V3,4817.14451,-182.85549,-3.6571098,False
26011593,2026-09-19 12:34:23+00:00,10000.0,2641.2525596877804,2639.6355905761307,-1.6169691116496228,1.6169691116496228,0.061257285567084686,SushiSwap V2,Uniswap V3,-680.528219,-6.80528219,-691.261412,-6.91261412,SushiSwap V2 -> Uniswap V3,9319.471781,-680.528219,-6.80528219,False
26011594,2026-09-19 12:34:35+00:00,100.0,2641.2525596877804,2639.6355905761307,-1.6169691116496228,1.6169691116496228,0.061257285567084686,SushiSwap V2,Uniswap V3,-0.35848,-0.35848,-0.480368,-0.480368,SushiSwap V2 -> Uniswap V3,99.64152,-0.35848,-0.35848,False
26011594,2026-09-19 12:34:35+00:00,500.0,2641.2525596877804,2639.6355905761307,-1.6169691116496228,1.6169691116496228,0.061257285567084686,SushiSwap V2,Uniswap V3,-3.180995,-0.636199,-3.787197,-0.7574394,SushiSwap V2 -> Uniswap V3,496.819005,-3.180995,-0.636199,False
26011594,2026-09-19 12:34:35+00:00,1000.0,2641.2525596877804,2639.6355905761307,-1.6169691116496228,1.6169691116496228,0.061257285567084686,SushiSwap V2,Uniswap V3,-9.811786,-0.9811786,-11.016189,-1.1016189,SushiSwap V2 -> Uniswap V3,990.188214,-9.811786,-0.9811786,False
26011594,2026-09-19 12:34:35+00:00,5000.0,2641.2525596877804,2639.6355905761307,-1.6169691116496228,1.6169691116496228,0.061257285567084686,SushiSwap V2,Uniswap V3,-182.85549,-3.6571098,-188.571696,-3.77143392,SushiSwap V2 -> Uniswap V3,4817.14451,-182.85549,-3.6571098,False
26011594,2026-09-19 12:34:35+00:00,10000.0,2641.2525596877804,2639.6355905761307,-1.6169691116496228,1.6169691116496228,0.061257285567084686,SushiSwap V2,Uniswap V3,-680.528219,-6.80528219,-691.261412,-6.91261412,SushiSwap V2 -> Uniswap V3,9319.471781,-680.528219,-6.80528219,False
26011595,2026-09-19 12:34:47+00:00,100.0,2641.2525596877804,2639.6355905761307,-1.6169691116496228,1.6169691116496228,0.061257285567084686,SushiSwap V2,Uniswap V3,-0.35848,-0.35848,-0.480368,-0.480368,SushiSwap V2 -> Uniswap V3,99.64152,-0.35848,-0.35848,False
26011595,2026-09-19 12:34:47+00:00,500.0,2641.2525596877804,2639.6355905761307,-1.6169691116496228,1.6169691116496228,0.061257285567084686,SushiSwap V2,Uniswap V3,-3.180995,-0.636199,-3.787197,-0.7574394,SushiSwap V2 -> Uniswap V3,496.819005,-3.180995,-0.636199,False
26011595,2026-09-19 12:34:47+00:00,1000.0,2641.2525596877804,2639.6355905761307,-1.6169691116496228,1.6169691116496228,0.061257285567084686,SushiSwap V2,Uniswap V3,-9.811786,-0.9811786,-11.016189,-1.1016189,SushiSwap V2 -> Uniswap V3,990.188214,-9.811786,-0.9811786,False
26011595,2026-09-19 12:34:47+00:00,5000.0,2641.2525596877804,2639.6355905761307,-1.6169691116496228,1.6169691116496228,0.061257285567084686,SushiSwap V2,Uniswap V3,-182.85549,-3.6571098,-188.571696,-3.77143392,SushiSwap V2 -> Uniswap V3,4817.14451,-182.85549,-3.6571098,False
26011595,2026-09-19 12:34:47+00:00,10000.0,2641.2525596877804,2639.6355905761307,-1.6169691116496228,1.6169691116496228,0.061257285567084686,SushiSwap V2,Uniswap V3,-680.528219,-6.80528219,-691.261412,-6.91261412,SushiSwap V2 -> Uniswap V3,9319.471781,-680.528219,-6.80528219,False
26011596,2026-09-19 12:34:59+00:00,100.0,2641.2525731915052,2639.6355905761307,-1.6169826153744569,1.6169826153744569,0.061257797142427975,SushiSwap V2,Uniswap V3,-0.35848,-0.35848,-0.480368,-0.480368,SushiSwap V2 -> Uniswap V3,99.64152,-0.35848,-0.35848,False
26011596,2026-09-19 12:34:59+00:00,500.0,2641.2525731915052,2639.6355905761307,-1.6169826153744569,1.6169826153744569,0.061257797142427975,SushiSwap V2,Uniswap V3,-3.180992,-0.6361984,-3.7872,-0.75744,SushiSwap V2 -> Uniswap V3,496.819008,-3.180992,-0.6361984,False
26011596,2026-09-19 12:34:59+00:00,1000.0,2641.2525731915052,2639.6355905761307,-1.6169826153744569,1.6169826153744569,0.061257797142427975,SushiSwap V2,Uniswap V3,-9.811781,-0.9811781,-11.016194,-1.1016194,SushiSwap V2 -> Uniswap V3,990.188219,-9.811781,-0.9811781,False
26011596,2026-09-19 12:34:59+00:00,5000.0,2641.2525731915052,2639.6355905761307,-1.6169826153744569,1.6169826153744569,0.061257797142427975,SushiSwap V2,Uniswap V3,-182.855465,-3.6571093,-188.57172,-3.7714344,SushiSwap V2 -> Uniswap V3,4817.144535,-182.855465,-3.6571093,False
26011596,2026-09-19 12:34:59+00:00,10000.0,2641.2525731915052,2639.6355905761307,-1.6169826153744569,1.6169826153744569,0.061257797142427975,SushiSwap V2,Uniswap V3,-680.528172,-6.80528172,-691.261457,-6.91261457,SushiSwap V2 -> Uniswap V3,9319.471828,-680.528172,-6.80528172,False
26011597,2026-09-19 12:35:11+00:00,100.0,2641.51323549995,2639.6355905761307,-1.8776449238194959,1.8776449238194959,0.07113273250758369,SushiSwap V2,Uniswap V3,-0.348646,-0.348646,-0.490181,-0.490181,SushiSwap V2 -> Uniswap V3,99.651354,-0.348646,-0.348646,False
26011597,2026-09-19 12:35:11+00:00,500.0,2641.51323549995,2639.6355905761307,-1.8776449238194959,1.8776449238194959,0.07113273250758369,SushiSwap V2,Uniswap V3,-3.131965,-0.626393,-3.835994,-0.7671988,SushiSwap V2 -> Uniswap V3,496.868035,-3.131965,-0.626393,False
26011597,2026-09-19 12:35:11+00:00,1000.0,2641.51323549995,2639.6355905761307,-1.8776449238194959,1.8776449238194959,0.07113273250758369,SushiSwap V2,Uniswap V3,-9.714072,-0.9714072,-11.113109,-1.1113109,SushiSwap V2 -> Uniswap V3,990.285928,-9.714072,-0.9714072,False
26011597,2026-09-19 12:35:11+00:00,5000.0,2641.51323549995,2639.6355905761307,-1.8776449238194959,1.8776449238194959,0.07113273250758369,SushiSwap V2,Uniswap V3,-182.380348,-3.64760696,-189.030493,-3.78060986,SushiSwap V2 -> Uniswap V3,4817.619652,-182.380348,-3.64760696,False
26011597,2026-09-19 12:35:11+00:00,10000.0,2641.51323549995,2639.6355905761307,-1.8776449238194959,1.8776449238194959,0.07113273250758369,SushiSwap V2,Uniswap V3,-679.609496,-6.79609496,-692.120092,-6.92120092,SushiSwap V2 -> Uniswap V3,9320.390504,-679.609496,-6.79609496,False
26011598,2026-09-19 12:35:23+00:00,100.0,2641.515937006648,2639.6355905761307,-1.8803464305175825,1.8803464305175825,0.0712350764336821,SushiSwap V2,Uniswap V3,-0.348544,-0.348544,-0.490282,-0.490282,SushiSwap V2 -> Uniswap V3,99.651456,-0.348544,-0.348544,False
26011598,2026-09-19 12:35:23+00:00,500.0,2641.515937006648,2639.6355905761307,-1.8803464305175825,1.8803464305175825,0.0712350764336821,SushiSwap V2,Uniswap V3,-3.131457,-0.6262914,-3.8365,-0.7673,SushiSwap V2 -> Uniswap V3,496.868543,-3.131457,-0.6262914,False
26011598,2026-09-19 12:35:23+00:00,1000.0,2641.515937006648,2639.6355905761307,-1.8803464305175825,1.8803464305175825,0.0712350764336821,SushiSwap V2,Uniswap V3,-9.713059,-0.9713059,-11.114113,-1.1114113,SushiSwap V2 -> Uniswap V3,990.286941,-9.713059,-0.9713059,False
26011598,2026-09-19 12:35:23+00:00,5000.0,2641.515937006648,2639.6355905761307,-1.8803464305175825,1.8803464305175825,0.0712350764336821,SushiSwap V2,Uniswap V3,-182.375421,-3.64750842,-189.035248,-3.78070496,SushiSwap V2 -> Uniswap V3,4817.624579,-182.375421,-3.64750842,False
26011598,2026-09-19 12:35:23+00:00,10000.0,2641.515937006648,2639.6355905761307,-1.8803464305175825,1.8803464305175825,0.0712350764336821,SushiSwap V2,Uniswap V3,-679.599964,-6.79599964,-692.12899,-6.9212899,SushiSwap V2 -> Uniswap V3,9320.400036,-679.599964,-6.79599964,False
26011599,2026-09-19 12:35:35+00:00,100.0,2641.517102788597,2639.6355905761307,-1.8815122124666048,1.8815122124666048,0.07127924093703947,SushiSwap V2,Uniswap V3,-0.3485,-0.3485,-0.490326,-0.490326,SushiSwap V2 -> Uniswap V3,99.6515,-0.3485,-0.3485,False
26011599,2026-09-19 12:35:35+00:00,500.0,2641.517102788597,2639.6355905761307,-1.8815122124666048,1.8815122124666048,0.07127924093703947,SushiSwap V2,Uniswap V3,-3.131237,-0.6262474,-3.836718,-0.7673436,SushiSwap V2 -> Uniswap V3,496.868763,-3.131237,-0.6262474,False
26011599,2026-09-19 12:35:35+00:00,1000.0,2641.517102788597,2639.6355905761307,-1.8815122124666048,1.8815122124666048,0.07127924093703947,SushiSwap V2,Uniswap V3,-9.712622,-0.9712622,-11.114547,-1.1114547,SushiSwap V2 -> Uniswap V3,990.287378,-9.712622,-0.9712622,False
26011599,2026-09-19 12:35:35+00:00,5000.0,2641.517102788597,2639.6355905761307,-1.8815122124666048,1.8815122124666048,0.07127924093703947,SushiSwap V2,Uniswap V3,-182.373295,-3.6474659,-189.037299,-3.78074598,SushiSwap V2 -> Uniswap V3,4817.626705,-182.373295,-3.6474659,False
26011599,2026-09-19 12:35:35+00:00,10000.0,2641.517102788597,2639.6355905761307,-1.8815122124666048,1.8815122124666048,0.07127924093703947,SushiSwap V2,Uniswap V3,-679.59585,-6.7959585,-692.13283,-6.9213283,SushiSwap V2 -> Uniswap V3,9320.40415,-679.59585,-6.7959585,False
26011600,2026-09-19 12:35:47+00:00,100.0,2641.517102788597,2639.6355905761307,-1.8815122124666048,1.8815122124666048,0.07127924093703947,SushiSwap V2,Uniswap V3,-0.3485,-0.3485,-0.490326,-0.490326,SushiSwap V2 -> Uniswap V3,99.6515,-0.3485,-0.3485,False
26011600,2026-09-19 12:35:47+00:00,500.0,2641.517102788597,2639.6355905761307,-1.8815122124666048,1.8815122124666048,0.07127924093703947,SushiSwap V2,Uniswap V3,-3.131237,-0.6262474,-3.836718,-0.7673436,SushiSwap V2 -> Uniswap V3,496.868763,-3.131237,-0.6262474,False
26011600,2026-09-19 12:35:47+00:00,1000.0,2641.517102788597,2639.6355905761307,-1.8815122124666048,1.8815122124666048,0.07127924093703947,SushiSwap V2,Uniswap V3,-9.712622,-0.9712622,-11.114547,-1.1114547,SushiSwap V2 -> Uniswap V3,990.287378,-9.712622,-0.9712622,False
26011600,2026-09-19 12:35:47+00:00,5000.0,2641.517102788597,2639.6355905761307,-1.8815122124666048,1.8815122124666048,0.07127924093703947,SushiSwap V2,Uniswap V3,-182.373295,-3.6474659,-189.037299,-3.78074598,SushiSwap V2 -> Uniswap V3,4817.626705,-182.373295,-3.6474659,False
26011600,2026-09-19 12:35:47+00:00,10000.0,2641.517102788597,2639.6355905761307,-1.8815122124666048,1.8815122124666048,0.07127924093703947,SushiSwap V2,Uniswap V3,-679.59585,-6.7959585,-692.13283,-6.9213283,SushiSwap V2 -> Uniswap V3,9320.40415,-679.59585,-6.7959585,False
26011601,2026-09-19 12:35:59+00:00,100.0,2641.5171118948865,2639.6355905761307,-1.8815213187556201,1.8815213187556201,0.07127958591984875,SushiSwap V2,Uniswap V3,-0.3485,-0.3485,-0.490326,-0.490326,SushiSwap V2 -> Uniswap V3,99.6515,-0.3485,-0.3485,False
26011601,2026-09-19 12:35:59+00:00,500.0,2641.5171118948865,2639.6355905761307,-1.8815213187556201,1.8815213187556201,0.07127958591984875,SushiSwap V2,Uniswap V3,-3.131236,-0.6262472,-3.83672,-0.767344,SushiSwap V2 -> Uniswap V3,496.868764,-3.131236,-0.6262472,False
26011601,2026-09-19 12:35:59+00:00,1000.0,2641.5171118948865,2639.6355905761307,-1.8815213187556201,1.8815213187556201,0.07127958591984875,SushiSwap V2,Uniswap V3,-9.712619,-0.9712619,-11.11455,-1.111455,SushiSwap V2 -> Uniswap V3,990.287381,-9.712619,-0.9712619,False
26011601,2026-09-19 12:35:59+00:00,5000.0,2641.5171118948865,2639.6355905761307,-1.8815213187556201,1.8815213187556201,0.07127958591984875,SushiSwap V2,Uniswap V3,-182.373278,-3.64746556,-189.037315,-3.7807463,SushiSwap V2 -> Uniswap V3,4817.626722,-182.373278,-3.64746556,False
26011601,2026-09-19 12:35:59+00:00,10000.0,2641.5171118948865,2639.6355905761307,-1.8815213187556201,1.8815213187556201,0.07127958591984875,SushiSwap V2,Uniswap V3,-679.595818,-6.79595818,-692.13286,-6.9213286,SushiSwap V2 -> Uniswap V3,9320.404182,-679.595818,-6.79595818,False
26011602,2026-09-19 12:36:11+00:00,100.0,2641.5134054516593,2639.6355905761307,-1.8778148755287487,1.8778148755287487,0.07113917096105278,SushiSwap V2,Uniswap V3,-0.34864,-0.34864,-0.490187,-0.490187,SushiSwap V2 -> Uniswap V3,99.65136,-0.34864,-0.34864,False
26011602,2026-09-19 12:36:11+00:00,500.0,2641.5134054516593,2639.6355905761307,-1.8778148755287487,1.8778148755287487,0.07113917096105278,SushiSwap V2,Uniswap V3,-3.131933,-0.6263866,-3.836026,-0.7672052,SushiSwap V2 -> Uniswap V3,496.868067,-3.131933,-0.6263866,False
26011602,2026-09-19 12:36:11+00:00,1000.0,2641.5134054516593,2639.6355905761307,-1.8778148755287487,1.8778148755287487,0.07113917096105278,SushiSwap V2,Uniswap V3,-9.714009,-0.9714009,-11.113172,-1.1113172,SushiSwap V2 -> Uniswap V3,990.285991,-9.714009,-0.9714009,False
26011602,2026-09-19 12:36:11+00:00,5000.0,2641.5134054516593,2639.6355905761307,-1.8778148755287487,1.8778148755287487,0.07113917096105278,SushiSwap V2,Uniswap V3,-182.380038,-3.64760076,-189.030792,-3.78061584,SushiSwap V2 -> Uniswap V3,4817.619962,-182.380038,-3.64760076,False
26011602,2026-09-19 12:36:11+00:00,10000.0,2641.5134054516593,2639.6355905761307,-1.8778148755287487,1.8778148755287487,0.07113917096105278,SushiSwap V2,Uniswap V3,-679.608896,-6.79608896,-692.120652,-6.92120652,SushiSwap V2 -> Uniswap V3,9320.391104,-679.608896,-6.79608896,False
26011603,2026-09-19 12:36:23+00:00,100.0,2641.5134054516593,2639.6355905761307,-1.8778148755287487,1.8778148755287487,0.07113917096105278,SushiSwap V2,Uniswap V3,-0.34864,-0.34864,-0.490187,-0.490187,SushiSwap V2 -> Uniswap V3,99.65136,-0.34864,-0.34864,False
26011603,2026-09-19 12:36:23+00:00,500.0,2641.5134054516593,2639.6355905761307,-1.8778148755287487,1.8778148755287487,0.07113917096105278,SushiSwap V2,Uniswap V3,-3.131933,-0.6263866,-3.836026,-0.7672052,SushiSwap V2 -> Uniswap V3,496.868067,-3.131933,-0.6263866,False
26011603,2026-09-19 12:36:23+00:00,1000.0,2641.5134054516593,2639.6355905761307,-1.8778148755287487,1.8778148755287487,0.07113917096105278,SushiSwap V2,Uniswap V3,-9.714009,-0.9714009,-11.113172,-1.1113172,SushiSwap V2 -> Uniswap V3,990.285991,-9.714009,-0.9714009,False
26011603,2026-09-19 12:36:23+00:00,5000.0,2641.5134054516593,2639.6355905761307,-1.8778148755287487,1.8778148755287487,0.07113917096105278,SushiSwap V2,Uniswap V3,-182.380038,-3.64760076,-189.030792,-3.78061584,SushiSwap V2 -> Uniswap V3,4817.619962,-182.380038,-3.64760076,False
26011603,2026-09-19 12:36:23+00:00,10000.0,2641.5134054516593,2639.6355905761307,-1.8778148755287487,1.8778148755287487,0.07113917096105278,SushiSwap V2,Uniswap V3,-679.608896,-6.79608896,-692.120652,-6.92120652,SushiSwap V2 -> Uniswap V3,9320.391104,-679.608896,-6.79608896,False
26011604,2026-09-19 12:36:35+00:00,100.0,2641.512169160206,2639.6355905761307,-1.8765785840757085,1.8765785840757085,0.07109233527443551,SushiSwap V2,Uniswap V3,-0.348686,-0.348686,-0.49014,-0.49014,SushiSwap V2 -> Uniswap V3,99.651314,-0.348686,-0.348686,False
26011604,2026-09-19 12:36:35+00:00,500.0,2641.512169160206,2639.6355905761307,-1.8765785840757085,1.8765785840757085,0.07109233527443551,SushiSwap V2,Uniswap V3,-3.132165,-0.626433,-3.835795,-0.767159,SushiSwap V2 -> Uniswap V3,496.867835,-3.132165,-0.626433,False
26011604,2026-09-19 12:36:35+00:00,1000.0,2641.512169160206,2639.6355905761307,-1.8765785840757085,1.8765785840757085,0.07109233527443551,SushiSwap V2,Uniswap V3,-9.714472,-0.9714472,-11.112712,-1.1112712,SushiSwap V2 -> Uniswap V3,990.285528,-9.714472,-0.9714472,False
26011604,2026-09-19 12:36:35+00:00,5000.0,2641.512169160206,2639.6355905761307,-1.8765785840757085,1.8765785840757085,0.07109233527443551,SushiSwap V2,Uniswap V3,-182.382293,-3.64764586,-189.028617,-3.78057234,SushiSwap V2 -> Uniswap V3,4817.617707,-182.382293,-3.64764586,False
26011604,2026-09-19 12:36:35+00:00,10000.0,2641.512169160206,2639.6355905761307,-1.8765785840757085,1.8765785840757085,0.07109233527443551,SushiSwap V2,Uniswap V3,-679.613258,-6.79613258,-692.11658,-6.9211658,SushiSwap V2 -> Uniswap V3,9320.386742,-679.613258,-6.79613258,False
26011605,2026-09-19 12:36:47+00:00,100.0,2641.512169160206,2639.6355905761307,-1.8765785840757085,1.8765785840757085,0.07109233527443551,SushiSwap V2,Uniswap V3,-0.348686,-0.348686,-0.49014,-0.49014,SushiSwap V2 -> Uniswap V3,99.651314,-0.348686,-0.348686,False
26011605,2026-09-19 12:36:47+00:00,500.0,2641.512169160206,2639.6355905761307,-1.8765785840757085,1.8765785840757085,0.07109233527443551,SushiSwap V2,Uniswap V3,-3.132165,-0.626433,-3.835795,-0.767159,SushiSwap V2 -> Uniswap V3,496.867835,-3.132165,-0.626433,False
26011605,2026-09-19 12:36:47+00:00,1000.0,2641.512169160206,2639.6355905761307,-1.8765785840757085,1.8765785840757085,0.07109233527443551,SushiSwap V2,Uniswap V3,-9.714472,-0.9714472,-11.112712,-1.1112712,SushiSwap V2 -> Uniswap V3,990.285528,-9.714472,-0.9714472,False
26011605,2026-09-19 12:36:47+00:00,5000.0,2641.512169160206,2639.6355905761307,-1.8765785840757085,1.8765785840757085,0.07109233527443551,SushiSwap V2,Uniswap V3,-182.382293,-3.64764586,-189.028617,-3.78057234,SushiSwap V2 -> Uniswap V3,4817.617707,-182.382293,-3.64764586,False
26011605,2026-09-19 12:36:47+00:00,10000.0,2641.512169160206,2639.6355905761307,-1.8765785840757085,1.8765785840757085,0.07109233527443551,SushiSwap V2,Uniswap V3,-679.613258,-6.79613258,-692.11658,-6.9211658,SushiSwap V2 -> Uniswap V3,9320.386742,-679.613258,-6.79613258,False
26011606,2026-09-19 12:36:59+00:00,100.0,2641.5121673621543,2639.6355905761307,-1.876576786023669,1.876576786023669,0.07109226715700119,SushiSwap V2,Uniswap V3,-0.348686,-0.348686,-0.49014,-0.49014,SushiSwap V2 -> Uniswap V3,99.651314,-0.348686,-0.348686,False
26011606,2026-09-19 12:36:59+00:00,500.0,2641.5121673621543,2639.6355905761307,-1.876576786023669,1.876576786023669,0.07109226715700119,SushiSwap V2,Uniswap V3,-3.132166,-0.6264332,-3.835794,-0.7671588,SushiSwap V2 -> Uniswap V3,496.867834,-3.132166,-0.6264332,False
26011606,2026-09-19 12:36:59+00:00,1000.0,2641.5121673621543,2639.6355905761307,-1.876576786023669,1.876576786023669,0.07109226715700119,SushiSwap V2,Uniswap V3,-9.714473,-0.9714473,-11.112712,-1.1112712,SushiSwap V2 -> Uniswap V3,990.285527,-9.714473,-0.9714473,False
26011606,2026-09-19 12:36:59+00:00,5000.0,2641.5121673621543,2639.6355905761307,-1.876576786023669,1.876576786023669,0.07109226715700119,SushiSwap V2,Uniswap V3,-182.382296,-3.64764592,-189.028614,-3.78057228,SushiSwap V2 -> Uniswap V3,4817.617704,-182.382296,-3.64764592,False
26011606,2026-09-19 12:36:59+00:00,10000.0,2641.5121673621543,2639.6355905761307,-1.876576786023669,1.876576786023669,0.07109226715700119,SushiSwap V2,Uniswap V3,-679.613264,-6.79613264,-692.116574,-6.92116574,SushiSwap V2 -> Uniswap V3,9320.386736,-679.613264,-6.79613264,False
26011607,2026-09-19 12:37:11+00:00,100.0,2641.5121673621543,2639.6355905761307,-1.876576786023669,1.876576786023669,0.07109226715700119,SushiSwap V2,Uniswap V3,-0.348686,-0.348686,-0.49014,-0.49014,SushiSwap V2 -> Uniswap V3,99.651314,-0.348686,-0.348686,False
26011607,2026-09-19 12:37:11+00:00,500.0,2641.5121673621543,2639.6355905761307,-1.876576786023669,1.876576786023669,0.07109226715700119,SushiSwap V2,Uniswap V3,-3.132166,-0.6264332,-3.835794,-0.7671588,SushiSwap V2 -> Uniswap V3,496.867834,-3.132166,-0.6264332,False
26011607,2026-09-19 12:37:11+00:00,1000.0,2641.5121673621543,2639.6355905761307,-1.876576786023669,1.876576786023669,0.07109226715700119,SushiSwap V2,Uniswap V3,-9.714473,-0.9714473,-11.112712,-1.1112712,SushiSwap V2 -> Uniswap V3,990.285527,-9.714473,-0.9714473,False
26011607,2026-09-19 12:37:11+00:00,5000.0,2641.5121673621543,2639.6355905761307,-1.876576786023669,1.876576786023669,0.07109226715700119,SushiSwap V2,Uniswap V3,-182.382296,-3.64764592,-189.028614,-3.78057228,SushiSwap V2 -> Uniswap V3,4817.617704,-182.382296,-3.64764592,False
26011607,2026-09-19 12:37:11+00:00,10000.0,2641.5121673621543,2639.6355905761307,-1.876576786023669,1.876576786023669,0.07109226715700119,SushiSwap V2,Uniswap V3,-679.613264,-6.79613264,-692.116574,-6.92116574,SushiSwap V2 -> Uniswap V3,9320.386736,-679.613264,-6.79613264,False
26011608,2026-09-19 12:37:23+00:00,100.0,2641.5121673621543,2639.6355905761307,-1.876576786023669,1.876576786023669,0.07109226715700119,SushiSwap V2,Uniswap V3,-0.348686,-0.348686,-0.49014,-0.49014,SushiSwap V2 -> Uniswap V3,99.651314,-0.348686,-0.348686,False
26011608,2026-09-19 12:37:23+00:00,500.0,2641.5121673621543,2639.6355905761307,-1.876576786023669,1.876576786023669,0.07109226715700119,SushiSwap V2,Uniswap V3,-3.132166,-0.6264332,-3.835794,-0.7671588,SushiSwap V2 -> Uniswap V3,496.867834,-3.132166,-0.6264332,False
26011608,2026-09-19 12:37:23+00:00,1000.0,2641.5121673621543,2639.6355905761307,-1.876576786023669,1.876576786023669,0.07109226715700119,SushiSwap V2,Uniswap V3,-9.714473,-0.9714473,-11.112712,-1.1112712,SushiSwap V2 -> Uniswap V3,990.285527,-9.714473,-0.9714473,False
26011608,2026-09-19 12:37:23+00:00,5000.0,2641.5121673621543,2639.6355905761307,-1.876576786023669,1.876576786023669,0.07109226715700119,SushiSwap V2,Uniswap V3,-182.382296,-3.64764592,-189.028614,-3.78057228,SushiSwap V2 -> Uniswap V3,4817.617704,-182.382296,-3.64764592,False
26011608,2026-09-19 12:37:23+00:00,10000.0,2641.5121673621543,2639.6355905761307,-1.876576786023669,1.876576786023669,0.07109226715700119,SushiSwap V2,Uniswap V3,-679.613264,-6.79613264,-692.116574,-6.92116574,SushiSwap V2 -> Uniswap V3,9320.386736,-679.613264,-6.79613264,False
26011609,2026-09-19 12:37:35+00:00,100.0,2641.5121673621543,2639.6355905761307,-1.876576786023669,1.876576786023669,0.07109226715700119,SushiSwap V2,Uniswap V3,-0.348686,-0.348686,-0.49014,-0.49014,SushiSwap V2 -> Uniswap V3,99.651314,-0.348686,-0.348686,False
26011609,2026-09-19 12:37:35+00:00,500.0,2641.5121673621543,2639.6355905761307,-1.876576786023669,1.876576786023669,0.07109226715700119,SushiSwap V2,Uniswap V3,-3.132166,-0.6264332,-3.835794,-0.7671588,SushiSwap V2 -> Uniswap V3,496.867834,-3.132166,-0.6264332,False
26011609,2026-09-19 12:37:35+00:00,1000.0,2641.5121673621543,2639.6355905761307,-1.876576786023669,1.876576786023669,0.07109226715700119,SushiSwap V2,Uniswap V3,-9.714473,-0.9714473,-11.112712,-1.1112712,SushiSwap V2 -> Uniswap V3,990.285527,-9.714473,-0.9714473,False
26011609,2026-09-19 12:37:35+00:00,5000.0,2641.5121673621543,2639.6355905761307,-1.876576786023669,1.876576786023669,0.07109226715700119,SushiSwap V2,Uniswap V3,-182.382296,-3.64764592,-189.028614,-3.78057228,SushiSwap V2 -> Uniswap V3,4817.617704,-182.382296,-3.64764592,False
26011609,2026-09-19 12:37:35+00:00,10000.0,2641.5121673621543,2639.6355905761307,-1.876576786023669,1.876576786023669,0.07109226715700119,SushiSwap V2,Uniswap V3,-679.613264,-6.79613264,-692.116574,-6.92116574,SushiSwap V2 -> Uniswap V3,9320.386736,-679.613264,-6.79613264,False
26011610,2026-09-19 12:37:47+00:00,100.0,2641.5121673621543,2639.6355905761307,-1.876576786023669,1.876576786023669,0.07109226715700119,SushiSwap V2,Uniswap V3,-0.348686,-0.348686,-0.49014,-0.49014,SushiSwap V2 -> Uniswap V3,99.651314,-0.348686,-0.348686,False
26011610,2026-09-19 12:37:47+00:00,500.0,2641.5121673621543,2639.6355905761307,-1.876576786023669,1.876576786023669,0.07109226715700119,SushiSwap V2,Uniswap V3,-3.132166,-0.6264332,-3.835794,-0.7671588,SushiSwap V2 -> Uniswap V3,496.867834,-3.132166,-0.6264332,False
26011610,2026-09-19 12:37:47+00:00,1000.0,2641.5121673621543,2639.6355905761307,-1.876576786023669,1.876576786023669,0.07109226715700119,SushiSwap V2,Uniswap V3,-9.714473,-0.9714473,-11.112712,-1.1112712,SushiSwap V2 -> Uniswap V3,990.285527,-9.714473,-0.9714473,False
26011610,2026-09-19 12:37:47+00:00,5000.0,2641.5121673621543,2639.6355905761307,-1.876576786023669,1.876576786023669,0.07109226715700119,SushiSwap V2,Uniswap V3,-182.382296,-3.64764592,-189.028614,-3.78057228,SushiSwap V2 -> Uniswap V3,4817.617704,-182.382296,-3.64764592,False
26011610,2026-09-19 12:37:47+00:00,10000.0,2641.5121673621543,2639.6355905761307,-1.876576786023669,1.876576786023669,0.07109226715700119,SushiSwap V2,Uniswap V3,-679.613264,-6.79613264,-692.116574,-6.92116574,SushiSwap V2 -> Uniswap V3,9320.386736,-679.613264,-6.79613264,False
26011611,2026-09-19 12:37:59+00:00,100.0,2641.5121673621543,2639.6355905761307,-1.876576786023669,1.876576786023669,0.07109226715700119,SushiSwap V2,Uniswap V3,-0.348686,-0.348686,-0.49014,-0.49014,SushiSwap V2 -> Uniswap V3,99.651314,-0.348686,-0.348686,False
26011611,2026-09-19 12:37:59+00:00,500.0,2641.5121673621543,2639.6355905761307,-1.876576786023669,1.876576786023669,0.07109226715700119,SushiSwap V2,Uniswap V3,-3.132166,-0.6264332,-3.835794,-0.7671588,SushiSwap V2 -> Uniswap V3,496.867834,-3.132166,-0.6264332,False
26011611,2026-09-19 12:37:59+00:00,1000.0,2641.5121673621543,2639.6355905761307,-1.876576786023669,1.876576786023669,0.07109226715700119,SushiSwap V2,Uniswap V3,-9.714473,-0.9714473,-11.112712,-1.1112712,SushiSwap V2 -> Uniswap V3,990.285527,-9.714473,-0.9714473,False
26011611,2026-09-19 12:37:59+00:00,5000.0,2641.5121673621543,2639.6355905761307,-1.876576786023669,1.876576786023669,0.07109226715700119,SushiSwap V2,Uniswap V3,-182.382296,-3.64764592,-189.028614,-3.78057228,SushiSwap V2 -> Uniswap V3,4817.617704,-182.382296,-3.64764592,False
26011611,2026-09-19 12:37:59+00:00,10000.0,2641.5121673621543,2639.6355905761307,-1.876576786023669,1.876576786023669,0.07109226715700119,SushiSwap V2,Uniswap V3,-679.613264,-6.79613264,-692.116574,-6.92116574,SushiSwap V2 -> Uniswap V3,9320.386736,-679.613264,-6.79613264,False
26011612,2026-09-19 12:38:11+00:00,100.0,2641.5121673621543,2639.6355905761307,-1.876576786023669,1.876576786023669,0.07109226715700119,SushiSwap V2,Uniswap V3,-0.348686,-0.348686,-0.49014,-0.49014,SushiSwap V2 -> Uniswap V3,99.651314,-0.348686,-0.348686,False
26011612,2026-09-19 12:38:11+00:00,500.0,2641.5121673621543,2639.6355905761307,-1.876576786023669,1.876576786023669,0.07109226715700119,SushiSwap V2,Uniswap V3,-3.132166,-0.6264332,-3.835794,-0.7671588,SushiSwap V2 -> Uniswap V3,496.867834,-3.132166,-0.6264332,False
26011612,2026-09-19 12:38:11+00:00,1000.0,2641.5121673621543,2639.6355905761307,-1.876576786023669,1.876576786023669,0.07109226715700119,SushiSwap V2,Uniswap V3,-9.714473,-0.9714473,-11.112712,-1.1112712,SushiSwap V2 -> Uniswap V3,990.285527,-9.714473,-0.9714473,False
26011612,2026-09-19 12:38:11+00:00,5000.0,2641.5121673621543,2639.6355905761307,-1.876576786023669,1.876576786023669,0.07109226715700119,SushiSwap V2,Uniswap V3,-182.382296,-3.64764592,-189.028614,-3.78057228,SushiSwap V2 -> Uniswap V3,4817.617704,-182.382296,-3.64764592,False
26011612,2026-09-19 12:38:11+00:00,10000.0,2641.5121673621543,2639.6355905761307,-1.876576786023669,1.876576786023669,0.07109226715700119,SushiSwap V2,Uniswap V3,-679.613264,-6.79613264,-692.116574,-6.92116574,SushiSwap V2 -> Uniswap V3,9320.386736,-679.613264,-6.79613264,False
26011613,2026-09-19 12:38:23+00:00,100.0,2641.5121329584613,2639.6355905761307,-1.8765423823305132,1.8765423823305132,0.07109096380689944,SushiSwap V2,Uniswap V3,-0.348688,-0.348688,-0.490139,-0.490139,SushiSwap V2 -> Uniswap V3,99.651312,-0.348688,-0.348688,False
26011613,2026-09-19 12:38:23+00:00,500.0,2641.5121329584613,2639.6355905761307,-1.8765423823305132,1.8765423823305132,0.07109096380689944,SushiSwap V2,Uniswap V3,-3.132172,-0.6264344,-3.835788,-0.7671576,SushiSwap V2 -> Uniswap V3,496.867828,-3.132172,-0.6264344,False
26011613,2026-09-19 12:38:23+00:00,1000.0,2641.5121329584613,2639.6355905761307,-1.8765423823305132,1.8765423823305132,0.07109096380689944,SushiSwap V2,Uniswap V3,-9.714486,-0.9714486,-11.112699,-1.1112699,SushiSwap V2 -> Uniswap V3,990.285514,-9.714486,-0.9714486,False
26011613,2026-09-19 12:38:23+00:00,5000.0,2641.5121329584613,2639.6355905761307,-1.8765423823305132,1.8765423823305132,0.07109096380689944,SushiSwap V2,Uniswap V3,-182.382359,-3.64764718,-189.028553,-3.78057106,SushiSwap V2 -> Uniswap V3,4817.617641,-182.382359,-3.64764718,False
26011613,2026-09-19 12:38:23+00:00,10000.0,2641.5121329584613,2639.6355905761307,-1.8765423823305132,1.8765423823305132,0.07109096380689944,SushiSwap V2,Uniswap V3,-679.613386,-6.79613386,-692.116461,-6.92116461,SushiSwap V2 -> Uniswap V3,9320.386614,-679.613386,-6.79613386,False
26011614,2026-09-19 12:38:35+00:00,100.0,2641.395644847778,2639.6355905761307,-1.7600542716470866,1.7600542716470866,0.06667792622325322,SushiSwap V2,Uniswap V3,-0.353082,-0.353082,-0.485754,-0.485754,SushiSwap V2 -> Uniswap V3,99.646918,-0.353082,-0.353082,False
26011614,2026-09-19 12:38:35+00:00,500.0,2641.395644847778,2639.6355905761307,-1.7600542716470866,1.7600542716470866,0.06667792622325322,SushiSwap V2,Uniswap V3,-3.154084,-0.6308168,-3.813983,-0.7627966,SushiSwap V2 -> Uniswap V3,496.845916,-3.154084,-0.6308168,False
26011614,2026-09-19 12:38:35+00:00,1000.0,2641.395644847778,2639.6355905761307,-1.7600542716470866,1.7600542716470866,0.06667792622325322,SushiSwap V2,Uniswap V3,-9.758156,-0.9758156,-11.069391,-1.1069391,SushiSwap V2 -> Uniswap V3,990.241844,-9.758156,-0.9758156,False
26011614,2026-09-19 12:38:35+00:00,5000.0,2641.395644847778,2639.6355905761307,-1.7600542716470866,1.7600542716470866,0.06667792622325322,SushiSwap V2,Uniswap V3,-182.594809,-3.65189618,-188.823541,-3.77647082,SushiSwap V2 -> Uniswap V3,4817.405191,-182.594809,-3.65189618,False
26011614,2026-09-19 12:38:35+00:00,10000.0,2641.395644847778,2639.6355905761307,-1.7600542716470866,1.7600542716470866,0.06667792622325322,SushiSwap V2,Uniswap V3,-680.024268,-6.80024268,-691.732763,-6.91732763,SushiSwap V2 -> Uniswap V3,9319.975732,-680.024268,-6.80024268,False
26011615,2026-09-19 12:38:59+00:00,100.0,2641.0847379961224,2639.6355905761307,-1.4491474199917547,1.4491474199917547,0.05489952572110386,SushiSwap V2,Uniswap V3,-0.364811,-0.364811,-0.474047,-0.474047,SushiSwap V2 -> Uniswap V3,99.635189,-0.364811,-0.364811,False
26011615,2026-09-19 12:38:59+00:00,500.0,2641.0847379961224,2639.6355905761307,-1.4491474199917547,1.4491474199917547,0.05489952572110386,SushiSwap V2,Uniswap V3,-3.212562,-0.6425124,-3.755772,-0.7511544,SushiSwap V2 -> Uniswap V3,496.787438,-3.212562,-0.6425124,False
26011615,2026-09-19 12:38:59+00:00,1000.0,2641.0847379961224,2639.6355905761307,-1.4491474199917547,1.4491474199917547,0.05489952572110386,SushiSwap V2,Uniswap V3,-9.874701,-0.9874701,-10.95377,-1.095377,SushiSwap V2 -> Uniswap V3,990.125299,-9.874701,-0.9874701,False
26011615,2026-09-19 12:38:59+00:00,5000.0,2641.0847379961224,2639.6355905761307,-1.4491474199917547,1.4491474199917547,0.05489952572110386,SushiSwap V2,Uniswap V3,-183.161562,-3.66323124,-188.276003,-3.76552006,SushiSwap V2 -> Uniswap V3,4816.838438,-183.161562,-3.66323124,False
26011615,2026-09-19 12:38:59+00:00,10000.0,2641.0847379961224,2639.6355905761307,-1.4491474199917547,1.4491474199917547,0.05489952572110386,SushiSwap V2,Uniswap V3,-681.120354,-6.81120354,-690.707572,-6.90707572,SushiSwap V2 -> Uniswap V3,9318.879646,-681.120354,-6.81120354,False
26011616,2026-09-19 12:39:11+00:00,100.0,2641.0847379961224,2639.6355905761307,-1.4491474199917547,1.4491474199917547,0.05489952572110386,SushiSwap V2,Uniswap V3,-0.364811,-0.364811,-0.474047,-0.474047,SushiSwap V2 -> Uniswap V3,99.635189,-0.364811,-0.364811,False
26011616,2026-09-19 12:39:11+00:00,500.0,2641.0847379961224,2639.6355905761307,-1.4491474199917547,1.4491474199917547,0.05489952572110386,SushiSwap V2,Uniswap V3,-3.212562,-0.6425124,-3.755772,-0.7511544,SushiSwap V2 -> Uniswap V3,496.787438,-3.212562,-0.6425124,False
26011616,2026-09-19 12:39:11+00:00,1000.0,2641.0847379961224,2639.6355905761307,-1.4491474199917547,1.4491474199917547,0.05489952572110386,SushiSwap V2,Uniswap V3,-9.874701,-0.9874701,-10.95377,-1.095377,SushiSwap V2 -> Uniswap V3,990.125299,-9.874701,-0.9874701,False
26011616,2026-09-19 12:39:11+00:00,5000.0,2641.0847379961224,2639.6355905761307,-1.4491474199917547,1.4491474199917547,0.05489952572110386,SushiSwap V2,Uniswap V3,-183.161562,-3.66323124,-188.276003,-3.76552006,SushiSwap V2 -> Uniswap V3,4816.838438,-183.161562,-3.66323124,False
26011616,2026-09-19 12:39:11+00:00,10000.0,2641.0847379961224,2639.6355905761307,-1.4491474199917547,1.4491474199917547,0.05489952572110386,SushiSwap V2,Uniswap V3,-681.120354,-6.81120354,-690.707572,-6.90707572,SushiSwap V2 -> Uniswap V3,9318.879646,-681.120354,-6.81120354,False
26011617,2026-09-19 12:39:23+00:00,100.0,2640.8451855343997,2639.6355905761307,-1.2095949582689323,1.2095949582689323,0.04582431615134134,SushiSwap V2,Uniswap V3,-0.373848,-0.373848,-0.465025,-0.465025,SushiSwap V2 -> Uniswap V3,99.626152,-0.373848,-0.373848,False
26011617,2026-09-19 12:39:23+00:00,500.0,2640.8451855343997,2639.6355905761307,-1.2095949582689323,1.2095949582689323,0.04582431615134134,SushiSwap V2,Uniswap V3,-3.257622,-0.6515244,-3.710914,-0.7421828,SushiSwap V2 -> Uniswap V3,496.742378,-3.257622,-0.6515244,False
26011617,2026-09-19 12:39:23+00:00,1000.0,2640.8451855343997,2639.6355905761307,-1.2095949582689323,1.2095949582689323,0.04582431615134134,SushiSwap V2,Uniswap V3,-9.964508,-0.9964508,-10.864675,-1.0864675,SushiSwap V2 -> Uniswap V3,990.035492,-9.964508,-0.9964508,False
26011617,2026-09-19 12:39:23+00:00,5000.0,2640.8451855343997,2639.6355905761307,-1.2095949582689323,1.2095949582689323,0.04582431615134134,SushiSwap V2,Uniswap V3,-183.598455,-3.6719691,-187.854255,-3.7570851,SushiSwap V2 -> Uniswap V3,4816.401545,-183.598455,-3.6719691,False
26011617,2026-09-19 12:39:23+00:00,10000.0,2640.8451855343997,2639.6355905761307,-1.2095949582689323,1.2095949582689323,0.04582431615134134,SushiSwap V2,Uniswap V3,-681.96558,-6.8196558,-689.918154,-6.89918154,SushiSwap V2 -> Uniswap V3,9318.03442,-681.96558,-6.8196558,False
26011618,2026-09-19 12:39:35+00:00,100.0,2640.7721104329935,2639.6355905761307,-1.1365198568625754,1.1365198568625754,0.04305593775595808,SushiSwap V2,Uniswap V3,-0.376605,-0.376605,-0.462273,-0.462273,SushiSwap V2 -> Uniswap V3,99.623395,-0.376605,-0.376605,False
26011618,2026-09-19 12:39:35+00:00,500.0,2640.7721104329935,2639.6355905761307,-1.1365198568625754,1.1365198568625754,0.04305593775595808,SushiSwap V2,Uniswap V3,-3.271367,-0.6542734,-3.697229,-0.7394458,SushiSwap V2 -> Uniswap V3,496.728633,-3.271367,-0.6542734,False
26011618,2026-09-19 12:39:35+00:00,1000.0,2640.7721104329935,2639.6355905761307,-1.1365198568625754,1.1365198568625754,0.04305593775595808,SushiSwap V2,Uniswap V3,-9.991903,-0.9991903,-10.837494,-1.0837494,SushiSwap V2 -> Uniswap V3,990.008097,-9.991903,-0.9991903,False
26011618,2026-09-19 12:39:35+00:00,5000.0,2640.7721104329935,2639.6355905761307,-1.1365198568625754,1.1365198568625754,0.04305593775595808,SushiSwap V2,Uniswap V3,-183.731729,-3.67463458,-187.725587,-3.75451174,SushiSwap V2 -> Uniswap V3,4816.268271,-183.731729,-3.67463458,False
26011618,2026-09-19 12:39:35+00:00,10000.0,2640.7721104329935,2639.6355905761307,-1.1365198568625754,1.1365198568625754,0.04305593775595808,SushiSwap V2,Uniswap V3,-682.223415,-6.82223415,-689.677344,-6.89677344,SushiSwap V2 -> Uniswap V3,9317.776585,-682.223415,-6.82223415,False
26011619,2026-09-19 12:39:47+00:00,100.0,2640.7721104329935,2639.6355905761307,-1.1365198568625754,1.1365198568625754,0.04305593775595808,SushiSwap V2,Uniswap V3,-0.376605,-0.376605,-0.462273,-0.462273,SushiSwap V2 -> Uniswap V3,99.623395,-0.376605,-0.376605,False
26011619,2026-09-19 12:39:47+00:00,500.0,2640.7721104329935,2639.6355905761307,-1.1365198568625754,1.1365198568625754,0.04305593775595808,SushiSwap V2,Uniswap V3,-3.271367,-0.6542734,-3.697229,-0.7394458,SushiSwap V2 -> Uniswap V3,496.728633,-3.271367,-0.6542734,False
26011619,2026-09-19 12:39:47+00:00,1000.0,2640.7721104329935,2639.6355905761307,-1.1365198568625754,1.1365198568625754,0.04305593775595808,SushiSwap V2,Uniswap V3,-9.991903,-0.9991903,-10.837494,-1.0837494,SushiSwap V2 -> Uniswap V3,990.008097,-9.991903,-0.9991903,False
26011619,2026-09-19 12:39:47+00:00,5000.0,2640.7721104329935,2639.6355905761307,-1.1365198568625754,1.1365198568625754,0.04305593775595808,SushiSwap V2,Uniswap V3,-183.731729,-3.67463458,-187.725587,-3.75451174,SushiSwap V2 -> Uniswap V3,4816.268271,-183.731729,-3.67463458,False
26011619,2026-09-19 12:39:47+00:00,10000.0,2640.7721104329935,2639.6355905761307,-1.1365198568625754,1.1365198568625754,0.04305593775595808,SushiSwap V2,Uniswap V3,-682.223415,-6.82223415,-689.677344,-6.89677344,SushiSwap V2 -> Uniswap V3,9317.776585,-682.223415,-6.82223415,False
26011620,2026-09-19 12:39:59+00:00,100.0,2640.7721104329935,2639.6355905761307,-1.1365198568625754,1.1365198568625754,0.04305593775595808,SushiSwap V2,Uniswap V3,-0.376605,-0.376605,-0.462273,-0.462273,SushiSwap V2 -> Uniswap V3,99.623395,-0.376605,-0.376605,False
26011620,2026-09-19 12:39:59+00:00,500.0,2640.7721104329935,2639.6355905761307,-1.1365198568625754,1.1365198568625754,0.04305593775595808,SushiSwap V2,Uniswap V3,-3.271367,-0.6542734,-3.697229,-0.7394458,SushiSwap V2 -> Uniswap V3,496.728633,-3.271367,-0.6542734,False
26011620,2026-09-19 12:39:59+00:00,1000.0,2640.7721104329935,2639.6355905761307,-1.1365198568625754,1.1365198568625754,0.04305593775595808,SushiSwap V2,Uniswap V3,-9.991903,-0.9991903,-10.837494,-1.0837494,SushiSwap V2 -> Uniswap V3,990.008097,-9.991903,-0.9991903,False
26011620,2026-09-19 12:39:59+00:00,5000.0,2640.7721104329935,2639.6355905761307,-1.1365198568625754,1.1365198568625754,0.04305593775595808,SushiSwap V2,Uniswap V3,-183.731729,-3.67463458,-187.725587,-3.75451174,SushiSwap V2 -> Uniswap V3,4816.268271,-183.731729,-3.67463458,False
26011620,2026-09-19 12:39:59+00:00,10000.0,2640.7721104329935,2639.6355905761307,-1.1365198568625754,1.1365198568625754,0.04305593775595808,SushiSwap V2,Uniswap V3,-682.223415,-6.82223415,-689.677344,-6.89677344,SushiSwap V2 -> Uniswap V3,9317.776585,-682.223415,-6.82223415,False
26011621,2026-09-19 12:40:11+00:00,100.0,2640.7721104329935,2639.6355905761307,-1.1365198568625754,1.1365198568625754,0.04305593775595808,SushiSwap V2,Uniswap V3,-0.376605,-0.376605,-0.462273,-0.462273,SushiSwap V2 -> Uniswap V3,99.623395,-0.376605,-0.376605,False
26011621,2026-09-19 12:40:11+00:00,500.0,2640.7721104329935,2639.6355905761307,-1.1365198568625754,1.1365198568625754,0.04305593775595808,SushiSwap V2,Uniswap V3,-3.271367,-0.6542734,-3.697229,-0.7394458,SushiSwap V2 -> Uniswap V3,496.728633,-3.271367,-0.6542734,False
26011621,2026-09-19 12:40:11+00:00,1000.0,2640.7721104329935,2639.6355905761307,-1.1365198568625754,1.1365198568625754,0.04305593775595808,SushiSwap V2,Uniswap V3,-9.991903,-0.9991903,-10.837494,-1.0837494,SushiSwap V2 -> Uniswap V3,990.008097,-9.991903,-0.9991903,False
26011621,2026-09-19 12:40:11+00:00,5000.0,2640.7721104329935,2639.6355905761307,-1.1365198568625754,1.1365198568625754,0.04305593775595808,SushiSwap V2,Uniswap V3,-183.731729,-3.67463458,-187.725587,-3.75451174,SushiSwap V2 -> Uniswap V3,4816.268271,-183.731729,-3.67463458,False
26011621,2026-09-19 12:40:11+00:00,10000.0,2640.7721104329935,2639.6355905761307,-1.1365198568625754,1.1365198568625754,0.04305593775595808,SushiSwap V2,Uniswap V3,-682.223415,-6.82223415,-689.677344,-6.89677344,SushiSwap V2 -> Uniswap V3,9317.776585,-682.223415,-6.82223415,False
26011622,2026-09-19 12:40:23+00:00,100.0,2640.7721217282856,2639.6355905761307,-1.136531152154833,1.136531152154833,0.04305636566700376,SushiSwap V2,Uniswap V3,-0.376605,-0.376605,-0.462273,-0.462273,SushiSwap V2 -> Uniswap V3,99.623395,-0.376605,-0.376605,False
26011622,2026-09-19 12:40:23+00:00,500.0,2640.7721217282856,2639.6355905761307,-1.136531152154833,1.136531152154833,0.04305636566700376,SushiSwap V2,Uniswap V3,-3.271365,-0.654273,-3.697231,-0.7394462,SushiSwap V2 -> Uniswap V3,496.728635,-3.271365,-0.654273,False
26011622,2026-09-19 12:40:23+00:00,1000.0,2640.7721217282856,2639.6355905761307,-1.136531152154833,1.136531152154833,0.04305636566700376,SushiSwap V2,Uniswap V3,-9.991899,-0.9991899,-10.837498,-1.0837498,SushiSwap V2 -> Uniswap V3,990.008101,-9.991899,-0.9991899,False
26011622,2026-09-19 12:40:23+00:00,5000.0,2640.7721217282856,2639.6355905761307,-1.136531152154833,1.136531152154833,0.04305636566700376,SushiSwap V2,Uniswap V3,-183.731708,-3.67463416,-187.725607,-3.75451214,SushiSwap V2 -> Uniswap V3,4816.268292,-183.731708,-3.67463416,False
26011622,2026-09-19 12:40:23+00:00,10000.0,2640.7721217282856,2639.6355905761307,-1.136531152154833,1.136531152154833,0.04305636566700376,SushiSwap V2,Uniswap V3,-682.223375,-6.82223375,-689.677381,-6.89677381,SushiSwap V2 -> Uniswap V3,9317.776625,-682.223375,-6.82223375,False
26011623,2026-09-19 12:40:35+00:00,100.0,2640.7721217282856,2639.6355905761307,-1.136531152154833,1.136531152154833,0.04305636566700376,SushiSwap V2,Uniswap V3,-0.376605,-0.376605,-0.462273,-0.462273,SushiSwap V2 -> Uniswap V3,99.623395,-0.376605,-0.376605,False
26011623,2026-09-19 12:40:35+00:00,500.0,2640.7721217282856,2639.6355905761307,-1.136531152154833,1.136531152154833,0.04305636566700376,SushiSwap V2,Uniswap V3,-3.271365,-0.654273,-3.697231,-0.7394462,SushiSwap V2 -> Uniswap V3,496.728635,-3.271365,-0.654273,False
26011623,2026-09-19 12:40:35+00:00,1000.0,2640.7721217282856,2639.6355905761307,-1.136531152154833,1.136531152154833,0.04305636566700376,SushiSwap V2,Uniswap V3,-9.991899,-0.9991899,-10.837498,-1.0837498,SushiSwap V2 -> Uniswap V3,990.008101,-9.991899,-0.9991899,False
26011623,2026-09-19 12:40:35+00:00,5000.0,2640.7721217282856,2639.6355905761307,-1.136531152154833,1.136531152154833,0.04305636566700376,SushiSwap V2,Uniswap V3,-183.731708,-3.67463416,-187.725607,-3.75451214,SushiSwap V2 -> Uniswap V3,4816.268292,-183.731708,-3.67463416,False
26011623,2026-09-19 12:40:35+00:00,10000.0,2640.7721217282856,2639.6355905761307,-1.136531152154833,1.136531152154833,0.04305636566700376,SushiSwap V2,Uniswap V3,-682.223375,-6.82223375,-689.677381,-6.89677381,SushiSwap V2 -> Uniswap V3,9317.776625,-682.223375,-6.82223375,False
26011624,2026-09-19 12:40:47+00:00,100.0,2640.7721217282856,2639.6355905761307,-1.136531152154833,1.136531152154833,0.04305636566700376,SushiSwap V2,Uniswap V3,-0.376605,-0.376605,-0.462273,-0.462273,SushiSwap V2 -> Uniswap V3,99.623395,-0.376605,-0.376605,False
26011624,2026-09-19 12:40:47+00:00,500.0,2640.7721217282856,2639.6355905761307,-1.136531152154833,1.136531152154833,0.04305636566700376,SushiSwap V2,Uniswap V3,-3.271365,-0.654273,-3.697231,-0.7394462,SushiSwap V2 -> Uniswap V3,496.728635,-3.271365,-0.654273,False
26011624,2026-09-19 12:40:47+00:00,1000.0,2640.7721217282856,2639.6355905761307,-1.136531152154833,1.136531152154833,0.04305636566700376,SushiSwap V2,Uniswap V3,-9.991899,-0.9991899,-10.837498,-1.0837498,SushiSwap V2 -> Uniswap V3,990.008101,-9.991899,-0.9991899,False
26011624,2026-09-19 12:40:47+00:00,5000.0,2640.7721217282856,2639.6355905761307,-1.136531152154833,1.136531152154833,0.04305636566700376,SushiSwap V2,Uniswap V3,-183.731708,-3.67463416,-187.725607,-3.75451214,SushiSwap V2 -> Uniswap V3,4816.268292,-183.731708,-3.67463416,False
26011624,2026-09-19 12:40:47+00:00,10000.0,2640.7721217282856,2639.6355905761307,-1.136531152154833,1.136531152154833,0.04305636566700376,SushiSwap V2,Uniswap V3,-682.223375,-6.82223375,-689.677381,-6.89677381,SushiSwap V2 -> Uniswap V3,9317.776625,-682.223375,-6.82223375,False
26011625,2026-09-19 12:40:59+00:00,100.0,2640.7721217282856,2639.6355905761307,-1.136531152154833,1.136531152154833,0.04305636566700376,SushiSwap V2,Uniswap V3,-0.376605,-0.376605,-0.462273,-0.462273,SushiSwap V2 -> Uniswap V3,99.623395,-0.376605,-0.376605,False
26011625,2026-09-19 12:40:59+00:00,500.0,2640.7721217282856,2639.6355905761307,-1.136531152154833,1.136531152154833,0.04305636566700376,SushiSwap V2,Uniswap V3,-3.271365,-0.654273,-3.697231,-0.7394462,SushiSwap V2 -> Uniswap V3,496.728635,-3.271365,-0.654273,False
26011625,2026-09-19 12:40:59+00:00,1000.0,2640.7721217282856,2639.6355905761307,-1.136531152154833,1.136531152154833,0.04305636566700376,SushiSwap V2,Uniswap V3,-9.991899,-0.9991899,-10.837498,-1.0837498,SushiSwap V2 -> Uniswap V3,990.008101,-9.991899,-0.9991899,False
26011625,2026-09-19 12:40:59+00:00,5000.0,2640.7721217282856,2639.6355905761307,-1.136531152154833,1.136531152154833,0.04305636566700376,SushiSwap V2,Uniswap V3,-183.731708,-3.67463416,-187.725607,-3.75451214,SushiSwap V2 -> Uniswap V3,4816.268292,-183.731708,-3.67463416,False
26011625,2026-09-19 12:40:59+00:00,10000.0,2640.7721217282856,2639.6355905761307,-1.136531152154833,1.136531152154833,0.04305636566700376,SushiSwap V2,Uniswap V3,-682.223375,-6.82223375,-689.677381,-6.89677381,SushiSwap V2 -> Uniswap V3,9317.776625,-682.223375,-6.82223375,False
26011626,2026-09-19 12:41:11+00:00,100.0,2640.618612370095,2639.6355905761307,-0.9830217939643642,0.9830217939643642,0.037240814507649836,SushiSwap V2,Uniswap V3,-0.382396,-0.382396,-0.456491,-0.456491,SushiSwap V2 -> Uniswap V3,99.617604,-0.382396,-0.382396,False
26011626,2026-09-19 12:41:11+00:00,500.0,2640.618612370095,2639.6355905761307,-0.9830217939643642,0.9830217939643642,0.037240814507649836,SushiSwap V2,Uniswap V3,-3.30024,-0.660048,-3.66848,-0.733696,SushiSwap V2 -> Uniswap V3,496.69976,-3.30024,-0.660048,False
26011626,2026-09-19 12:41:11+00:00,1000.0,2640.618612370095,2639.6355905761307,-0.9830217939643642,0.9830217939643642,0.037240814507649836,SushiSwap V2,Uniswap V3,-10.049448,-1.0049448,-10.780393,-1.0780393,SushiSwap V2 -> Uniswap V3,989.950552,-10.049448,-1.0049448,False
26011626,2026-09-19 12:41:11+00:00,5000.0,2640.618612370095,2639.6355905761307,-0.9830217939643642,0.9830217939643642,0.037240814507649836,SushiSwap V2,Uniswap V3,-184.011677,-3.68023354,-187.45529,-3.7491058,SushiSwap V2 -> Uniswap V3,4815.988323,-184.011677,-3.68023354,False
26011626,2026-09-19 12:41:11+00:00,10000.0,2640.618612370095,2639.6355905761307,-0.9830217939643642,0.9830217939643642,0.037240814507649836,SushiSwap V2,Uniswap V3,-682.765011,-6.82765011,-689.171468,-6.89171468,SushiSwap V2 -> Uniswap V3,9317.234989,-682.765011,-6.82765011,False
26011627,2026-09-19 12:41:23+00:00,100.0,2640.623031298061,2639.6355905761307,-0.987440721930427,0.987440721930427,0.037408221250529006,SushiSwap V2,Uniswap V3,-0.382229,-0.382229,-0.456657,-0.456657,SushiSwap V2 -> Uniswap V3,99.617771,-0.382229,-0.382229,False
26011627,2026-09-19 12:41:23+00:00,500.0,2640.623031298061,2639.6355905761307,-0.987440721930427,0.987440721930427,0.037408221250529006,SushiSwap V2,Uniswap V3,-3.299409,-0.6598818,-3.669307,-0.7338614,SushiSwap V2 -> Uniswap V3,496.700591,-3.299409,-0.6598818,False
26011627,2026-09-19 12:41:23+00:00,1000.0,2640.623031298061,2639.6355905761307,-0.987440721930427,0.987440721930427,0.037408221250529006,SushiSwap V2,Uniswap V3,-10.047792,-1.0047792,-10.782037,-1.0782037,SushiSwap V2 -> Uniswap V3,989.952208,-10.047792,-1.0047792,False
26011627,2026-09-19 12:41:23+00:00,5000.0,2640.623031298061,2639.6355905761307,-0.987440721930427,0.987440721930427,0.037408221250529006,SushiSwap V2,Uniswap V3,-184.003618,-3.68007236,-187.463072,-3.74926144,SushiSwap V2 -> Uniswap V3,4815.996382,-184.003618,-3.68007236,False
26011627,2026-09-19 12:41:23+00:00,10000.0,2640.623031298061,2639.6355905761307,-0.987440721930427,0.987440721930427,0.037408221250529006,SushiSwap V2,Uniswap V3,-682.749419,-6.82749419,-689.186032,-6.89186032,SushiSwap V2 -> Uniswap V3,9317.250581,-682.749419,-6.82749419,False
26011628,2026-09-19 12:41:35+00:00,100.0,2640.6443088299293,2639.6355905761307,-1.0087182537986652,1.0087182537986652,0.03821429963287095,SushiSwap V2,Uniswap V3,-0.381426,-0.381426,-0.457459,-0.457459,SushiSwap V2 -> Uniswap V3,99.618574,-0.381426,-0.381426,False
26011628,2026-09-19 12:41:35+00:00,500.0,2640.6443088299293,2639.6355905761307,-1.0087182537986652,1.0087182537986652,0.03821429963287095,SushiSwap V2,Uniswap V3,-3.295407,-0.6590814,-3.673293,-0.7346586,SushiSwap V2 -> Uniswap V3,496.704593,-3.295407,-0.6590814,False
26011628,2026-09-19 12:41:35+00:00,1000.0,2640.6443088299293,2639.6355905761307,-1.0087182537986652,1.0087182537986652,0.03821429963287095,SushiSwap V2,Uniswap V3,-10.039815,-1.0039815,-10.789952,-1.0789952,SushiSwap V2 -> Uniswap V3,989.960185,-10.039815,-1.0039815,False
26011628,2026-09-19 12:41:35+00:00,5000.0,2640.6443088299293,2639.6355905761307,-1.0087182537986652,1.0087182537986652,0.03821429963287095,SushiSwap V2,Uniswap V3,-183.964812,-3.67929624,-187.500541,-3.75001082,SushiSwap V2 -> Uniswap V3,4816.035188,-183.964812,-3.67929624,False
26011628,2026-09-19 12:41:35+00:00,10000.0,2640.6443088299293,2639.6355905761307,-1.0087182537986652,1.0087182537986652,0.03821429963287095,SushiSwap V2,Uniswap V3,-682.674345,-6.82674345,-689.256159,-6.89256159,SushiSwap V2 -> Uniswap V3,9317.325655,-682.674345,-6.82674345,False
26011629,2026-09-19 12:41:47+00:00,100.0,2640.644416376022,2639.6355905761307,-1.0088257998914603,1.0088257998914603,0.0382183739108955,SushiSwap V2,Uniswap V3,-0.381422,-0.381422,-0.457463,-0.457463,SushiSwap V2 -> Uniswap V3,99.618578,-0.381422,-0.381422,False
26011629,2026-09-19 12:41:47+00:00,500.0,2640.644416376022,2639.6355905761307,-1.0088257998914603,1.0088257998914603,0.0382183739108955,SushiSwap V2,Uniswap V3,-3.295386,-0.6590772,-3.673313,-0.7346626,SushiSwap V2 -> Uniswap V3,496.704614,-3.295386,-0.6590772,False
26011629,2026-09-19 12:41:47+00:00,1000.0,2640.644416376022,2639.6355905761307,-1.0088257998914603,1.0088257998914603,0.0382183739108955,SushiSwap V2,Uniswap V3,-10.039774,-1.0039774,-10.789992,-1.0789992,SushiSwap V2 -> Uniswap V3,989.960226,-10.039774,-1.0039774,False
26011629,2026-09-19 12:41:47+00:00,5000.0,2640.644416376022,2639.6355905761307,-1.0088257998914603,1.0088257998914603,0.0382183739108955,SushiSwap V2,Uniswap V3,-183.964616,-3.67929232,-187.500731,-3.75001462,SushiSwap V2 -> Uniswap V3,4816.035384,-183.964616,-3.67929232,False
26011629,2026-09-19 12:41:47+00:00,10000.0,2640.644416376022,2639.6355905761307,-1.0088257998914603,1.0088257998914603,0.0382183739108955,SushiSwap V2,Uniswap V3,-682.673965,-6.82673965,-689.256513,-6.89256513,SushiSwap V2 -> Uniswap V3,9317.326035,-682.673965,-6.82673965,False
26011630,2026-09-19 12:41:59+00:00,100.0,2640.644416376022,2639.6355905761307,-1.0088257998914603,1.0088257998914603,0.0382183739108955,SushiSwap V2,Uniswap V3,-0.381422,-0.381422,-0.457463,-0.457463,SushiSwap V2 -> Uniswap V3,99.618578,-0.381422,-0.381422,False
26011630,2026-09-19 12:41:59+00:00,500.0,2640.644416376022,2639.6355905761307,-1.0088257998914603,1.0088257998914603,0.0382183739108955,SushiSwap V2,Uniswap V3,-3.295386,-0.6590772,-3.673313,-0.7346626,SushiSwap V2 -> Uniswap V3,496.704614,-3.295386,-0.6590772,False
26011630,2026-09-19 12:41:59+00:00,1000.0,2640.644416376022,2639.6355905761307,-1.0088257998914603,1.0088257998914603,0.0382183739108955,SushiSwap V2,Uniswap V3,-10.039774,-1.0039774,-10.789992,-1.0789992,SushiSwap V2 -> Uniswap V3,989.960226,-10.039774,-1.0039774,False
26011630,2026-09-19 12:41:59+00:00,5000.0,2640.644416376022,2639.6355905761307,-1.0088257998914603,1.0088257998914603,0.0382183739108955,SushiSwap V2,Uniswap V3,-183.964616,-3.67929232,-187.500731,-3.75001462,SushiSwap V2 -> Uniswap V3,4816.035384,-183.964616,-3.67929232,False
26011630,2026-09-19 12:41:59+00:00,10000.0,2640.644416376022,2639.6355905761307,-1.0088257998914603,1.0088257998914603,0.0382183739108955,SushiSwap V2,Uniswap V3,-682.673965,-6.82673965,-689.256513,-6.89256513,SushiSwap V2 -> Uniswap V3,9317.326035,-682.673965,-6.82673965,False
26011631,2026-09-19 12:42:11+00:00,100.0,2640.644416376022,2639.6355905761307,-1.0088257998914603,1.0088257998914603,0.0382183739108955,SushiSwap V2,Uniswap V3,-0.381422,-0.381422,-0.457463,-0.457463,SushiSwap V2 -> Uniswap V3,99.618578,-0.381422,-0.381422,False
26011631,2026-09-19 12:42:11+00:00,500.0,2640.644416376022,2639.6355905761307,-1.0088257998914603,1.0088257998914603,0.0382183739108955,SushiSwap V2,Uniswap V3,-3.295386,-0.6590772,-3.673313,-0.7346626,SushiSwap V2 -> Uniswap V3,496.704614,-3.295386,-0.6590772,False
26011631,2026-09-19 12:42:11+00:00,1000.0,2640.644416376022,2639.6355905761307,-1.0088257998914603,1.0088257998914603,0.0382183739108955,SushiSwap V2,Uniswap V3,-10.039774,-1.0039774,-10.789992,-1.0789992,SushiSwap V2 -> Uniswap V3,989.960226,-10.039774,-1.0039774,False
26011631,2026-09-19 12:42:11+00:00,5000.0,2640.644416376022,2639.6355905761307,-1.0088257998914603,1.0088257998914603,0.0382183739108955,SushiSwap V2,Uniswap V3,-183.964616,-3.67929232,-187.500731,-3.75001462,SushiSwap V2 -> Uniswap V3,4816.035384,-183.964616,-3.67929232,False
26011631,2026-09-19 12:42:11+00:00,10000.0,2640.644416376022,2639.6355905761307,-1.0088257998914603,1.0088257998914603,0.0382183739108955,SushiSwap V2,Uniswap V3,-682.673965,-6.82673965,-689.256513,-6.89256513,SushiSwap V2 -> Uniswap V3,9317.326035,-682.673965,-6.82673965,False
26011632,2026-09-19 12:42:23+00:00,100.0,2640.644416376022,2639.6355905761307,-1.0088257998914603,1.0088257998914603,0.0382183739108955,SushiSwap V2,Uniswap V3,-0.381422,-0.381422,-0.457463,-0.457463,SushiSwap V2 -> Uniswap V3,99.618578,-0.381422,-0.381422,False
26011632,2026-09-19 12:42:23+00:00,500.0,2640.644416376022,2639.6355905761307,-1.0088257998914603,1.0088257998914603,0.0382183739108955,SushiSwap V2,Uniswap V3,-3.295386,-0.6590772,-3.673313,-0.7346626,SushiSwap V2 -> Uniswap V3,496.704614,-3.295386,-0.6590772,False
26011632,2026-09-19 12:42:23+00:00,1000.0,2640.644416376022,2639.6355905761307,-1.0088257998914603,1.0088257998914603,0.0382183739108955,SushiSwap V2,Uniswap V3,-10.039774,-1.0039774,-10.789992,-1.0789992,SushiSwap V2 -> Uniswap V3,989.960226,-10.039774,-1.0039774,False
26011632,2026-09-19 12:42:23+00:00,5000.0,2640.644416376022,2639.6355905761307,-1.0088257998914603,1.0088257998914603,0.0382183739108955,SushiSwap V2,Uniswap V3,-183.964616,-3.67929232,-187.500731,-3.75001462,SushiSwap V2 -> Uniswap V3,4816.035384,-183.964616,-3.67929232,False
26011632,2026-09-19 12:42:23+00:00,10000.0,2640.644416376022,2639.6355905761307,-1.0088257998914603,1.0088257998914603,0.0382183739108955,SushiSwap V2,Uniswap V3,-682.673965,-6.82673965,-689.256513,-6.89256513,SushiSwap V2 -> Uniswap V3,9317.326035,-682.673965,-6.82673965,False
26011633,2026-09-19 12:42:35+00:00,100.0,2640.644416376022,2639.6355905761307,-1.0088257998914603,1.0088257998914603,0.0382183739108955,SushiSwap V2,Uniswap V3,-0.381422,-0.381422,-0.457463,-0.457463,SushiSwap V2 -> Uniswap V3,99.618578,-0.381422,-0.381422,False
26011633,2026-09-19 12:42:35+00:00,500.0,2640.644416376022,2639.6355905761307,-1.0088257998914603,1.0088257998914603,0.0382183739108955,SushiSwap V2,Uniswap V3,-3.295386,-0.6590772,-3.673313,-0.7346626,SushiSwap V2 -> Uniswap V3,496.704614,-3.295386,-0.6590772,False
26011633,2026-09-19 12:42:35+00:00,1000.0,2640.644416376022,2639.6355905761307,-1.0088257998914603,1.0088257998914603,0.0382183739108955,SushiSwap V2,Uniswap V3,-10.039774,-1.0039774,-10.789992,-1.0789992,SushiSwap V2 -> Uniswap V3,989.960226,-10.039774,-1.0039774,False
26011633,2026-09-19 12:42:35+00:00,5000.0,2640.644416376022,2639.6355905761307,-1.0088257998914603,1.0088257998914603,0.0382183739108955,SushiSwap V2,Uniswap V3,-183.964616,-3.67929232,-187.500731,-3.75001462,SushiSwap V2 -> Uniswap V3,4816.035384,-183.964616,-3.67929232,False
26011633,2026-09-19 12:42:35+00:00,10000.0,2640.644416376022,2639.6355905761307,-1.0088257998914603,1.0088257998914603,0.0382183739108955,SushiSwap V2,Uniswap V3,-682.673965,-6.82673965,-689.256513,-6.89256513,SushiSwap V2 -> Uniswap V3,9317.326035,-682.673965,-6.82673965,False
26011634,2026-09-19 12:42:47+00:00,100.0,2640.6444145846785,2639.6355905761307,-1.0088240085479374,1.0088240085479374,0.038218306047606745,SushiSwap V2,Uniswap V3,-0.381422,-0.381422,-0.457463,-0.457463,SushiSwap V2 -> Uniswap V3,99.618578,-0.381422,-0.381422,False
26011634,2026-09-19 12:42:47+00:00,500.0,2640.6444145846785,2639.6355905761307,-1.0088240085479374,1.0088240085479374,0.038218306047606745,SushiSwap V2,Uniswap V3,-3.295387,-0.6590774,-3.673312,-0.7346624,SushiSwap V2 -> Uniswap V3,496.704613,-3.295387,-0.6590774,False
26011634,2026-09-19 12:42:47+00:00,1000.0,2640.6444145846785,2639.6355905761307,-1.0088240085479374,1.0088240085479374,0.038218306047606745,SushiSwap V2,Uniswap V3,-10.039775,-1.0039775,-10.789992,-1.0789992,SushiSwap V2 -> Uniswap V3,989.960225,-10.039775,-1.0039775,False
26011634,2026-09-19 12:42:47+00:00,5000.0,2640.6444145846785,2639.6355905761307,-1.0088240085479374,1.0088240085479374,0.038218306047606745,SushiSwap V2,Uniswap V3,-183.964619,-3.67929238,-187.500728,-3.75001456,SushiSwap V2 -> Uniswap V3,4816.035381,-183.964619,-3.67929238,False
26011634,2026-09-19 12:42:47+00:00,10000.0,2640.6444145846785,2639.6355905761307,-1.0088240085479374,1.0088240085479374,0.038218306047606745,SushiSwap V2,Uniswap V3,-682.673971,-6.82673971,-689.256507,-6.89256507,SushiSwap V2 -> Uniswap V3,9317.326029,-682.673971,-6.82673971,False
26011635,2026-09-19 12:42:59+00:00,100.0,2640.6444145846785,2639.6355905761307,-1.0088240085479374,1.0088240085479374,0.038218306047606745,SushiSwap V2,Uniswap V3,-0.381422,-0.381422,-0.457463,-0.457463,SushiSwap V2 -> Uniswap V3,99.618578,-0.381422,-0.381422,False
26011635,2026-09-19 12:42:59+00:00,500.0,2640.6444145846785,2639.6355905761307,-1.0088240085479374,1.0088240085479374,0.038218306047606745,SushiSwap V2,Uniswap V3,-3.295387,-0.6590774,-3.673312,-0.7346624,SushiSwap V2 -> Uniswap V3,496.704613,-3.295387,-0.6590774,False
26011635,2026-09-19 12:42:59+00:00,1000.0,2640.6444145846785,2639.6355905761307,-1.0088240085479374,1.0088240085479374,0.038218306047606745,SushiSwap V2,Uniswap V3,-10.039775,-1.0039775,-10.789992,-1.0789992,SushiSwap V2 -> Uniswap V3,989.960225,-10.039775,-1.0039775,False
26011635,2026-09-19 12:42:59+00:00,5000.0,2640.6444145846785,2639.6355905761307,-1.0088240085479374,1.0088240085479374,0.038218306047606745,SushiSwap V2,Uniswap V3,-183.964619,-3.67929238,-187.500728,-3.75001456,SushiSwap V2 -> Uniswap V3,4816.035381,-183.964619,-3.67929238,False
26011635,2026-09-19 12:42:59+00:00,10000.0,2640.6444145846785,2639.6355905761307,-1.0088240085479374,1.0088240085479374,0.038218306047606745,SushiSwap V2,Uniswap V3,-682.673971,-6.82673971,-689.256507,-6.89256507,SushiSwap V2 -> Uniswap V3,9317.326029,-682.673971,-6.82673971,False
26011636,2026-09-19 12:43:11+00:00,100.0,2640.210288538212,2639.6355905761307,-0.5746979620811195,0.5746979620811195,0.021771867455222676,SushiSwap V2,Uniswap V3,-0.3978,-0.3978,-0.441106,-0.441106,SushiSwap V2 -> Uniswap V3,99.6022,-0.3978,-0.3978,False
26011636,2026-09-19 12:43:11+00:00,500.0,2640.210288538212,2639.6355905761307,-0.5746979620811195,0.5746979620811195,0.021771867455222676,SushiSwap V2,Uniswap V3,-3.377046,-0.6754092,-3.591986,-0.7183972,SushiSwap V2 -> Uniswap V3,496.622954,-3.377046,-0.6754092,False
26011636,2026-09-19 12:43:11+00:00,1000.0,2640.210288538212,2639.6355905761307,-0.5746979620811195,0.5746979620811195,0.021771867455222676,SushiSwap V2,Uniswap V3,-10.202526,-1.0202526,-10.628466,-1.0628466,SushiSwap V2 -> Uniswap V3,989.797474,-10.202526,-1.0202526,False
26011636,2026-09-19 12:43:11+00:00,5000.0,2640.210288538212,2639.6355905761307,-0.5746979620811195,0.5746979620811195,0.021771867455222676,SushiSwap V2,Uniswap V3,-184.756375,-3.6951275,-186.736119,-3.73472238,SushiSwap V2 -> Uniswap V3,4815.243625,-184.756375,-3.6951275,False
26011636,2026-09-19 12:43:11+00:00,10000.0,2640.210288538212,2639.6355905761307,-0.5746979620811195,0.5746979620811195,0.021771867455222676,SushiSwap V2,Uniswap V3,-684.205722,-6.84205722,-687.825509,-6.87825509,SushiSwap V2 -> Uniswap V3,9315.794278,-684.205722,-6.84205722,False
26011637,2026-09-19 12:43:23+00:00,100.0,2640.210288538212,2639.6355905761307,-0.5746979620811195,0.5746979620811195,0.021771867455222676,SushiSwap V2,Uniswap V3,-0.3978,-0.3978,-0.441106,-0.441106,SushiSwap V2 -> Uniswap V3,99.6022,-0.3978,-0.3978,False
26011637,2026-09-19 12:43:23+00:00,500.0,2640.210288538212,2639.6355905761307,-0.5746979620811195,0.5746979620811195,0.021771867455222676,SushiSwap V2,Uniswap V3,-3.377046,-0.6754092,-3.591986,-0.7183972,SushiSwap V2 -> Uniswap V3,496.622954,-3.377046,-0.6754092,False
26011637,2026-09-19 12:43:23+00:00,1000.0,2640.210288538212,2639.6355905761307,-0.5746979620811195,0.5746979620811195,0.021771867455222676,SushiSwap V2,Uniswap V3,-10.202526,-1.0202526,-10.628466,-1.0628466,SushiSwap V2 -> Uniswap V3,989.797474,-10.202526,-1.0202526,False
26011637,2026-09-19 12:43:23+00:00,5000.0,2640.210288538212,2639.6355905761307,-0.5746979620811195,0.5746979620811195,0.021771867455222676,SushiSwap V2,Uniswap V3,-184.756375,-3.6951275,-186.736119,-3.73472238,SushiSwap V2 -> Uniswap V3,4815.243625,-184.756375,-3.6951275,False
26011637,2026-09-19 12:43:23+00:00,10000.0,2640.210288538212,2639.6355905761307,-0.5746979620811195,0.5746979620811195,0.021771867455222676,SushiSwap V2,Uniswap V3,-684.205722,-6.84205722,-687.825509,-6.87825509,SushiSwap V2 -> Uniswap V3,9315.794278,-684.205722,-6.84205722,False
26011638,2026-09-19 12:43:35+00:00,100.0,2640.210286747305,2639.6355905761307,-0.5746961711740808,0.5746961711740808,0.021771799608469696,SushiSwap V2,Uniswap V3,-0.3978,-0.3978,-0.441106,-0.441106,SushiSwap V2 -> Uniswap V3,99.6022,-0.3978,-0.3978,False
26011638,2026-09-19 12:43:35+00:00,500.0,2640.210286747305,2639.6355905761307,-0.5746961711740808,0.5746961711740808,0.021771799608469696,SushiSwap V2,Uniswap V3,-3.377046,-0.6754092,-3.591986,-0.7183972,SushiSwap V2 -> Uniswap V3,496.622954,-3.377046,-0.6754092,False
26011638,2026-09-19 12:43:35+00:00,1000.0,2640.210286747305,2639.6355905761307,-0.5746961711740808,0.5746961711740808,0.021771799608469696,SushiSwap V2,Uniswap V3,-10.202526,-1.0202526,-10.628465,-1.0628465,SushiSwap V2 -> Uniswap V3,989.797474,-10.202526,-1.0202526,False
26011638,2026-09-19 12:43:35+00:00,5000.0,2640.210286747305,2639.6355905761307,-0.5746961711740808,0.5746961711740808,0.021771799608469696,SushiSwap V2,Uniswap V3,-184.756378,-3.69512756,-186.736116,-3.73472232,SushiSwap V2 -> Uniswap V3,4815.243622,-184.756378,-3.69512756,False
26011638,2026-09-19 12:43:35+00:00,10000.0,2640.210286747305,2639.6355905761307,-0.5746961711740808,0.5746961711740808,0.021771799608469696,SushiSwap V2,Uniswap V3,-684.205729,-6.84205729,-687.825503,-6.87825503,SushiSwap V2 -> Uniswap V3,9315.794271,-684.205729,-6.84205729,False
26011639,2026-09-19 12:43:47+00:00,100.0,2640.210286747305,2639.6355905761307,-0.5746961711740808,0.5746961711740808,0.021771799608469696,SushiSwap V2,Uniswap V3,-0.3978,-0.3978,-0.441106,-0.441106,SushiSwap V2 -> Uniswap V3,99.6022,-0.3978,-0.3978,False
26011639,2026-09-19 12:43:47+00:00,500.0,2640.210286747305,2639.6355905761307,-0.5746961711740808,0.5746961711740808,0.021771799608469696,SushiSwap V2,Uniswap V3,-3.377046,-0.6754092,-3.591986,-0.7183972,SushiSwap V2 -> Uniswap V3,496.622954,-3.377046,-0.6754092,False
26011639,2026-09-19 12:43:47+00:00,1000.0,2640.210286747305,2639.6355905761307,-0.5746961711740808,0.5746961711740808,0.021771799608469696,SushiSwap V2,Uniswap V3,-10.202526,-1.0202526,-10.628465,-1.0628465,SushiSwap V2 -> Uniswap V3,989.797474,-10.202526,-1.0202526,False
26011639,2026-09-19 12:43:47+00:00,5000.0,2640.210286747305,2639.6355905761307,-0.5746961711740808,0.5746961711740808,0.021771799608469696,SushiSwap V2,Uniswap V3,-184.756378,-3.69512756,-186.736116,-3.73472232,SushiSwap V2 -> Uniswap V3,4815.243622,-184.756378,-3.69512756,False
26011639,2026-09-19 12:43:47+00:00,10000.0,2640.210286747305,2639.6355905761307,-0.5746961711740808,0.5746961711740808,0.021771799608469696,SushiSwap V2,Uniswap V3,-684.205729,-6.84205729,-687.825503,-6.87825503,SushiSwap V2 -> Uniswap V3,9315.794271,-684.205729,-6.84205729,False
26011640,2026-09-19 12:43:59+00:00,100.0,2640.210286747305,2639.6355905761307,-0.5746961711740808,0.5746961711740808,0.021771799608469696,SushiSwap V2,Uniswap V3,-0.3978,-0.3978,-0.441106,-0.441106,SushiSwap V2 -> Uniswap V3,99.6022,-0.3978,-0.3978,False
26011640,2026-09-19 12:43:59+00:00,500.0,2640.210286747305,2639.6355905761307,-0.5746961711740808,0.5746961711740808,0.021771799608469696,SushiSwap V2,Uniswap V3,-3.377046,-0.6754092,-3.591986,-0.7183972,SushiSwap V2 -> Uniswap V3,496.622954,-3.377046,-0.6754092,False
26011640,2026-09-19 12:43:59+00:00,1000.0,2640.210286747305,2639.6355905761307,-0.5746961711740808,0.5746961711740808,0.021771799608469696,SushiSwap V2,Uniswap V3,-10.202526,-1.0202526,-10.628465,-1.0628465,SushiSwap V2 -> Uniswap V3,989.797474,-10.202526,-1.0202526,False
26011640,2026-09-19 12:43:59+00:00,5000.0,2640.210286747305,2639.6355905761307,-0.5746961711740808,0.5746961711740808,0.021771799608469696,SushiSwap V2,Uniswap V3,-184.756378,-3.69512756,-186.736116,-3.73472232,SushiSwap V2 -> Uniswap V3,4815.243622,-184.756378,-3.69512756,False
26011640,2026-09-19 12:43:59+00:00,10000.0,2640.210286747305,2639.6355905761307,-0.5746961711740808,0.5746961711740808,0.021771799608469696,SushiSwap V2,Uniswap V3,-684.205729,-6.84205729,-687.825503,-6.87825503,SushiSwap V2 -> Uniswap V3,9315.794271,-684.205729,-6.84205729,False
26011641,2026-09-19 12:44:11+00:00,100.0,2640.210286747305,2639.6355905761307,-0.5746961711740808,0.5746961711740808,0.021771799608469696,SushiSwap V2,Uniswap V3,-0.3978,-0.3978,-0.441106,-0.441106,SushiSwap V2 -> Uniswap V3,99.6022,-0.3978,-0.3978,False
26011641,2026-09-19 12:44:11+00:00,500.0,2640.210286747305,2639.6355905761307,-0.5746961711740808,0.5746961711740808,0.021771799608469696,SushiSwap V2,Uniswap V3,-3.377046,-0.6754092,-3.591986,-0.7183972,SushiSwap V2 -> Uniswap V3,496.622954,-3.377046,-0.6754092,False
26011641,2026-09-19 12:44:11+00:00,1000.0,2640.210286747305,2639.6355905761307,-0.5746961711740808,0.5746961711740808,0.021771799608469696,SushiSwap V2,Uniswap V3,-10.202526,-1.0202526,-10.628465,-1.0628465,SushiSwap V2 -> Uniswap V3,989.797474,-10.202526,-1.0202526,False
26011641,2026-09-19 12:44:11+00:00,5000.0,2640.210286747305,2639.6355905761307,-0.5746961711740808,0.5746961711740808,0.021771799608469696,SushiSwap V2,Uniswap V3,-184.756378,-3.69512756,-186.736116,-3.73472232,SushiSwap V2 -> Uniswap V3,4815.243622,-184.756378,-3.69512756,False
26011641,2026-09-19 12:44:11+00:00,10000.0,2640.210286747305,2639.6355905761307,-0.5746961711740808,0.5746961711740808,0.021771799608469696,SushiSwap V2,Uniswap V3,-684.205729,-6.84205729,-687.825503,-6.87825503,SushiSwap V2 -> Uniswap V3,9315.794271,-684.205729,-6.84205729,False
26011642,2026-09-19 12:44:23+00:00,100.0,2640.210286747305,2639.6355905761307,-0.5746961711740808,0.5746961711740808,0.021771799608469696,SushiSwap V2,Uniswap V3,-0.3978,-0.3978,-0.441106,-0.441106,SushiSwap V2 -> Uniswap V3,99.6022,-0.3978,-0.3978,False
26011642,2026-09-19 12:44:23+00:00,500.0,2640.210286747305,2639.6355905761307,-0.5746961711740808,0.5746961711740808,0.021771799608469696,SushiSwap V2,Uniswap V3,-3.377046,-0.6754092,-3.591986,-0.7183972,SushiSwap V2 -> Uniswap V3,496.622954,-3.377046,-0.6754092,False
26011642,2026-09-19 12:44:23+00:00,1000.0,2640.210286747305,2639.6355905761307,-0.5746961711740808,0.5746961711740808,0.021771799608469696,SushiSwap V2,Uniswap V3,-10.202526,-1.0202526,-10.628465,-1.0628465,SushiSwap V2 -> Uniswap V3,989.797474,-10.202526,-1.0202526,False
26011642,2026-09-19 12:44:23+00:00,5000.0,2640.210286747305,2639.6355905761307,-0.5746961711740808,0.5746961711740808,0.021771799608469696,SushiSwap V2,Uniswap V3,-184.756378,-3.69512756,-186.736116,-3.73472232,SushiSwap V2 -> Uniswap V3,4815.243622,-184.756378,-3.69512756,False
26011642,2026-09-19 12:44:23+00:00,10000.0,2640.210286747305,2639.6355905761307,-0.5746961711740808,0.5746961711740808,0.021771799608469696,SushiSwap V2,Uniswap V3,-684.205729,-6.84205729,-687.825503,-6.87825503,SushiSwap V2 -> Uniswap V3,9315.794271,-684.205729,-6.84205729,False
26011643,2026-09-19 12:44:35+00:00,100.0,2640.210286747305,2639.6355905761307,-0.5746961711740808,0.5746961711740808,0.021771799608469696,SushiSwap V2,Uniswap V3,-0.3978,-0.3978,-0.441106,-0.441106,SushiSwap V2 -> Uniswap V3,99.6022,-0.3978,-0.3978,False
26011643,2026-09-19 12:44:35+00:00,500.0,2640.210286747305,2639.6355905761307,-0.5746961711740808,0.5746961711740808,0.021771799608469696,SushiSwap V2,Uniswap V3,-3.377046,-0.6754092,-3.591986,-0.7183972,SushiSwap V2 -> Uniswap V3,496.622954,-3.377046,-0.6754092,False
26011643,2026-09-19 12:44:35+00:00,1000.0,2640.210286747305,2639.6355905761307,-0.5746961711740808,0.5746961711740808,0.021771799608469696,SushiSwap V2,Uniswap V3,-10.202526,-1.0202526,-10.628465,-1.0628465,SushiSwap V2 -> Uniswap V3,989.797474,-10.202526,-1.0202526,False
26011643,2026-09-19 12:44:35+00:00,5000.0,2640.210286747305,2639.6355905761307,-0.5746961711740808,0.5746961711740808,0.021771799608469696,SushiSwap V2,Uniswap V3,-184.756378,-3.69512756,-186.736116,-3.73472232,SushiSwap V2 -> Uniswap V3,4815.243622,-184.756378,-3.69512756,False
26011643,2026-09-19 12:44:35+00:00,10000.0,2640.210286747305,2639.6355905761307,-0.5746961711740808,0.5746961711740808,0.021771799608469696,SushiSwap V2,Uniswap V3,-684.205729,-6.84205729,-687.825503,-6.87825503,SushiSwap V2 -> Uniswap V3,9315.794271,-684.205729,-6.84205729,False
26011644,2026-09-19 12:44:47+00:00,100.0,2639.3748731142105,2639.6355905761307,0.26071746192037465,0.26071746192037465,0.00987800045291607,Uniswap V3,SushiSwap V2,-0.429316,-0.429316,-0.409616,-0.409616,Uniswap V3 -> SushiSwap V2,99.590384,-0.409616,-0.409616,False
26011644,2026-09-19 12:44:47+00:00,500.0,2639.3748731142105,2639.6355905761307,0.26071746192037465,0.26071746192037465,0.00987800045291607,Uniswap V3,SushiSwap V2,-3.534187,-0.7068374,-3.43541,-0.687082,Uniswap V3 -> SushiSwap V2,496.56459,-3.43541,-0.687082,False
26011644,2026-09-19 12:44:47+00:00,1000.0,2639.3748731142105,2639.6355905761307,0.26071746192037465,0.26071746192037465,0.00987800045291607,Uniswap V3,SushiSwap V2,-10.515717,-1.0515717,-10.317482,-1.0317482,Uniswap V3 -> SushiSwap V2,989.682518,-10.317482,-1.0317482,False
26011644,2026-09-19 12:44:47+00:00,5000.0,2639.3748731142105,2639.6355905761307,0.26071746192037465,0.26071746192037465,0.00987800045291607,Uniswap V3,SushiSwap V2,-186.279998,-3.72559996,-185.264052,-3.70528104,Uniswap V3 -> SushiSwap V2,4814.735948,-185.264052,-3.70528104,False
26011644,2026-09-19 12:44:47+00:00,10000.0,2639.3748731142105,2639.6355905761307,0.26071746192037465,0.26071746192037465,0.00987800045291607,Uniswap V3,SushiSwap V2,-687.153365,-6.87153365,-685.070513,-6.85070513,Uniswap V3 -> SushiSwap V2,9314.929487,-685.070513,-6.85070513,False
26011645,2026-09-19 12:44:59+00:00,100.0,2639.3748731142105,2639.6355905761307,0.26071746192037465,0.26071746192037465,0.00987800045291607,Uniswap V3,SushiSwap V2,-0.429316,-0.429316,-0.409616,-0.409616,Uniswap V3 -> SushiSwap V2,99.590384,-0.409616,-0.409616,False
26011645,2026-09-19 12:44:59+00:00,500.0,2639.3748731142105,2639.6355905761307,0.26071746192037465,0.26071746192037465,0.00987800045291607,Uniswap V3,SushiSwap V2,-3.534187,-0.7068374,-3.43541,-0.687082,Uniswap V3 -> SushiSwap V2,496.56459,-3.43541,-0.687082,False
26011645,2026-09-19 12:44:59+00:00,1000.0,2639.3748731142105,2639.6355905761307,0.26071746192037465,0.26071746192037465,0.00987800045291607,Uniswap V3,SushiSwap V2,-10.515717,-1.0515717,-10.317482,-1.0317482,Uniswap V3 -> SushiSwap V2,989.682518,-10.317482,-1.0317482,False
26011645,2026-09-19 12:44:59+00:00,5000.0,2639.3748731142105,2639.6355905761307,0.26071746192037465,0.26071746192037465,0.00987800045291607,Uniswap V3,SushiSwap V2,-186.279998,-3.72559996,-185.264052,-3.70528104,Uniswap V3 -> SushiSwap V2,4814.735948,-185.264052,-3.70528104,False
26011645,2026-09-19 12:44:59+00:00,10000.0,2639.3748731142105,2639.6355905761307,0.26071746192037465,0.26071746192037465,0.00987800045291607,Uniswap V3,SushiSwap V2,-687.153365,-6.87153365,-685.070513,-6.85070513,Uniswap V3 -> SushiSwap V2,9314.929487,-685.070513,-6.85070513,False
26011646,2026-09-19 12:45:11+00:00,100.0,2639.2632605290223,2639.6355905761307,0.372330047108329,0.372330047108329,0.014107347784385025,Uniswap V3,SushiSwap V2,-0.433527,-0.433527,-0.405407,-0.405407,Uniswap V3 -> SushiSwap V2,99.594593,-0.405407,-0.405407,False
26011646,2026-09-19 12:45:11+00:00,500.0,2639.2632605290223,2639.6355905761307,0.372330047108329,0.372330047108329,0.014107347784385025,Uniswap V3,SushiSwap V2,-3.555181,-0.7110362,-3.414484,-0.6828968,Uniswap V3 -> SushiSwap V2,496.585516,-3.414484,-0.6828968,False
26011646,2026-09-19 12:45:11+00:00,1000.0,2639.2632605290223,2639.6355905761307,0.372330047108329,0.372330047108329,0.014107347784385025,Uniswap V3,SushiSwap V2,-10.55756,-1.055756,-10.27592,-1.027592,Uniswap V3 -> SushiSwap V2,989.72408,-10.27592,-1.027592,False
26011646,2026-09-19 12:45:11+00:00,5000.0,2639.2632605290223,2639.6355905761307,0.372330047108329,0.372330047108329,0.014107347784385025,Uniswap V3,SushiSwap V2,-186.483556,-3.72967112,-185.067314,-3.70134628,Uniswap V3 -> SushiSwap V2,4814.932686,-185.067314,-3.70134628,False
26011646,2026-09-19 12:45:11+00:00,10000.0,2639.2632605290223,2639.6355905761307,0.372330047108329,0.372330047108329,0.014107347784385025,Uniswap V3,SushiSwap V2,-687.547174,-6.87547174,-684.702319,-6.84702319,Uniswap V3 -> SushiSwap V2,9315.297681,-684.702319,-6.84702319,False
26011647,2026-09-19 12:45:23+00:00,100.0,2639.2632605290223,2639.6355905761307,0.372330047108329,0.372330047108329,0.014107347784385025,Uniswap V3,SushiSwap V2,-0.433527,-0.433527,-0.405407,-0.405407,Uniswap V3 -> SushiSwap V2,99.594593,-0.405407,-0.405407,False
26011647,2026-09-19 12:45:23+00:00,500.0,2639.2632605290223,2639.6355905761307,0.372330047108329,0.372330047108329,0.014107347784385025,Uniswap V3,SushiSwap V2,-3.555181,-0.7110362,-3.414484,-0.6828968,Uniswap V3 -> SushiSwap V2,496.585516,-3.414484,-0.6828968,False
26011647,2026-09-19 12:45:23+00:00,1000.0,2639.2632605290223,2639.6355905761307,0.372330047108329,0.372330047108329,0.014107347784385025,Uniswap V3,SushiSwap V2,-10.55756,-1.055756,-10.27592,-1.027592,Uniswap V3 -> SushiSwap V2,989.72408,-10.27592,-1.027592,False
26011647,2026-09-19 12:45:23+00:00,5000.0,2639.2632605290223,2639.6355905761307,0.372330047108329,0.372330047108329,0.014107347784385025,Uniswap V3,SushiSwap V2,-186.483556,-3.72967112,-185.067314,-3.70134628,Uniswap V3 -> SushiSwap V2,4814.932686,-185.067314,-3.70134628,False
26011647,2026-09-19 12:45:23+00:00,10000.0,2639.2632605290223,2639.6355905761307,0.372330047108329,0.372330047108329,0.014107347784385025,Uniswap V3,SushiSwap V2,-687.547174,-6.87547174,-684.702319,-6.84702319,Uniswap V3 -> SushiSwap V2,9315.297681,-684.702319,-6.84702319,False
26011648,2026-09-19 12:45:35+00:00,100.0,2639.2758533671076,2639.6355905761307,0.35973720902317496,0.35973720902317496,0.013630148154624808,Uniswap V3,SushiSwap V2,-0.433052,-0.433052,-0.405882,-0.405882,Uniswap V3 -> SushiSwap V2,99.594118,-0.405882,-0.405882,False
26011648,2026-09-19 12:45:35+00:00,500.0,2639.2758533671076,2639.6355905761307,0.35973720902317496,0.35973720902317496,0.013630148154624808,Uniswap V3,SushiSwap V2,-3.552813,-0.7105626,-3.416845,-0.683369,Uniswap V3 -> SushiSwap V2,496.583155,-3.416845,-0.683369,False
26011648,2026-09-19 12:45:35+00:00,1000.0,2639.2758533671076,2639.6355905761307,0.35973720902317496,0.35973720902317496,0.013630148154624808,Uniswap V3,SushiSwap V2,-10.552839,-1.0552839,-10.280609,-1.0280609,Uniswap V3 -> SushiSwap V2,989.719391,-10.280609,-1.0280609,False
26011648,2026-09-19 12:45:35+00:00,5000.0,2639.2758533671076,2639.6355905761307,0.35973720902317496,0.35973720902317496,0.013630148154624808,Uniswap V3,SushiSwap V2,-186.460589,-3.72921178,-185.089512,-3.70179024,Uniswap V3 -> SushiSwap V2,4814.910488,-185.089512,-3.70179024,False
26011648,2026-09-19 12:45:35+00:00,10000.0,2639.2758533671076,2639.6355905761307,0.35973720902317496,0.35973720902317496,0.013630148154624808,Uniswap V3,SushiSwap V2,-687.502742,-6.87502742,-684.743862,-6.84743862,Uniswap V3 -> SushiSwap V2,9315.256138,-684.743862,-6.84743862,False
26011649,2026-09-19 12:45:47+00:00,100.0,2639.27604231456,2639.6355905761307,0.3595482615705716,0.3595482615705716,0.013622988115152192,Uniswap V3,SushiSwap V2,-0.433044,-0.433044,-0.405889,-0.405889,Uniswap V3 -> SushiSwap V2,99.594111,-0.405889,-0.405889,False
26011649,2026-09-19 12:45:47+00:00,500.0,2639.27604231456,2639.6355905761307,0.3595482615705716,0.3595482615705716,0.013622988115152192,Uniswap V3,SushiSwap V2,-3.552777,-0.7105554,-3.41688,-0.683376,Uniswap V3 -> SushiSwap V2,496.58312,-3.41688,-0.683376,False
26011649,2026-09-19 12:45:47+00:00,1000.0,2639.27604231456,2639.6355905761307,0.3595482615705716,0.3595482615705716,0.013622988115152192,Uniswap V3,SushiSwap V2,-10.552768,-1.0552768,-10.28068,-1.028068,Uniswap V3 -> SushiSwap V2,989.71932,-10.28068,-1.028068,False
26011649,2026-09-19 12:45:47+00:00,5000.0,2639.27604231456,2639.6355905761307,0.3595482615705716,0.3595482615705716,0.013622988115152192,Uniswap V3,SushiSwap V2,-186.460244,-3.72920488,-185.089845,-3.7017969,Uniswap V3 -> SushiSwap V2,4814.910155,-185.089845,-3.7017969,False
26011649,2026-09-19 12:45:47+00:00,10000.0,2639.27604231456,2639.6355905761307,0.3595482615705716,0.3595482615705716,0.013622988115152192,Uniswap V3,SushiSwap V2,-687.502075,-6.87502075,-684.744485,-6.84744485,Uniswap V3 -> SushiSwap V2,9315.255515,-684.744485,-6.84744485,False
26011650,2026-09-19 12:45:59+00:00,100.0,2639.27604231456,2639.6355905761307,0.3595482615705716,0.3595482615705716,0.013622988115152192,Uniswap V3,SushiSwap V2,-0.433044,-0.433044,-0.405889,-0.405889,Uniswap V3 -> SushiSwap V2,99.594111,-0.405889,-0.405889,False
26011650,2026-09-19 12:45:59+00:00,500.0,2639.27604231456,2639.6355905761307,0.3595482615705716,0.3595482615705716,0.013622988115152192,Uniswap V3,SushiSwap V2,-3.552777,-0.7105554,-3.41688,-0.683376,Uniswap V3 -> SushiSwap V2,496.58312,-3.41688,-0.683376,False
26011650,2026-09-19 12:45:59+00:00,1000.0,2639.27604231456,2639.6355905761307,0.3595482615705716,0.3595482615705716,0.013622988115152192,Uniswap V3,SushiSwap V2,-10.552768,-1.0552768,-10.28068,-1.028068,Uniswap V3 -> SushiSwap V2,989.71932,-10.28068,-1.028068,False
26011650,2026-09-19 12:45:59+00:00,5000.0,2639.27604231456,2639.6355905761307,0.3595482615705716,0.3595482615705716,0.013622988115152192,Uniswap V3,SushiSwap V2,-186.460244,-3.72920488,-185.089845,-3.7017969,Uniswap V3 -> SushiSwap V2,4814.910155,-185.089845,-3.7017969,False
26011650,2026-09-19 12:45:59+00:00,10000.0,2639.27604231456,2639.6355905761307,0.3595482615705716,0.3595482615705716,0.013622988115152192,Uniswap V3,SushiSwap V2,-687.502075,-6.87502075,-684.744485,-6.84744485,Uniswap V3 -> SushiSwap V2,9315.255515,-684.744485,-6.84744485,False
26011651,2026-09-19 12:46:11+00:00,100.0,2639.27604231456,2639.6355905761307,0.3595482615705716,0.3595482615705716,0.013622988115152192,Uniswap V3,SushiSwap V2,-0.433044,-0.433044,-0.405889,-0.405889,Uniswap V3 -> SushiSwap V2,99.594111,-0.405889,-0.405889,False
26011651,2026-09-19 12:46:11+00:00,500.0,2639.27604231456,2639.6355905761307,0.3595482615705716,0.3595482615705716,0.013622988115152192,Uniswap V3,SushiSwap V2,-3.552777,-0.7105554,-3.41688,-0.683376,Uniswap V3 -> SushiSwap V2,496.58312,-3.41688,-0.683376,False
26011651,2026-09-19 12:46:11+00:00,1000.0,2639.27604231456,2639.6355905761307,0.3595482615705716,0.3595482615705716,0.013622988115152192,Uniswap V3,SushiSwap V2,-10.552768,-1.0552768,-10.28068,-1.028068,Uniswap V3 -> SushiSwap V2,989.71932,-10.28068,-1.028068,False
26011651,2026-09-19 12:46:11+00:00,5000.0,2639.27604231456,2639.6355905761307,0.3595482615705716,0.3595482615705716,0.013622988115152192,Uniswap V3,SushiSwap V2,-186.460244,-3.72920488,-185.089845,-3.7017969,Uniswap V3 -> SushiSwap V2,4814.910155,-185.089845,-3.7017969,False
26011651,2026-09-19 12:46:11+00:00,10000.0,2639.27604231456,2639.6355905761307,0.3595482615705716,0.3595482615705716,0.013622988115152192,Uniswap V3,SushiSwap V2,-687.502075,-6.87502075,-684.744485,-6.84744485,Uniswap V3 -> SushiSwap V2,9315.255515,-684.744485,-6.84744485,False
26011652,2026-09-19 12:46:23+00:00,100.0,2639.27604231456,2639.6355905761307,0.3595482615705716,0.3595482615705716,0.013622988115152192,Uniswap V3,SushiSwap V2,-0.433044,-0.433044,-0.405889,-0.405889,Uniswap V3 -> SushiSwap V2,99.594111,-0.405889,-0.405889,False
26011652,2026-09-19 12:46:23+00:00,500.0,2639.27604231456,2639.6355905761307,0.3595482615705716,0.3595482615705716,0.013622988115152192,Uniswap V3,SushiSwap V2,-3.552777,-0.7105554,-3.41688,-0.683376,Uniswap V3 -> SushiSwap V2,496.58312,-3.41688,-0.683376,False
26011652,2026-09-19 12:46:23+00:00,1000.0,2639.27604231456,2639.6355905761307,0.3595482615705716,0.3595482615705716,0.013622988115152192,Uniswap V3,SushiSwap V2,-10.552768,-1.0552768,-10.28068,-1.028068,Uniswap V3 -> SushiSwap V2,989.71932,-10.28068,-1.028068,False
26011652,2026-09-19 12:46:23+00:00,5000.0,2639.27604231456,2639.6355905761307,0.3595482615705716,0.3595482615705716,0.013622988115152192,Uniswap V3,SushiSwap V2,-186.460244,-3.72920488,-185.089845,-3.7017969,Uniswap V3 -> SushiSwap V2,4814.910155,-185.089845,-3.7017969,False
26011652,2026-09-19 12:46:23+00:00,10000.0,2639.27604231456,2639.6355905761307,0.3595482615705716,0.3595482615705716,0.013622988115152192,Uniswap V3,SushiSwap V2,-687.502075,-6.87502075,-684.744485,-6.84744485,Uniswap V3 -> SushiSwap V2,9315.255515,-684.744485,-6.84744485,False
26011653,2026-09-19 12:46:35+00:00,100.0,2638.456351660856,2639.6355905761307,1.1792389152748406,1.1792389152748406,0.04469427415513367,Uniswap V3,SushiSwap V2,-0.463967,-0.463967,-0.374969,-0.374969,Uniswap V3 -> SushiSwap V2,99.625031,-0.374969,-0.374969,False
26011653,2026-09-19 12:46:35+00:00,500.0,2638.456351660856,2639.6355905761307,1.1792389152748406,1.1792389152748406,0.04469427415513367,Uniswap V3,SushiSwap V2,-3.706944,-0.7413888,-3.263128,-0.6526256,Uniswap V3 -> SushiSwap V2,496.736872,-3.263128,-0.6526256,False
26011653,2026-09-19 12:46:35+00:00,1000.0,2638.456351660856,2639.6355905761307,1.1792389152748406,1.1792389152748406,0.04469427415513367,Uniswap V3,SushiSwap V2,-10.86,-1.086,-9.975273,-0.9975273,Uniswap V3 -> SushiSwap V2,990.024727,-9.975273,-0.9975273,False
26011653,2026-09-19 12:46:35+00:00,5000.0,2638.456351660856,2639.6355905761307,1.1792389152748406,1.1792389152748406,0.04469427415513367,Uniswap V3,SushiSwap V2,-187.953674,-3.75907348,-183.642985,-3.6728597,Uniswap V3 -> SushiSwap V2,4816.357015,-183.642985,-3.6728597,False
26011653,2026-09-19 12:46:35+00:00,10000.0,2638.456351660856,2639.6355905761307,1.1792389152748406,1.1792389152748406,0.04469427415513367,Uniswap V3,SushiSwap V2,-690.388564,-6.90388564,-682.034484,-6.82034484,Uniswap V3 -> SushiSwap V2,9317.965516,-682.034484,-6.82034484,False
26011654,2026-09-19 12:46:47+00:00,100.0,2638.7253290082294,2639.6355905761307,0.9102615679011329,0.9102615679011329,0.034496260671559045,Uniswap V3,SushiSwap V2,-0.45382,-0.45382,-0.385118,-0.385118,Uniswap V3 -> SushiSwap V2,99.614882,-0.385118,-0.385118,False
26011654,2026-09-19 12:46:47+00:00,500.0,2638.7253290082294,2639.6355905761307,0.9102615679011329,0.9102615679011329,0.034496260671559045,Uniswap V3,SushiSwap V2,-3.656366,-0.7312732,-3.313602,-0.6627204,Uniswap V3 -> SushiSwap V2,496.686398,-3.313602,-0.6627204,False
26011654,2026-09-19 12:46:47+00:00,1000.0,2638.7253290082294,2639.6355905761307,0.9102615679011329,0.9102615679011329,0.034496260671559045,Uniswap V3,SushiSwap V2,-10.759226,-1.0759226,-10.075555,-1.0075555,Uniswap V3 -> SushiSwap V2,989.924445,-10.075555,-1.0075555,False
26011654,2026-09-19 12:46:47+00:00,5000.0,2638.7253290082294,2639.6355905761307,0.9102615679011329,0.9102615679011329,0.034496260671559045,Uniswap V3,SushiSwap V2,-187.464631,-3.74929262,-184.118883,-3.68237766,Uniswap V3 -> SushiSwap V2,4815.881117,-184.118883,-3.68237766,False
26011654,2026-09-19 12:46:47+00:00,10000.0,2638.7253290082294,2639.6355905761307,0.9102615679011329,0.9102615679011329,0.034496260671559045,Uniswap V3,SushiSwap V2,-689.443824,-6.89443824,-682.927349,-6.82927349,Uniswap V3 -> SushiSwap V2,9317.072651,-682.927349,-6.82927349,False
26011655,2026-09-19 12:46:59+00:00,100.0,2638.809669468416,2639.6355905761307,0.8259211077146789,0.8259211077146789,0.03129900262496232,Uniswap V3,SushiSwap V2,-0.450638,-0.450638,-0.3883,-0.3883,Uniswap V3 -> SushiSwap V2,99.6117,-0.3883,-0.3883,False
26011655,2026-09-19 12:46:59+00:00,500.0,2638.809669468416,2639.6355905761307,0.8259211077146789,0.8259211077146789,0.03129900262496232,Uniswap V3,SushiSwap V2,-3.640502,-0.7281004,-3.329422,-0.6658844,Uniswap V3 -> SushiSwap V2,496.670578,-3.329422,-0.6658844,False
26011655,2026-09-19 12:46:59+00:00,1000.0,2638.809669468416,2639.6355905761307,0.8259211077146789,0.8259211077146789,0.03129900262496232,Uniswap V3,SushiSwap V2,-10.727607,-1.0727607,-10.106975,-1.0106975,Uniswap V3 -> SushiSwap V2,989.893025,-10.106975,-1.0106975,False
26011655,2026-09-19 12:46:59+00:00,5000.0,2638.809669468416,2639.6355905761307,0.8259211077146789,0.8259211077146789,0.03129900262496232,Uniswap V3,SushiSwap V2,-187.310811,-3.74621622,-184.267609,-3.68535218,Uniswap V3 -> SushiSwap V2,4815.732391,-184.267609,-3.68535218,False
26011655,2026-09-19 12:46:59+00:00,10000.0,2638.809669468416,2639.6355905761307,0.8259211077146789,0.8259211077146789,0.03129900262496232,Uniswap V3,SushiSwap V2,-689.14754,-6.8914754,-683.205685,-6.83205685,Uniswap V3 -> SushiSwap V2,9316.794315,-683.205685,-6.83205685,False
26011656,2026-09-19 12:47:11+00:00,100.0,2638.809669468416,2639.6355905761307,0.8259211077146789,0.8259211077146789,0.03129900262496232,Uniswap V3,SushiSwap V2,-0.450638,-0.450638,-0.3883,-0.3883,Uniswap V3 -> SushiSwap V2,99.6117,-0.3883,-0.3883,False
26011656,2026-09-19 12:47:11+00:00,500.0,2638.809669468416,2639.6355905761307,0.8259211077146789,0.8259211077146789,0.03129900262496232,Uniswap V3,SushiSwap V2,-3.640502,-0.7281004,-3.329422,-0.6658844,Uniswap V3 -> SushiSwap V2,496.670578,-3.329422,-0.6658844,False
26011656,2026-09-19 12:47:11+00:00,1000.0,2638.809669468416,2639.6355905761307,0.8259211077146789,0.8259211077146789,0.03129900262496232,Uniswap V3,SushiSwap V2,-10.727607,-1.0727607,-10.106975,-1.0106975,Uniswap V3 -> SushiSwap V2,989.893025,-10.106975,-1.0106975,False
26011656,2026-09-19 12:47:11+00:00,5000.0,2638.809669468416,2639.6355905761307,0.8259211077146789,0.8259211077146789,0.03129900262496232,Uniswap V3,SushiSwap V2,-187.310811,-3.74621622,-184.267609,-3.68535218,Uniswap V3 -> SushiSwap V2,4815.732391,-184.267609,-3.68535218,False
26011656,2026-09-19 12:47:11+00:00,10000.0,2638.809669468416,2639.6355905761307,0.8259211077146789,0.8259211077146789,0.03129900262496232,Uniswap V3,SushiSwap V2,-689.14754,-6.8914754,-683.205685,-6.83205685,Uniswap V3 -> SushiSwap V2,9316.794315,-683.205685,-6.83205685,False
26011657,2026-09-19 12:47:23+00:00,100.0,2638.809669468416,2639.6355905761307,0.8259211077146789,0.8259211077146789,0.03129900262496232,Uniswap V3,SushiSwap V2,-0.450638,-0.450638,-0.3883,-0.3883,Uniswap V3 -> SushiSwap V2,99.6117,-0.3883,-0.3883,False
26011657,2026-09-19 12:47:23+00:00,500.0,2638.809669468416,2639.6355905761307,0.8259211077146789,0.8259211077146789,0.03129900262496232,Uniswap V3,SushiSwap V2,-3.640502,-0.7281004,-3.329422,-0.6658844,Uniswap V3 -> SushiSwap V2,496.670578,-3.329422,-0.6658844,False
26011657,2026-09-19 12:47:23+00:00,1000.0,2638.809669468416,2639.6355905761307,0.8259211077146789,0.8259211077146789,0.03129900262496232,Uniswap V3,SushiSwap V2,-10.727607,-1.0727607,-10.106975,-1.0106975,Uniswap V3 -> SushiSwap V2,989.893025,-10.106975,-1.0106975,False
26011657,2026-09-19 12:47:23+00:00,5000.0,2638.809669468416,2639.6355905761307,0.8259211077146789,0.8259211077146789,0.03129900262496232,Uniswap V3,SushiSwap V2,-187.310811,-3.74621622,-184.267609,-3.68535218,Uniswap V3 -> SushiSwap V2,4815.732391,-184.267609,-3.68535218,False
26011657,2026-09-19 12:47:23+00:00,10000.0,2638.809669468416,2639.6355905761307,0.8259211077146789,0.8259211077146789,0.03129900262496232,Uniswap V3,SushiSwap V2,-689.14754,-6.8914754,-683.205685,-6.83205685,Uniswap V3 -> SushiSwap V2,9316.794315,-683.205685,-6.83205685,False
26011658,2026-09-19 12:47:35+00:00,100.0,2638.810361972098,2639.6355905761307,0.8252286040328985,0.8252286040328985,0.03127275138544512,Uniswap V3,SushiSwap V2,-0.450612,-0.450612,-0.388326,-0.388326,Uniswap V3 -> SushiSwap V2,99.611674,-0.388326,-0.388326,False
26011658,2026-09-19 12:47:35+00:00,500.0,2638.810361972098,2639.6355905761307,0.8252286040328985,0.8252286040328985,0.03127275138544512,Uniswap V3,SushiSwap V2,-3.640371,-0.7280742,-3.329552,-0.6659104,Uniswap V3 -> SushiSwap V2,496.670448,-3.329552,-0.6659104,False
26011658,2026-09-19 12:47:35+00:00,1000.0,2638.810361972098,2639.6355905761307,0.8252286040328985,0.8252286040328985,0.03127275138544512,Uniswap V3,SushiSwap V2,-10.727348,-1.0727348,-10.107233,-1.0107233,Uniswap V3 -> SushiSwap V2,989.892767,-10.107233,-1.0107233,False
26011658,2026-09-19 12:47:35+00:00,5000.0,2638.810361972098,2639.6355905761307,0.8252286040328985,0.8252286040328985,0.03127275138544512,Uniswap V3,SushiSwap V2,-187.309548,-3.74619096,-184.26883,-3.6853766,Uniswap V3 -> SushiSwap V2,4815.73117,-184.26883,-3.6853766,False
26011658,2026-09-19 12:47:35+00:00,10000.0,2638.810361972098,2639.6355905761307,0.8252286040328985,0.8252286040328985,0.03127275138544512,Uniswap V3,SushiSwap V2,-689.1451,-6.891451,-683.20797,-6.8320797,Uniswap V3 -> SushiSwap V2,9316.79203,-683.20797,-6.8320797,False
26011659,2026-09-19 12:47:47+00:00,100.0,2638.810361972098,2639.6355905761307,0.8252286040328985,0.8252286040328985,0.03127275138544512,Uniswap V3,SushiSwap V2,-0.450612,-0.450612,-0.388326,-0.388326,Uniswap V3 -> SushiSwap V2,99.611674,-0.388326,-0.388326,False
26011659,2026-09-19 12:47:47+00:00,500.0,2638.810361972098,2639.6355905761307,0.8252286040328985,0.8252286040328985,0.03127275138544512,Uniswap V3,SushiSwap V2,-3.640371,-0.7280742,-3.329552,-0.6659104,Uniswap V3 -> SushiSwap V2,496.670448,-3.329552,-0.6659104,False
26011659,2026-09-19 12:47:47+00:00,1000.0,2638.810361972098,2639.6355905761307,0.8252286040328985,0.8252286040328985,0.03127275138544512,Uniswap V3,SushiSwap V2,-10.727348,-1.0727348,-10.107233,-1.0107233,Uniswap V3 -> SushiSwap V2,989.892767,-10.107233,-1.0107233,False
26011659,2026-09-19 12:47:47+00:00,5000.0,2638.810361972098,2639.6355905761307,0.8252286040328985,0.8252286040328985,0.03127275138544512,Uniswap V3,SushiSwap V2,-187.309548,-3.74619096,-184.26883,-3.6853766,Uniswap V3 -> SushiSwap V2,4815.73117,-184.26883,-3.6853766,False
26011659,2026-09-19 12:47:47+00:00,10000.0,2638.810361972098,2639.6355905761307,0.8252286040328985,0.8252286040328985,0.03127275138544512,Uniswap V3,SushiSwap V2,-689.1451,-6.891451,-683.20797,-6.8320797,Uniswap V3 -> SushiSwap V2,9316.79203,-683.20797,-6.8320797,False
26011660,2026-09-19 12:47:59+00:00,100.0,2638.8103601825783,2639.6355905761307,0.8252303935522765,0.8252303935522765,0.03127281922203682,Uniswap V3,SushiSwap V2,-0.450612,-0.450612,-0.388326,-0.388326,Uniswap V3 -> SushiSwap V2,99.611674,-0.388326,-0.388326,False
26011660,2026-09-19 12:47:59+00:00,500.0,2638.8103601825783,2639.6355905761307,0.8252303935522765,0.8252303935522765,0.03127281922203682,Uniswap V3,SushiSwap V2,-3.640372,-0.7280744,-3.329551,-0.6659102,Uniswap V3 -> SushiSwap V2,496.670449,-3.329551,-0.6659102,False
26011660,2026-09-19 12:47:59+00:00,1000.0,2638.8103601825783,2639.6355905761307,0.8252303935522765,0.8252303935522765,0.03127281922203682,Uniswap V3,SushiSwap V2,-10.727349,-1.0727349,-10.107232,-1.0107232,Uniswap V3 -> SushiSwap V2,989.892768,-10.107232,-1.0107232,False
26011660,2026-09-19 12:47:59+00:00,5000.0,2638.8103601825783,2639.6355905761307,0.8252303935522765,0.8252303935522765,0.03127281922203682,Uniswap V3,SushiSwap V2,-187.309551,-3.74619102,-184.268827,-3.68537654,Uniswap V3 -> SushiSwap V2,4815.731173,-184.268827,-3.68537654,False
26011660,2026-09-19 12:47:59+00:00,10000.0,2638.8103601825783,2639.6355905761307,0.8252303935522765,0.8252303935522765,0.03127281922203682,Uniswap V3,SushiSwap V2,-689.145106,-6.89145106,-683.207964,-6.83207964,Uniswap V3 -> SushiSwap V2,9316.792036,-683.207964,-6.83207964,False
26011661,2026-09-19 12:48:23+00:00,100.0,2638.976837197232,2639.6355905761307,0.658753378898674,0.658753378898674,0.02496245399403784,Uniswap V3,SushiSwap V2,-0.444332,-0.444332,-0.394605,-0.394605,Uniswap V3 -> SushiSwap V2,99.605395,-0.394605,-0.394605,False
26011661,2026-09-19 12:48:23+00:00,500.0,2638.976837197232,2639.6355905761307,0.658753378898674,0.658753378898674,0.02496245399403784,Uniswap V3,SushiSwap V2,-3.609057,-0.7218114,-3.360774,-0.6721548,Uniswap V3 -> SushiSwap V2,496.639226,-3.360774,-0.6721548,False
26011661,2026-09-19 12:48:23+00:00,1000.0,2638.976837197232,2639.6355905761307,0.658753378898674,0.658753378898674,0.02496245399403784,Uniswap V3,SushiSwap V2,-10.664938,-1.0664938,-10.169245,-1.0169245,Uniswap V3 -> SushiSwap V2,989.830755,-10.169245,-1.0169245,False
26011661,2026-09-19 12:48:23+00:00,5000.0,2638.976837197232,2639.6355905761307,0.658753378898674,0.658753378898674,0.02496245399403784,Uniswap V3,SushiSwap V2,-187.005932,-3.74011864,-184.562365,-3.6912473,Uniswap V3 -> SushiSwap V2,4815.437635,-184.562365,-3.6912473,False
26011661,2026-09-19 12:48:23+00:00,10000.0,2638.976837197232,2639.6355905761307,0.658753378898674,0.658753378898674,0.02496245399403784,Uniswap V3,SushiSwap V2,-688.557777,-6.88557777,-683.757314,-6.83757314,Uniswap V3 -> SushiSwap V2,9316.242686,-683.757314,-6.83757314,False
26011662,2026-09-19 12:48:35+00:00,100.0,2638.975847799332,2639.6355905761307,0.6597427767987298,0.6597427767987298,0.024999955090490723,Uniswap V3,SushiSwap V2,-0.444369,-0.444369,-0.394568,-0.394568,Uniswap V3 -> SushiSwap V2,99.605432,-0.394568,-0.394568,False
26011662,2026-09-19 12:48:35+00:00,500.0,2638.975847799332,2639.6355905761307,0.6597427767987298,0.6597427767987298,0.024999955090490723,Uniswap V3,SushiSwap V2,-3.609243,-0.7218486,-3.360589,-0.6721178,Uniswap V3 -> SushiSwap V2,496.639411,-3.360589,-0.6721178,False
26011662,2026-09-19 12:48:35+00:00,1000.0,2638.975847799332,2639.6355905761307,0.6597427767987298,0.6597427767987298,0.024999955090490723,Uniswap V3,SushiSwap V2,-10.665308,-1.0665308,-10.168876,-1.0168876,Uniswap V3 -> SushiSwap V2,989.831124,-10.168876,-1.0168876,False
26011662,2026-09-19 12:48:35+00:00,5000.0,2638.975847799332,2639.6355905761307,0.6597427767987298,0.6597427767987298,0.024999955090490723,Uniswap V3,SushiSwap V2,-187.007737,-3.74015474,-184.560621,-3.69121242,Uniswap V3 -> SushiSwap V2,4815.439379,-184.560621,-3.69121242,False
26011662,2026-09-19 12:48:35+00:00,10000.0,2638.975847799332,2639.6355905761307,0.6597427767987298,0.6597427767987298,0.024999955090490723,Uniswap V3,SushiSwap V2,-688.561268,-6.88561268,-683.75405,-6.8375405,Uniswap V3 -> SushiSwap V2,9316.24595,-683.75405,-6.8375405,False
26011663,2026-09-19 12:48:47+00:00,100.0,2638.975847799332,2639.6355905761307,0.6597427767987298,0.6597427767987298,0.024999955090490723,Uniswap V3,SushiSwap V2,-0.444369,-0.444369,-0.394568,-0.394568,Uniswap V3 -> SushiSwap V2,99.605432,-0.394568,-0.394568,False
26011663,2026-09-19 12:48:47+00:00,500.0,2638.975847799332,2639.6355905761307,0.6597427767987298,0.6597427767987298,0.024999955090490723,Uniswap V3,SushiSwap V2,-3.609243,-0.7218486,-3.360589,-0.6721178,Uniswap V3 -> SushiSwap V2,496.639411,-3.360589,-0.6721178,False
26011663,2026-09-19 12:48:47+00:00,1000.0,2638.975847799332,2639.6355905761307,0.6597427767987298,0.6597427767987298,0.024999955090490723,Uniswap V3,SushiSwap V2,-10.665308,-1.0665308,-10.168876,-1.0168876,Uniswap V3 -> SushiSwap V2,989.831124,-10.168876,-1.0168876,False
26011663,2026-09-19 12:48:47+00:00,5000.0,2638.975847799332,2639.6355905761307,0.6597427767987298,0.6597427767987298,0.024999955090490723,Uniswap V3,SushiSwap V2,-187.007737,-3.74015474,-184.560621,-3.69121242,Uniswap V3 -> SushiSwap V2,4815.439379,-184.560621,-3.69121242,False
26011663,2026-09-19 12:48:47+00:00,10000.0,2638.975847799332,2639.6355905761307,0.6597427767987298,0.6597427767987298,0.024999955090490723,Uniswap V3,SushiSwap V2,-688.561268,-6.88561268,-683.75405,-6.8375405,Uniswap V3 -> SushiSwap V2,9316.24595,-683.75405,-6.8375405,False
26011664,2026-09-19 12:48:59+00:00,100.0,2638.975847799332,2639.6355905761307,0.6597427767987298,0.6597427767987298,0.024999955090490723,Uniswap V3,SushiSwap V2,-0.444369,-0.444369,-0.394568,-0.394568,Uniswap V3 -> SushiSwap V2,99.605432,-0.394568,-0.394568,False
26011664,2026-09-19 12:48:59+00:00,500.0,2638.975847799332,2639.6355905761307,0.6597427767987298,0.6597427767987298,0.024999955090490723,Uniswap V3,SushiSwap V2,-3.609243,-0.7218486,-3.360589,-0.6721178,Uniswap V3 -> SushiSwap V2,496.639411,-3.360589,-0.6721178,False
26011664,2026-09-19 12:48:59+00:00,1000.0,2638.975847799332,2639.6355905761307,0.6597427767987298,0.6597427767987298,0.024999955090490723,Uniswap V3,SushiSwap V2,-10.665308,-1.0665308,-10.168876,-1.0168876,Uniswap V3 -> SushiSwap V2,989.831124,-10.168876,-1.0168876,False
26011664,2026-09-19 12:48:59+00:00,5000.0,2638.975847799332,2639.6355905761307,0.6597427767987298,0.6597427767987298,0.024999955090490723,Uniswap V3,SushiSwap V2,-187.007737,-3.74015474,-184.560621,-3.69121242,Uniswap V3 -> SushiSwap V2,4815.439379,-184.560621,-3.69121242,False
26011664,2026-09-19 12:48:59+00:00,10000.0,2638.975847799332,2639.6355905761307,0.6597427767987298,0.6597427767987298,0.024999955090490723,Uniswap V3,SushiSwap V2,-688.561268,-6.88561268,-683.75405,-6.8375405,Uniswap V3 -> SushiSwap V2,9316.24595,-683.75405,-6.8375405,False
26011665,2026-09-19 12:49:11+00:00,100.0,2639.561480859191,2639.6355905761307,0.07410971693975636,0.07410971693975636,0.002807652614919705,Uniswap V3,SushiSwap V2,-0.422276,-0.422276,-0.416652,-0.416652,Uniswap V3 -> SushiSwap V2,99.583348,-0.416652,-0.416652,False
26011665,2026-09-19 12:49:11+00:00,500.0,2639.561480859191,2639.6355905761307,0.07410971693975636,0.07410971693975636,0.002807652614919705,Uniswap V3,SushiSwap V2,-3.499086,-0.6998172,-3.470393,-0.6940786,Uniswap V3 -> SushiSwap V2,496.529607,-3.470393,-0.6940786,False
26011665,2026-09-19 12:49:11+00:00,1000.0,2639.561480859191,2639.6355905761307,0.07410971693975636,0.07410971693975636,0.002807652614919705,Uniswap V3,SushiSwap V2,-10.445759,-1.0445759,-10.386964,-1.0386964,Uniswap V3 -> SushiSwap V2,989.613036,-10.386964,-1.0386964,False
26011665,2026-09-19 12:49:11+00:00,5000.0,2639.561480859191,2639.6355905761307,0.07410971693975636,0.07410971693975636,0.002807652614919705,Uniswap V3,SushiSwap V2,-185.939664,-3.71879328,-185.592948,-3.71185896,Uniswap V3 -> SushiSwap V2,4814.407052,-185.592948,-3.71185896,False
26011665,2026-09-19 12:49:11+00:00,10000.0,2639.561480859191,2639.6355905761307,0.07410971693975636,0.07410971693975636,0.002807652614919705,Uniswap V3,SushiSwap V2,-686.494946,-6.86494946,-685.686041,-6.85686041,Uniswap V3 -> SushiSwap V2,9314.313959,-685.686041,-6.85686041,False
26011666,2026-09-19 12:49:23+00:00,100.0,2639.561480859191,2639.6355905761307,0.07410971693975636,0.07410971693975636,0.002807652614919705,Uniswap V3,SushiSwap V2,-0.422276,-0.422276,-0.416652,-0.416652,Uniswap V3 -> SushiSwap V2,99.583348,-0.416652,-0.416652,False
26011666,2026-09-19 12:49:23+00:00,500.0,2639.561480859191,2639.6355905761307,0.07410971693975636,0.07410971693975636,0.002807652614919705,Uniswap V3,SushiSwap V2,-3.499086,-0.6998172,-3.470393,-0.6940786,Uniswap V3 -> SushiSwap V2,496.529607,-3.470393,-0.6940786,False
26011666,2026-09-19 12:49:23+00:00,1000.0,2639.561480859191,2639.6355905761307,0.07410971693975636,0.07410971693975636,0.002807652614919705,Uniswap V3,SushiSwap V2,-10.445759,-1.0445759,-10.386964,-1.0386964,Uniswap V3 -> SushiSwap V2,989.613036,-10.386964,-1.0386964,False
26011666,2026-09-19 12:49:23+00:00,5000.0,2639.561480859191,2639.6355905761307,0.07410971693975636,0.07410971693975636,0.002807652614919705,Uniswap V3,SushiSwap V2,-185.939664,-3.71879328,-185.592948,-3.71185896,Uniswap V3 -> SushiSwap V2,4814.407052,-185.592948,-3.71185896,False
26011666,2026-09-19 12:49:23+00:00,10000.0,2639.561480859191,2639.6355905761307,0.07410971693975636,0.07410971693975636,0.002807652614919705,Uniswap V3,SushiSwap V2,-686.494946,-6.86494946,-685.686041,-6.85686041,Uniswap V3 -> SushiSwap V2,9314.313959,-685.686041,-6.85686041,False
26011667,2026-09-19 12:49:35+00:00,100.0,2639.561480859191,2639.6355905761307,0.07410971693975636,0.07410971693975636,0.002807652614919705,Uniswap V3,SushiSwap V2,-0.422276,-0.422276,-0.416652,-0.416652,Uniswap V3 -> SushiSwap V2,99.583348,-0.416652,-0.416652,False
26011667,2026-09-19 12:49:35+00:00,500.0,2639.561480859191,2639.6355905761307,0.07410971693975636,0.07410971693975636,0.002807652614919705,Uniswap V3,SushiSwap V2,-3.499086,-0.6998172,-3.470393,-0.6940786,Uniswap V3 -> SushiSwap V2,496.529607,-3.470393,-0.6940786,False
26011667,2026-09-19 12:49:35+00:00,1000.0,2639.561480859191,2639.6355905761307,0.07410971693975636,0.07410971693975636,0.002807652614919705,Uniswap V3,SushiSwap V2,-10.445759,-1.0445759,-10.386964,-1.0386964,Uniswap V3 -> SushiSwap V2,989.613036,-10.386964,-1.0386964,False
26011667,2026-09-19 12:49:35+00:00,5000.0,2639.561480859191,2639.6355905761307,0.07410971693975636,0.07410971693975636,0.002807652614919705,Uniswap V3,SushiSwap V2,-185.939664,-3.71879328,-185.592948,-3.71185896,Uniswap V3 -> SushiSwap V2,4814.407052,-185.592948,-3.71185896,False
26011667,2026-09-19 12:49:35+00:00,10000.0,2639.561480859191,2639.6355905761307,0.07410971693975636,0.07410971693975636,0.002807652614919705,Uniswap V3,SushiSwap V2,-686.494946,-6.86494946,-685.686041,-6.85686041,Uniswap V3 -> SushiSwap V2,9314.313959,-685.686041,-6.85686041,False
26011668,2026-09-19 12:49:47+00:00,100.0,2639.561480859191,2639.6355905761307,0.07410971693975636,0.07410971693975636,0.002807652614919705,Uniswap V3,SushiSwap V2,-0.422276,-0.422276,-0.416652,-0.416652,Uniswap V3 -> SushiSwap V2,99.583348,-0.416652,-0.416652,False
26011668,2026-09-19 12:49:47+00:00,500.0,2639.561480859191,2639.6355905761307,0.07410971693975636,0.07410971693975636,0.002807652614919705,Uniswap V3,SushiSwap V2,-3.499086,-0.6998172,-3.470393,-0.6940786,Uniswap V3 -> SushiSwap V2,496.529607,-3.470393,-0.6940786,False
26011668,2026-09-19 12:49:47+00:00,1000.0,2639.561480859191,2639.6355905761307,0.07410971693975636,0.07410971693975636,0.002807652614919705,Uniswap V3,SushiSwap V2,-10.445759,-1.0445759,-10.386964,-1.0386964,Uniswap V3 -> SushiSwap V2,989.613036,-10.386964,-1.0386964,False
26011668,2026-09-19 12:49:47+00:00,5000.0,2639.561480859191,2639.6355905761307,0.07410971693975636,0.07410971693975636,0.002807652614919705,Uniswap V3,SushiSwap V2,-185.939664,-3.71879328,-185.592948,-3.71185896,Uniswap V3 -> SushiSwap V2,4814.407052,-185.592948,-3.71185896,False
26011668,2026-09-19 12:49:47+00:00,10000.0,2639.561480859191,2639.6355905761307,0.07410971693975636,0.07410971693975636,0.002807652614919705,Uniswap V3,SushiSwap V2,-686.494946,-6.86494946,-685.686041,-6.85686041,Uniswap V3 -> SushiSwap V2,9314.313959,-685.686041,-6.85686041,False
26011669,2026-09-19 12:49:59+00:00,100.0,2639.561480859191,2639.6355905761307,0.07410971693975636,0.07410971693975636,0.002807652614919705,Uniswap V3,SushiSwap V2,-0.422276,-0.422276,-0.416652,-0.416652,Uniswap V3 -> SushiSwap V2,99.583348,-0.416652,-0.416652,False
26011669,2026-09-19 12:49:59+00:00,500.0,2639.561480859191,2639.6355905761307,0.07410971693975636,0.07410971693975636,0.002807652614919705,Uniswap V3,SushiSwap V2,-3.499086,-0.6998172,-3.470393,-0.6940786,Uniswap V3 -> SushiSwap V2,496.529607,-3.470393,-0.6940786,False
26011669,2026-09-19 12:49:59+00:00,1000.0,2639.561480859191,2639.6355905761307,0.07410971693975636,0.07410971693975636,0.002807652614919705,Uniswap V3,SushiSwap V2,-10.445759,-1.0445759,-10.386964,-1.0386964,Uniswap V3 -> SushiSwap V2,989.613036,-10.386964,-1.0386964,False
26011669,2026-09-19 12:49:59+00:00,5000.0,2639.561480859191,2639.6355905761307,0.07410971693975636,0.07410971693975636,0.002807652614919705,Uniswap V3,SushiSwap V2,-185.939664,-3.71879328,-185.592948,-3.71185896,Uniswap V3 -> SushiSwap V2,4814.407052,-185.592948,-3.71185896,False
26011669,2026-09-19 12:49:59+00:00,10000.0,2639.561480859191,2639.6355905761307,0.07410971693975636,0.07410971693975636,0.002807652614919705,Uniswap V3,SushiSwap V2,-686.494946,-6.86494946,-685.686041,-6.85686041,Uniswap V3 -> SushiSwap V2,9314.313959,-685.686041,-6.85686041,False
26011670,2026-09-19 12:50:11+00:00,100.0,2639.5218725218715,2639.6355905761307,0.11371805425938854,0.11371805425938854,0.004308282323523207,Uniswap V3,SushiSwap V2,-0.42377,-0.42377,-0.415159,-0.415159,Uniswap V3 -> SushiSwap V2,99.584841,-0.415159,-0.415159,False
26011670,2026-09-19 12:50:11+00:00,500.0,2639.5218725218715,2639.6355905761307,0.11371805425938854,0.11371805425938854,0.004308282323523207,Uniswap V3,SushiSwap V2,-3.506536,-0.7013072,-3.462968,-0.6925936,Uniswap V3 -> SushiSwap V2,496.537032,-3.462968,-0.6925936,False
26011670,2026-09-19 12:50:11+00:00,1000.0,2639.5218725218715,2639.6355905761307,0.11371805425938854,0.11371805425938854,0.004308282323523207,Uniswap V3,SushiSwap V2,-10.460608,-1.0460608,-10.372217,-1.0372217,Uniswap V3 -> SushiSwap V2,989.627783,-10.372217,-1.0372217,False
26011670,2026-09-19 12:50:11+00:00,5000.0,2639.5218725218715,2639.6355905761307,0.11371805425938854,0.11371805425938854,0.004308282323523207,Uniswap V3,SushiSwap V2,-186.011902,-3.72023804,-185.523142,-3.71046284,Uniswap V3 -> SushiSwap V2,4814.476858,-185.523142,-3.71046284,False
26011670,2026-09-19 12:50:11+00:00,10000.0,2639.5218725218715,2639.6355905761307,0.11371805425938854,0.11371805425938854,0.004308282323523207,Uniswap V3,SushiSwap V2,-686.634699,-6.86634699,-685.555399,-6.85555399,Uniswap V3 -> SushiSwap V2,9314.444601,-685.555399,-6.85555399,False
26011671,2026-09-19 12:50:23+00:00,100.0,2639.521870731635,2639.6355905761307,0.11371984449575218,0.11371984449575218,0.004308350150712363,Uniswap V3,SushiSwap V2,-0.42377,-0.42377,-0.415158,-0.415158,Uniswap V3 -> SushiSwap V2,99.584842,-0.415158,-0.415158,False
26011671,2026-09-19 12:50:23+00:00,500.0,2639.521870731635,2639.6355905761307,0.11371984449575218,0.11371984449575218,0.004308350150712363,Uniswap V3,SushiSwap V2,-3.506537,-0.7013074,-3.462968,-0.6925936,Uniswap V3 -> SushiSwap V2,496.537032,-3.462968,-0.6925936,False
26011671,2026-09-19 12:50:23+00:00,1000.0,2639.521870731635,2639.6355905761307,0.11371984449575218,0.11371984449575218,0.004308350150712363,Uniswap V3,SushiSwap V2,-10.460608,-1.0460608,-10.372216,-1.0372216,Uniswap V3 -> SushiSwap V2,989.627784,-10.372216,-1.0372216,False
26011671,2026-09-19 12:50:23+00:00,5000.0,2639.521870731635,2639.6355905761307,0.11371984449575218,0.11371984449575218,0.004308350150712363,Uniswap V3,SushiSwap V2,-186.011905,-3.7202381,-185.523139,-3.71046278,Uniswap V3 -> SushiSwap V2,4814.476861,-185.523139,-3.71046278,False
26011671,2026-09-19 12:50:23+00:00,10000.0,2639.521870731635,2639.6355905761307,0.11371984449575218,0.11371984449575218,0.004308350150712363,Uniswap V3,SushiSwap V2,-686.634705,-6.86634705,-685.555393,-6.85555393,Uniswap V3 -> SushiSwap V2,9314.444607,-685.555393,-6.85555393,False
26011672,2026-09-19 12:50:35+00:00,100.0,2639.52187845701,2639.6355905761307,0.11371211912037046,0.11371211912037046,0.00430805745724083,Uniswap V3,SushiSwap V2,-0.42377,-0.42377,-0.415159,-0.415159,Uniswap V3 -> SushiSwap V2,99.584841,-0.415159,-0.415159,False
26011672,2026-09-19 12:50:35+00:00,500.0,2639.52187845701,2639.6355905761307,0.11371211912037046,0.11371211912037046,0.00430805745724083,Uniswap V3,SushiSwap V2,-3.506535,-0.701307,-3.462969,-0.6925938,Uniswap V3 -> SushiSwap V2,496.537031,-3.462969,-0.6925938,False
26011672,2026-09-19 12:50:35+00:00,1000.0,2639.52187845701,2639.6355905761307,0.11371211912037046,0.11371211912037046,0.00430805745724083,Uniswap V3,SushiSwap V2,-10.460606,-1.0460606,-10.372219,-1.0372219,Uniswap V3 -> SushiSwap V2,989.627781,-10.372219,-1.0372219,False
26011672,2026-09-19 12:50:35+00:00,5000.0,2639.52187845701,2639.6355905761307,0.11371211912037046,0.11371211912037046,0.00430805745724083,Uniswap V3,SushiSwap V2,-186.011891,-3.72023782,-185.523152,-3.71046304,Uniswap V3 -> SushiSwap V2,4814.476848,-185.523152,-3.71046304,False
26011672,2026-09-19 12:50:35+00:00,10000.0,2639.52187845701,2639.6355905761307,0.11371211912037046,0.11371211912037046,0.00430805745724083,Uniswap V3,SushiSwap V2,-686.634678,-6.86634678,-685.555419,-6.85555419,Uniswap V3 -> SushiSwap V2,9314.444581,-685.555419,-6.85555419,False
26011673,2026-09-19 12:50:47+00:00,100.0,2639.52187845701,2639.6355905761307,0.11371211912037046,0.11371211912037046,0.00430805745724083,Uniswap V3,SushiSwap V2,-0.42377,-0.42377,-0.415159,-0.415159,Uniswap V3 -> SushiSwap V2,99.584841,-0.415159,-0.415159,False
26011673,2026-09-19 12:50:47+00:00,500.0,2639.52187845701,2639.6355905761307,0.11371211912037046,0.11371211912037046,0.00430805745724083,Uniswap V3,SushiSwap V2,-3.506535,-0.701307,-3.462969,-0.6925938,Uniswap V3 -> SushiSwap V2,496.537031,-3.462969,-0.6925938,False
26011673,2026-09-19 12:50:47+00:00,1000.0,2639.52187845701,2639.6355905761307,0.11371211912037046,0.11371211912037046,0.00430805745724083,Uniswap V3,SushiSwap V2,-10.460606,-1.0460606,-10.372219,-1.0372219,Uniswap V3 -> SushiSwap V2,989.627781,-10.372219,-1.0372219,False
26011673,2026-09-19 12:50:47+00:00,5000.0,2639.52187845701,2639.6355905761307,0.11371211912037046,0.11371211912037046,0.00430805745724083,Uniswap V3,SushiSwap V2,-186.011891,-3.72023782,-185.523152,-3.71046304,Uniswap V3 -> SushiSwap V2,4814.476848,-185.523152,-3.71046304,False
26011673,2026-09-19 12:50:47+00:00,10000.0,2639.52187845701,2639.6355905761307,0.11371211912037046,0.11371211912037046,0.00430805745724083,Uniswap V3,SushiSwap V2,-686.634678,-6.86634678,-685.555419,-6.85555419,Uniswap V3 -> SushiSwap V2,9314.444581,-685.555419,-6.85555419,False
26011674,2026-09-19 12:50:59+00:00,100.0,2640.3651794807543,2639.6355905761307,-0.7295889046236652,0.7295889046236652,0.027639758579873677,SushiSwap V2,Uniswap V3,-0.391957,-0.391957,-0.446943,-0.446943,SushiSwap V2 -> Uniswap V3,99.608043,-0.391957,-0.391957,False
26011674,2026-09-19 12:50:59+00:00,500.0,2640.3651794807543,2639.6355905761307,-0.7295889046236652,0.7295889046236652,0.027639758579873677,SushiSwap V2,Uniswap V3,-3.347911,-0.6695822,-3.621005,-0.724201,SushiSwap V2 -> Uniswap V3,496.652089,-3.347911,-0.6695822,False
26011674,2026-09-19 12:50:59+00:00,1000.0,2640.3651794807543,2639.6355905761307,-0.7295889046236652,0.7295889046236652,0.027639758579873677,SushiSwap V2,Uniswap V3,-10.144458,-1.0144458,-10.686102,-1.0686102,SushiSwap V2 -> Uniswap V3,989.855542,-10.144458,-1.0144458,False
26011674,2026-09-19 12:50:59+00:00,5000.0,2640.3651794807543,2639.6355905761307,-0.7295889046236652,0.7295889046236652,0.027639758579873677,SushiSwap V2,Uniswap V3,-184.473886,-3.68947772,-187.00895,-3.740179,SushiSwap V2 -> Uniswap V3,4815.526114,-184.473886,-3.68947772,False
26011674,2026-09-19 12:50:59+00:00,10000.0,2640.3651794807543,2639.6355905761307,-0.7295889046236652,0.7295889046236652,0.027639758579873677,SushiSwap V2,Uniswap V3,-683.659212,-6.83659212,-688.336122,-6.88336122,SushiSwap V2 -> Uniswap V3,9316.340788,-683.659212,-6.83659212,False
26011675,2026-09-19 12:51:11+00:00,100.0,2640.3651794807543,2639.6355905761307,-0.7295889046236652,0.7295889046236652,0.027639758579873677,SushiSwap V2,Uniswap V3,-0.391957,-0.391957,-0.446943,-0.446943,SushiSwap V2 -> Uniswap V3,99.608043,-0.391957,-0.391957,False
26011675,2026-09-19 12:51:11+00:00,500.0,2640.3651794807543,2639.6355905761307,-0.7295889046236652,0.7295889046236652,0.027639758579873677,SushiSwap V2,Uniswap V3,-3.347911,-0.6695822,-3.621005,-0.724201,SushiSwap V2 -> Uniswap V3,496.652089,-3.347911,-0.6695822,False
26011675,2026-09-19 12:51:11+00:00,1000.0,2640.3651794807543,2639.6355905761307,-0.7295889046236652,0.7295889046236652,0.027639758579873677,SushiSwap V2,Uniswap V3,-10.144458,-1.0144458,-10.686102,-1.0686102,SushiSwap V2 -> Uniswap V3,989.855542,-10.144458,-1.0144458,False
26011675,2026-09-19 12:51:11+00:00,5000.0,2640.3651794807543,2639.6355905761307,-0.7295889046236652,0.7295889046236652,0.027639758579873677,SushiSwap V2,Uniswap V3,-184.473886,-3.68947772,-187.00895,-3.740179,SushiSwap V2 -> Uniswap V3,4815.526114,-184.473886,-3.68947772,False
26011675,2026-09-19 12:51:11+00:00,10000.0,2640.3651794807543,2639.6355905761307,-0.7295889046236652,0.7295889046236652,0.027639758579873677,SushiSwap V2,Uniswap V3,-683.659212,-6.83659212,-688.336122,-6.88336122,SushiSwap V2 -> Uniswap V3,9316.340788,-683.659212,-6.83659212,False
26011676,2026-09-19 12:51:23+00:00,100.0,2640.407555471125,2639.6355905761307,-0.7719648949941675,0.7719648949941675,0.02924513132608874,SushiSwap V2,Uniswap V3,-0.390358,-0.390358,-0.448539,-0.448539,SushiSwap V2 -> Uniswap V3,99.609642,-0.390358,-0.390358,False
26011676,2026-09-19 12:51:23+00:00,500.0,2640.407555471125,2639.6355905761307,-0.7719648949941675,0.7719648949941675,0.02924513132608874,SushiSwap V2,Uniswap V3,-3.33994,-0.667988,-3.628944,-0.7257888,SushiSwap V2 -> Uniswap V3,496.66006,-3.33994,-0.667988,False
26011676,2026-09-19 12:51:23+00:00,1000.0,2640.407555471125,2639.6355905761307,-0.7719648949941675,0.7719648949941675,0.02924513132608874,SushiSwap V2,Uniswap V3,-10.128572,-1.0128572,-10.70187,-1.070187,SushiSwap V2 -> Uniswap V3,989.871428,-10.128572,-1.0128572,False
26011676,2026-09-19 12:51:23+00:00,5000.0,2640.407555471125,2639.6355905761307,-0.7719648949941675,0.7719648949941675,0.02924513132608874,SushiSwap V2,Uniswap V3,-184.396601,-3.68793202,-187.083587,-3.74167174,SushiSwap V2 -> Uniswap V3,4815.603399,-184.396601,-3.68793202,False
26011676,2026-09-19 12:51:23+00:00,10000.0,2640.407555471125,2639.6355905761307,-0.7719648949941675,0.7719648949941675,0.02924513132608874,SushiSwap V2,Uniswap V3,-683.509694,-6.83509694,-688.475809,-6.88475809,SushiSwap V2 -> Uniswap V3,9316.490306,-683.509694,-6.83509694,False
26011677,2026-09-19 12:51:35+00:00,100.0,2640.0859702385987,2639.6355905761307,-0.45037966246822736,0.45037966246822736,0.01706219085983482,SushiSwap V2,Uniswap V3,-0.40249,-0.40249,-0.436422,-0.436422,SushiSwap V2 -> Uniswap V3,99.59751,-0.40249,-0.40249,False
26011677,2026-09-19 12:51:35+00:00,500.0,2640.0859702385987,2639.6355905761307,-0.45037966246822736,0.45037966246822736,0.01706219085983482,SushiSwap V2,Uniswap V3,-3.40043,-0.680086,-3.568692,-0.7137384,SushiSwap V2 -> Uniswap V3,496.59957,-3.40043,-0.680086,False
26011677,2026-09-19 12:51:35+00:00,1000.0,2640.0859702385987,2639.6355905761307,-0.45037966246822736,0.45037966246822736,0.01706219085983482,SushiSwap V2,Uniswap V3,-10.249132,-1.0249132,-10.5822,-1.05822,SushiSwap V2 -> Uniswap V3,989.750868,-10.249132,-1.0249132,False
26011677,2026-09-19 12:51:35+00:00,5000.0,2640.0859702385987,2639.6355905761307,-0.45037966246822736,0.45037966246822736,0.01706219085983482,SushiSwap V2,Uniswap V3,-184.983105,-3.6996621,-186.517118,-3.73034236,SushiSwap V2 -> Uniswap V3,4815.016895,-184.983105,-3.6996621,False
26011677,2026-09-19 12:51:35+00:00,10000.0,2640.0859702385987,2639.6355905761307,-0.45037966246822736,0.45037966246822736,0.01706219085983482,SushiSwap V2,Uniswap V3,-684.644361,-6.84644361,-687.415641,-6.87415641,SushiSwap V2 -> Uniswap V3,9315.355639,-684.644361,-6.84644361,False
26011678,2026-09-19 12:51:47+00:00,100.0,2640.3706138462885,2639.6355905761307,-0.7350232701579285,0.7350232701579285,0.027845634177007788,SushiSwap V2,Uniswap V3,-0.391752,-0.391752,-0.447148,-0.447148,SushiSwap V2 -> Uniswap V3,99.608248,-0.391752,-0.391752,False
26011678,2026-09-19 12:51:47+00:00,500.0,2640.3706138462885,2639.6355905761307,-0.7350232701579285,0.7350232701579285,0.027845634177007788,SushiSwap V2,Uniswap V3,-3.346889,-0.6693778,-3.622024,-0.7244048,SushiSwap V2 -> Uniswap V3,496.653111,-3.346889,-0.6693778,False
26011678,2026-09-19 12:51:47+00:00,1000.0,2640.3706138462885,2639.6355905761307,-0.7350232701579285,0.7350232701579285,0.027845634177007788,SushiSwap V2,Uniswap V3,-10.142421,-1.0142421,-10.688124,-1.0688124,SushiSwap V2 -> Uniswap V3,989.857579,-10.142421,-1.0142421,False
26011678,2026-09-19 12:51:47+00:00,5000.0,2640.3706138462885,2639.6355905761307,-0.7350232701579285,0.7350232701579285,0.027845634177007788,SushiSwap V2,Uniswap V3,-184.463975,-3.6892795,-187.018522,-3.74037044,SushiSwap V2 -> Uniswap V3,4815.536025,-184.463975,-3.6892795,False
26011678,2026-09-19 12:51:47+00:00,10000.0,2640.3706138462885,2639.6355905761307,-0.7350232701579285,0.7350232701579285,0.027845634177007788,SushiSwap V2,Uniswap V3,-683.640038,-6.83640038,-688.354036,-6.88354036,SushiSwap V2 -> Uniswap V3,9316.359962,-683.640038,-6.83640038,False
26011679,2026-09-19 12:51:59+00:00,100.0,2640.6100557088644,2639.6355905761307,-0.9744651327336069,0.9744651327336069,0.036916653806782426,SushiSwap V2,Uniswap V3,-0.382719,-0.382719,-0.456168,-0.456168,SushiSwap V2 -> Uniswap V3,99.617281,-0.382719,-0.382719,False
26011679,2026-09-19 12:51:59+00:00,500.0,2640.6100557088644,2639.6355905761307,-0.9744651327336069,0.9744651327336069,0.036916653806782426,SushiSwap V2,Uniswap V3,-3.30185,-0.66037,-3.666877,-0.7333754,SushiSwap V2 -> Uniswap V3,496.69815,-3.30185,-0.66037,False
26011679,2026-09-19 12:51:59+00:00,1000.0,2640.6100557088644,2639.6355905761307,-0.9744651327336069,0.9744651327336069,0.036916653806782426,SushiSwap V2,Uniswap V3,-10.052656,-1.0052656,-10.77721,-1.077721,SushiSwap V2 -> Uniswap V3,989.947344,-10.052656,-1.0052656,False
26011680,2026-09-19 12:52:11+00:00,100.0,2641.2061254505957,2639.6355905761307,-1.5705348744648906,1.5705348744648906,0.05949817012893448,SushiSwap V2,Uniswap V3,-0.360232,-0.360232,-0.478618,-0.478618,SushiSwap V2 -> Uniswap V3,99.639768,-0.360232,-0.360232,False
26011680,2026-09-19 12:52:11+00:00,500.0,2641.2061254505957,2639.6355905761307,-1.5705348744648906,1.5705348744648906,0.05949817012893448,SushiSwap V2,Uniswap V3,-3.189729,-0.6379458,-3.7785,-0.7557,SushiSwap V2 -> Uniswap V3,496.810271,-3.189729,-0.6379458,False
26011680,2026-09-19 12:52:11+00:00,1000.0,2641.2061254505957,2639.6355905761307,-1.5705348744648906,1.5705348744648906,0.05949817012893448,SushiSwap V2,Uniswap V3,-9.829194,-0.9829194,-10.99891,-1.099891,SushiSwap V2 -> Uniswap V3,990.170806,-9.829194,-0.9829194,False
26011680,2026-09-19 12:52:11+00:00,5000.0,2641.2061254505957,2639.6355905761307,-1.5705348744648906,1.5705348744648906,0.05949817012893448,SushiSwap V2,Uniswap V3,-182.940176,-3.65880352,-188.489787,-3.76979574,SushiSwap V2 -> Uniswap V3,4817.059824,-182.940176,-3.65880352,False
26011680,2026-09-19 12:52:11+00:00,10000.0,2641.2061254505957,2639.6355905761307,-1.5705348744648906,1.5705348744648906,0.05949817012893448,SushiSwap V2,Uniswap V3,-680.692056,-6.80692056,-691.108073,-6.91108073,SushiSwap V2 -> Uniswap V3,9319.307944,-680.692056,-6.80692056,False
26011681,2026-09-19 12:52:23+00:00,100.0,2641.205597987605,2639.6355905761307,-1.5700074114741351,1.5700074114741351,0.05947818771194334,SushiSwap V2,Uniswap V3,-0.360252,-0.360252,-0.478598,-0.478598,SushiSwap V2 -> Uniswap V3,99.639748,-0.360252,-0.360252,False
26011681,2026-09-19 12:52:23+00:00,500.0,2641.205597987605,2639.6355905761307,-1.5700074114741351,1.5700074114741351,0.05947818771194334,SushiSwap V2,Uniswap V3,-3.189828,-0.6379656,-3.778401,-0.7556802,SushiSwap V2 -> Uniswap V3,496.810172,-3.189828,-0.6379656,False
26011681,2026-09-19 12:52:23+00:00,1000.0,2641.205597987605,2639.6355905761307,-1.5700074114741351,1.5700074114741351,0.05947818771194334,SushiSwap V2,Uniswap V3,-9.829392,-0.9829392,-10.998714,-1.0998714,SushiSwap V2 -> Uniswap V3,990.170608,-9.829392,-0.9829392,False
26011681,2026-09-19 12:52:23+00:00,5000.0,2641.205597987605,2639.6355905761307,-1.5700074114741351,1.5700074114741351,0.05947818771194334,SushiSwap V2,Uniswap V3,-182.941138,-3.65882276,-188.488857,-3.76977714,SushiSwap V2 -> Uniswap V3,4817.058862,-182.941138,-3.65882276,False
26011681,2026-09-19 12:52:23+00:00,10000.0,2641.205597987605,2639.6355905761307,-1.5700074114741351,1.5700074114741351,0.05947818771194334,SushiSwap V2,Uniswap V3,-680.693917,-6.80693917,-691.106332,-6.91106332,SushiSwap V2 -> Uniswap V3,9319.306083,-680.693917,-6.80693917,False
26011682,2026-09-19 12:52:35+00:00,100.0,2641.205898115997,2639.6355905761307,-1.5703075398665867,1.5703075398665867,0.05948955778111209,SushiSwap V2,Uniswap V3,-0.36024,-0.36024,-0.478609,-0.478609,SushiSwap V2 -> Uniswap V3,99.63976,-0.36024,-0.36024,False
26011682,2026-09-19 12:52:35+00:00,500.0,2641.205898115997,2639.6355905761307,-1.5703075398665867,1.5703075398665867,0.05948955778111209,SushiSwap V2,Uniswap V3,-3.189772,-0.6379544,-3.778457,-0.7556914,SushiSwap V2 -> Uniswap V3,496.810228,-3.189772,-0.6379544,False
26011682,2026-09-19 12:52:35+00:00,1000.0,2641.205898115997,2639.6355905761307,-1.5703075398665867,1.5703075398665867,0.05948955778111209,SushiSwap V2,Uniswap V3,-9.829279,-0.9829279,-10.998826,-1.0998826,SushiSwap V2 -> Uniswap V3,990.170721,-9.829279,-0.9829279,False
26011682,2026-09-19 12:52:35+00:00,5000.0,2641.205898115997,2639.6355905761307,-1.5703075398665867,1.5703075398665867,0.05948955778111209,SushiSwap V2,Uniswap V3,-182.940591,-3.65881182,-188.489386,-3.76978772,SushiSwap V2 -> Uniswap V3,4817.059409,-182.940591,-3.65881182,False
26011682,2026-09-19 12:52:35+00:00,10000.0,2641.205898115997,2639.6355905761307,-1.5703075398665867,1.5703075398665867,0.05948955778111209,SushiSwap V2,Uniswap V3,-680.692858,-6.80692858,-691.107323,-6.91107323,SushiSwap V2 -> Uniswap V3,9319.307142,-680.692858,-6.80692858,False
26011683,2026-09-19 12:52:47+00:00,100.0,2641.205898115997,2639.6355905761307,-1.5703075398665867,1.5703075398665867,0.05948955778111209,SushiSwap V2,Uniswap V3,-0.36024,-0.36024,-0.478609,-0.478609,SushiSwap V2 -> Uniswap V3,99.63976,-0.36024,-0.36024,False
26011683,2026-09-19 12:52:47+00:00,500.0,2641.205898115997,2639.6355905761307,-1.5703075398665867,1.5703075398665867,0.05948955778111209,SushiSwap V2,Uniswap V3,-3.189772,-0.6379544,-3.778457,-0.7556914,SushiSwap V2 -> Uniswap V3,496.810228,-3.189772,-0.6379544,False
26011683,2026-09-19 12:52:47+00:00,1000.0,2641.205898115997,2639.6355905761307,-1.5703075398665867,1.5703075398665867,0.05948955778111209,SushiSwap V2,Uniswap V3,-9.829279,-0.9829279,-10.998826,-1.0998826,SushiSwap V2 -> Uniswap V3,990.170721,-9.829279,-0.9829279,False
26011683,2026-09-19 12:52:47+00:00,5000.0,2641.205898115997,2639.6355905761307,-1.5703075398665867,1.5703075398665867,0.05948955778111209,SushiSwap V2,Uniswap V3,-182.940591,-3.65881182,-188.489386,-3.76978772,SushiSwap V2 -> Uniswap V3,4817.059409,-182.940591,-3.65881182,False
26011683,2026-09-19 12:52:47+00:00,10000.0,2641.205898115997,2639.6355905761307,-1.5703075398665867,1.5703075398665867,0.05948955778111209,SushiSwap V2,Uniswap V3,-680.692858,-6.80692858,-691.107323,-6.91107323,SushiSwap V2 -> Uniswap V3,9319.307142,-680.692858,-6.80692858,False
26011684,2026-09-19 12:52:59+00:00,100.0,2641.205898115997,2639.6355905761307,-1.5703075398665867,1.5703075398665867,0.05948955778111209,SushiSwap V2,Uniswap V3,-0.36024,-0.36024,-0.478609,-0.478609,SushiSwap V2 -> Uniswap V3,99.63976,-0.36024,-0.36024,False
26011684,2026-09-19 12:52:59+00:00,500.0,2641.205898115997,2639.6355905761307,-1.5703075398665867,1.5703075398665867,0.05948955778111209,SushiSwap V2,Uniswap V3,-3.189772,-0.6379544,-3.778457,-0.7556914,SushiSwap V2 -> Uniswap V3,496.810228,-3.189772,-0.6379544,False
26011684,2026-09-19 12:52:59+00:00,10000.0,2641.205898115997,2639.6355905761307,-1.5703075398665867,1.5703075398665867,0.05948955778111209,SushiSwap V2,Uniswap V3,-680.692858,-6.80692858,-691.107323,-6.91107323,SushiSwap V2 -> Uniswap V3,9319.307142,-680.692858,-6.80692858,False
26011685,2026-09-19 12:53:11+00:00,100.0,2641.205898115997,2639.6355905761307,-1.5703075398665867,1.5703075398665867,0.05948955778111209,SushiSwap V2,Uniswap V3,-0.36024,-0.36024,-0.478609,-0.478609,SushiSwap V2 -> Uniswap V3,99.63976,-0.36024,-0.36024,False
26011685,2026-09-19 12:53:11+00:00,500.0,2641.205898115997,2639.6355905761307,-1.5703075398665867,1.5703075398665867,0.05948955778111209,SushiSwap V2,Uniswap V3,-3.189772,-0.6379544,-3.778457,-0.7556914,SushiSwap V2 -> Uniswap V3,496.810228,-3.189772,-0.6379544,False
26011685,2026-09-19 12:53:11+00:00,1000.0,2641.205898115997,2639.6355905761307,-1.5703075398665867,1.5703075398665867,0.05948955778111209,SushiSwap V2,Uniswap V3,-9.829279,-0.9829279,-10.998826,-1.0998826,SushiSwap V2 -> Uniswap V3,990.170721,-9.829279,-0.9829279,False
26011685,2026-09-19 12:53:11+00:00,5000.0,2641.205898115997,2639.6355905761307,-1.5703075398665867,1.5703075398665867,0.05948955778111209,SushiSwap V2,Uniswap V3,-182.940591,-3.65881182,-188.489386,-3.76978772,SushiSwap V2 -> Uniswap V3,4817.059409,-182.940591,-3.65881182,False
26011685,2026-09-19 12:53:11+00:00,10000.0,2641.205898115997,2639.6355905761307,-1.5703075398665867,1.5703075398665867,0.05948955778111209,SushiSwap V2,Uniswap V3,-680.692858,-6.80692858,-691.107323,-6.91107323,SushiSwap V2 -> Uniswap V3,9319.307142,-680.692858,-6.80692858,False
26011686,2026-09-19 12:53:23+00:00,100.0,2641.2058963240056,2639.6355905761307,-1.5703057478748887,1.5703057478748887,0.05948948989326786,SushiSwap V2,Uniswap V3,-0.36024,-0.36024,-0.478609,-0.478609,SushiSwap V2 -> Uniswap V3,99.63976,-0.36024,-0.36024,False
26011686,2026-09-19 12:53:23+00:00,500.0,2641.2058963240056,2639.6355905761307,-1.5703057478748887,1.5703057478748887,0.05948948989326786,SushiSwap V2,Uniswap V3,-3.189772,-0.6379544,-3.778457,-0.7556914,SushiSwap V2 -> Uniswap V3,496.810228,-3.189772,-0.6379544,False
26011686,2026-09-19 12:53:23+00:00,1000.0,2641.2058963240056,2639.6355905761307,-1.5703057478748887,1.5703057478748887,0.05948948989326786,SushiSwap V2,Uniswap V3,-9.82928,-0.982928,-10.998825,-1.0998825,SushiSwap V2 -> Uniswap V3,990.17072,-9.82928,-0.982928,False
26011686,2026-09-19 12:53:23+00:00,5000.0,2641.2058963240056,2639.6355905761307,-1.5703057478748887,1.5703057478748887,0.05948948989326786,SushiSwap V2,Uniswap V3,-182.940594,-3.65881188,-188.489383,-3.76978766,SushiSwap V2 -> Uniswap V3,4817.059406,-182.940594,-3.65881188,False
26011686,2026-09-19 12:53:23+00:00,10000.0,2641.2058963240056,2639.6355905761307,-1.5703057478748887,1.5703057478748887,0.05948948989326786,SushiSwap V2,Uniswap V3,-680.692864,-6.80692864,-691.107317,-6.91107317,SushiSwap V2 -> Uniswap V3,9319.307136,-680.692864,-6.80692864,False
26011687,2026-09-19 12:53:35+00:00,100.0,2641.2058963240056,2639.6355905761307,-1.5703057478748887,1.5703057478748887,0.05948948989326786,SushiSwap V2,Uniswap V3,-0.36024,-0.36024,-0.478609,-0.478609,SushiSwap V2 -> Uniswap V3,99.63976,-0.36024,-0.36024,False
26011687,2026-09-19 12:53:35+00:00,500.0,2641.2058963240056,2639.6355905761307,-1.5703057478748887,1.5703057478748887,0.05948948989326786,SushiSwap V2,Uniswap V3,-3.189772,-0.6379544,-3.778457,-0.7556914,SushiSwap V2 -> Uniswap V3,496.810228,-3.189772,-0.6379544,False
26011687,2026-09-19 12:53:35+00:00,5000.0,2641.2058963240056,2639.6355905761307,-1.5703057478748887,1.5703057478748887,0.05948948989326786,SushiSwap V2,Uniswap V3,-182.940594,-3.65881188,-188.489383,-3.76978766,SushiSwap V2 -> Uniswap V3,4817.059406,-182.940594,-3.65881188,False
26011687,2026-09-19 12:53:35+00:00,10000.0,2641.2058963240056,2639.6355905761307,-1.5703057478748887,1.5703057478748887,0.05948948989326786,SushiSwap V2,Uniswap V3,-680.692864,-6.80692864,-691.107317,-6.91107317,SushiSwap V2 -> Uniswap V3,9319.307136,-680.692864,-6.80692864,False
26011688,2026-09-19 12:53:47+00:00,100.0,2641.2058963240056,2639.6355905761307,-1.5703057478748887,1.5703057478748887,0.05948948989326786,SushiSwap V2,Uniswap V3,-0.36024,-0.36024,-0.478609,-0.478609,SushiSwap V2 -> Uniswap V3,99.63976,-0.36024,-0.36024,False
26011688,2026-09-19 12:53:47+00:00,500.0,2641.2058963240056,2639.6355905761307,-1.5703057478748887,1.5703057478748887,0.05948948989326786,SushiSwap V2,Uniswap V3,-3.189772,-0.6379544,-3.778457,-0.7556914,SushiSwap V2 -> Uniswap V3,496.810228,-3.189772,-0.6379544,False
26011688,2026-09-19 12:53:47+00:00,1000.0,2641.2058963240056,2639.6355905761307,-1.5703057478748887,1.5703057478748887,0.05948948989326786,SushiSwap V2,Uniswap V3,-9.82928,-0.982928,-10.998825,-1.0998825,SushiSwap V2 -> Uniswap V3,990.17072,-9.82928,-0.982928,False
26011688,2026-09-19 12:53:47+00:00,5000.0,2641.2058963240056,2639.6355905761307,-1.5703057478748887,1.5703057478748887,0.05948948989326786,SushiSwap V2,Uniswap V3,-182.940594,-3.65881188,-188.489383,-3.76978766,SushiSwap V2 -> Uniswap V3,4817.059406,-182.940594,-3.65881188,False
26011688,2026-09-19 12:53:47+00:00,10000.0,2641.2058963240056,2639.6355905761307,-1.5703057478748887,1.5703057478748887,0.05948948989326786,SushiSwap V2,Uniswap V3,-680.692864,-6.80692864,-691.107317,-6.91107317,SushiSwap V2 -> Uniswap V3,9319.307136,-680.692864,-6.80692864,False
26011689,2026-09-19 12:53:59+00:00,100.0,2641.2176520862567,2639.6355905761307,-1.5820615101260755,1.5820615101260755,0.05993484539207825,SushiSwap V2,Uniswap V3,-0.359797,-0.359797,-0.479052,-0.479052,SushiSwap V2 -> Uniswap V3,99.640203,-0.359797,-0.359797,False
26011689,2026-09-19 12:53:59+00:00,500.0,2641.2176520862567,2639.6355905761307,-1.5820615101260755,1.5820615101260755,0.05993484539207825,SushiSwap V2,Uniswap V3,-3.187561,-0.6375122,-3.780658,-0.7561316,SushiSwap V2 -> Uniswap V3,496.812439,-3.187561,-0.6375122,False
26011689,2026-09-19 12:53:59+00:00,1000.0,2641.2176520862567,2639.6355905761307,-1.5820615101260755,1.5820615101260755,0.05993484539207825,SushiSwap V2,Uniswap V3,-9.824873,-0.9824873,-11.003197,-1.1003197,SushiSwap V2 -> Uniswap V3,990.175127,-9.824873,-0.9824873,False
26011689,2026-09-19 12:53:59+00:00,5000.0,2641.2176520862567,2639.6355905761307,-1.5820615101260755,1.5820615101260755,0.05993484539207825,SushiSwap V2,Uniswap V3,-182.919154,-3.65838308,-188.510113,-3.77020226,SushiSwap V2 -> Uniswap V3,4817.080846,-182.919154,-3.65838308,False
26011689,2026-09-19 12:53:59+00:00,10000.0,2641.2176520862567,2639.6355905761307,-1.5820615101260755,1.5820615101260755,0.05993484539207825,SushiSwap V2,Uniswap V3,-680.651386,-6.80651386,-691.146131,-6.91146131,SushiSwap V2 -> Uniswap V3,9319.348614,-680.651386,-6.80651386,False
26011690,2026-09-19 12:54:11+00:00,100.0,2641.3620015918364,2639.6355905761307,-1.7264110157058856,1.7264110157058856,0.06540338453797997,SushiSwap V2,Uniswap V3,-0.354351,-0.354351,-0.484487,-0.484487,SushiSwap V2 -> Uniswap V3,99.645649,-0.354351,-0.354351,False
26011690,2026-09-19 12:54:11+00:00,500.0,2641.3620015918364,2639.6355905761307,-1.7264110157058856,1.7264110157058856,0.06540338453797997,SushiSwap V2,Uniswap V3,-3.160412,-0.6320824,-3.807685,-0.761537,SushiSwap V2 -> Uniswap V3,496.839588,-3.160412,-0.6320824,False
26011690,2026-09-19 12:54:11+00:00,1000.0,2641.3620015918364,2639.6355905761307,-1.7264110157058856,1.7264110157058856,0.06540338453797997,SushiSwap V2,Uniswap V3,-9.770769,-0.9770769,-11.056882,-1.1056882,SushiSwap V2 -> Uniswap V3,990.229231,-9.770769,-0.9770769,False
26011690,2026-09-19 12:54:11+00:00,5000.0,2641.3620015918364,2639.6355905761307,-1.7264110157058856,1.7264110157058856,0.06540338453797997,SushiSwap V2,Uniswap V3,-182.656167,-3.65312334,-188.764328,-3.77528656,SushiSwap V2 -> Uniswap V3,4817.343833,-182.656167,-3.65312334,False
26011690,2026-09-19 12:54:11+00:00,10000.0,2641.3620015918364,2639.6355905761307,-1.7264110157058856,1.7264110157058856,0.06540338453797997,SushiSwap V2,Uniswap V3,-680.142838,-6.80142838,-691.62194,-6.9162194,SushiSwap V2 -> Uniswap V3,9319.857162,-680.142838,-6.80142838,False
26011691,2026-09-19 12:54:23+00:00,100.0,2641.3620015918364,2639.6355905761307,-1.7264110157058856,1.7264110157058856,0.06540338453797997,SushiSwap V2,Uniswap V3,-0.354351,-0.354351,-0.484487,-0.484487,SushiSwap V2 -> Uniswap V3,99.645649,-0.354351,-0.354351,False
26011691,2026-09-19 12:54:23+00:00,500.0,2641.3620015918364,2639.6355905761307,-1.7264110157058856,1.7264110157058856,0.06540338453797997,SushiSwap V2,Uniswap V3,-3.160412,-0.6320824,-3.807685,-0.761537,SushiSwap V2 -> Uniswap V3,496.839588,-3.160412,-0.6320824,False
26011691,2026-09-19 12:54:23+00:00,1000.0,2641.3620015918364,2639.6355905761307,-1.7264110157058856,1.7264110157058856,0.06540338453797997,SushiSwap V2,Uniswap V3,-9.770769,-0.9770769,-11.056882,-1.1056882,SushiSwap V2 -> Uniswap V3,990.229231,-9.770769,-0.9770769,False
26011691,2026-09-19 12:54:23+00:00,5000.0,2641.3620015918364,2639.6355905761307,-1.7264110157058856,1.7264110157058856,0.06540338453797997,SushiSwap V2,Uniswap V3,-182.656167,-3.65312334,-188.764328,-3.77528656,SushiSwap V2 -> Uniswap V3,4817.343833,-182.656167,-3.65312334,False
26011691,2026-09-19 12:54:23+00:00,10000.0,2641.3620015918364,2639.6355905761307,-1.7264110157058856,1.7264110157058856,0.06540338453797997,SushiSwap V2,Uniswap V3,-680.142838,-6.80142838,-691.62194,-6.9162194,SushiSwap V2 -> Uniswap V3,9319.857162,-680.142838,-6.80142838,False
26011692,2026-09-19 12:54:35+00:00,100.0,2641.3620015918364,2641.417072362232,0.055070770395451725,0.055070770395451725,0.0020849383902041036,Uniswap V3,SushiSwap V2,-0.421533,-0.421533,-0.417348,-0.417348,Uniswap V3 -> SushiSwap V2,99.582652,-0.417348,-0.417348,False
26011692,2026-09-19 12:54:35+00:00,500.0,2641.3620015918364,2641.417072362232,0.055070770395451725,0.055070770395451725,0.0020849383902041036,Uniswap V3,SushiSwap V2,-3.494917,-0.6989834,-3.473388,-0.6946776,Uniswap V3 -> SushiSwap V2,496.526612,-3.473388,-0.6946776,False
26011692,2026-09-19 12:54:35+00:00,1000.0,2641.3620015918364,2641.417072362232,0.055070770395451725,0.055070770395451725,0.0020849383902041036,Uniswap V3,SushiSwap V2,-10.436298,-1.0436298,-10.391758,-1.0391758,Uniswap V3 -> SushiSwap V2,989.608242,-10.391758,-1.0391758,False
26011692,2026-09-19 12:54:35+00:00,5000.0,2641.3620015918364,2641.417072362232,0.055070770395451725,0.055070770395451725,0.0020849383902041036,Uniswap V3,SushiSwap V2,-185.850217,-3.71700434,-185.571933,-3.71143866,Uniswap V3 -> SushiSwap V2,4814.428067,-185.571933,-3.71143866,False
26011692,2026-09-19 12:54:35+00:00,10000.0,2641.3620015918364,2641.417072362232,0.055070770395451725,0.055070770395451725,0.0020849383902041036,Uniswap V3,SushiSwap V2,-686.222802,-6.86222802,-685.544466,-6.85544466,Uniswap V3 -> SushiSwap V2,9314.455534,-685.544466,-6.85544466,False
26011693,2026-09-19 12:54:47+00:00,100.0,2641.307378355816,2641.417072362232,0.109694006415791,0.109694006415791,0.0041530193462024955,Uniswap V3,SushiSwap V2,-0.423592,-0.423592,-0.41529,-0.41529,Uniswap V3 -> SushiSwap V2,99.58471,-0.41529,-0.41529,False
26011693,2026-09-19 12:54:47+00:00,500.0,2641.307378355816,2641.417072362232,0.109694006415791,0.109694006415791,0.0041530193462024955,Uniswap V3,SushiSwap V2,-3.505184,-0.7010368,-3.463155,-0.692631,Uniswap V3 -> SushiSwap V2,496.536845,-3.463155,-0.692631,False
26011693,2026-09-19 12:54:47+00:00,1000.0,2641.307378355816,2641.417072362232,0.109694006415791,0.109694006415791,0.0041530193462024955,Uniswap V3,SushiSwap V2,-10.456762,-1.0456762,-10.371434,-1.0371434,Uniswap V3 -> SushiSwap V2,989.628566,-10.371434,-1.0371434,False
26011693,2026-09-19 12:54:47+00:00,5000.0,2641.307378355816,2641.417072362232,0.109694006415791,0.109694006415791,0.0041530193462024955,Uniswap V3,SushiSwap V2,-185.949698,-3.71899396,-185.475729,-3.70951458,Uniswap V3 -> SushiSwap V2,4814.524271,-185.475729,-3.70951458,False
26011693,2026-09-19 12:54:47+00:00,10000.0,2641.307378355816,2641.417072362232,0.109694006415791,0.109694006415791,0.0041530193462024955,Uniswap V3,SushiSwap V2,-686.415085,-6.86415085,-685.364415,-6.85364415,Uniswap V3 -> SushiSwap V2,9314.635585,-685.364415,-6.85364415,False
26011694,2026-09-19 12:54:59+00:00,100.0,2641.307378355816,2641.417072362232,0.109694006415791,0.109694006415791,0.0041530193462024955,Uniswap V3,SushiSwap V2,-0.423592,-0.423592,-0.41529,-0.41529,Uniswap V3 -> SushiSwap V2,99.58471,-0.41529,-0.41529,False
26011694,2026-09-19 12:54:59+00:00,500.0,2641.307378355816,2641.417072362232,0.109694006415791,0.109694006415791,0.0041530193462024955,Uniswap V3,SushiSwap V2,-3.505184,-0.7010368,-3.463155,-0.692631,Uniswap V3 -> SushiSwap V2,496.536845,-3.463155,-0.692631,False
26011694,2026-09-19 12:54:59+00:00,1000.0,2641.307378355816,2641.417072362232,0.109694006415791,0.109694006415791,0.0041530193462024955,Uniswap V3,SushiSwap V2,-10.456762,-1.0456762,-10.371434,-1.0371434,Uniswap V3 -> SushiSwap V2,989.628566,-10.371434,-1.0371434,False
26011694,2026-09-19 12:54:59+00:00,5000.0,2641.307378355816,2641.417072362232,0.109694006415791,0.109694006415791,0.0041530193462024955,Uniswap V3,SushiSwap V2,-185.949698,-3.71899396,-185.475729,-3.70951458,Uniswap V3 -> SushiSwap V2,4814.524271,-185.475729,-3.70951458,False
26011694,2026-09-19 12:54:59+00:00,10000.0,2641.307378355816,2641.417072362232,0.109694006415791,0.109694006415791,0.0041530193462024955,Uniswap V3,SushiSwap V2,-686.415085,-6.86415085,-685.364415,-6.85364415,Uniswap V3 -> SushiSwap V2,9314.635585,-685.364415,-6.85364415,False
26011695,2026-09-19 12:55:11+00:00,100.0,2641.307378355816,2641.417072362232,0.109694006415791,0.109694006415791,0.0041530193462024955,Uniswap V3,SushiSwap V2,-0.423592,-0.423592,-0.41529,-0.41529,Uniswap V3 -> SushiSwap V2,99.58471,-0.41529,-0.41529,False
26011695,2026-09-19 12:55:11+00:00,500.0,2641.307378355816,2641.417072362232,0.109694006415791,0.109694006415791,0.0041530193462024955,Uniswap V3,SushiSwap V2,-3.505184,-0.7010368,-3.463155,-0.692631,Uniswap V3 -> SushiSwap V2,496.536845,-3.463155,-0.692631,False
26011695,2026-09-19 12:55:11+00:00,1000.0,2641.307378355816,2641.417072362232,0.109694006415791,0.109694006415791,0.0041530193462024955,Uniswap V3,SushiSwap V2,-10.456762,-1.0456762,-10.371434,-1.0371434,Uniswap V3 -> SushiSwap V2,989.628566,-10.371434,-1.0371434,False
26011695,2026-09-19 12:55:11+00:00,5000.0,2641.307378355816,2641.417072362232,0.109694006415791,0.109694006415791,0.0041530193462024955,Uniswap V3,SushiSwap V2,-185.949698,-3.71899396,-185.475729,-3.70951458,Uniswap V3 -> SushiSwap V2,4814.524271,-185.475729,-3.70951458,False
26011695,2026-09-19 12:55:11+00:00,10000.0,2641.307378355816,2641.417072362232,0.109694006415791,0.109694006415791,0.0041530193462024955,Uniswap V3,SushiSwap V2,-686.415085,-6.86415085,-685.364415,-6.85364415,Uniswap V3 -> SushiSwap V2,9314.635585,-685.364415,-6.85364415,False
26011696,2026-09-19 12:55:23+00:00,100.0,2641.307378355816,2641.417072362232,0.109694006415791,0.109694006415791,0.0041530193462024955,Uniswap V3,SushiSwap V2,-0.423592,-0.423592,-0.41529,-0.41529,Uniswap V3 -> SushiSwap V2,99.58471,-0.41529,-0.41529,False
26011696,2026-09-19 12:55:23+00:00,500.0,2641.307378355816,2641.417072362232,0.109694006415791,0.109694006415791,0.0041530193462024955,Uniswap V3,SushiSwap V2,-3.505184,-0.7010368,-3.463155,-0.692631,Uniswap V3 -> SushiSwap V2,496.536845,-3.463155,-0.692631,False
26011696,2026-09-19 12:55:23+00:00,1000.0,2641.307378355816,2641.417072362232,0.109694006415791,0.109694006415791,0.0041530193462024955,Uniswap V3,SushiSwap V2,-10.456762,-1.0456762,-10.371434,-1.0371434,Uniswap V3 -> SushiSwap V2,989.628566,-10.371434,-1.0371434,False
26011696,2026-09-19 12:55:23+00:00,5000.0,2641.307378355816,2641.417072362232,0.109694006415791,0.109694006415791,0.0041530193462024955,Uniswap V3,SushiSwap V2,-185.949698,-3.71899396,-185.475729,-3.70951458,Uniswap V3 -> SushiSwap V2,4814.524271,-185.475729,-3.70951458,False
26011696,2026-09-19 12:55:23+00:00,10000.0,2641.307378355816,2641.417072362232,0.109694006415791,0.109694006415791,0.0041530193462024955,Uniswap V3,SushiSwap V2,-686.415085,-6.86415085,-685.364415,-6.85364415,Uniswap V3 -> SushiSwap V2,9314.635585,-685.364415,-6.85364415,False
26011697,2026-09-19 12:55:35+00:00,100.0,2641.307378355816,2641.417072362232,0.109694006415791,0.109694006415791,0.0041530193462024955,Uniswap V3,SushiSwap V2,-0.423592,-0.423592,-0.41529,-0.41529,Uniswap V3 -> SushiSwap V2,99.58471,-0.41529,-0.41529,False
26011697,2026-09-19 12:55:35+00:00,500.0,2641.307378355816,2641.417072362232,0.109694006415791,0.109694006415791,0.0041530193462024955,Uniswap V3,SushiSwap V2,-3.505184,-0.7010368,-3.463155,-0.692631,Uniswap V3 -> SushiSwap V2,496.536845,-3.463155,-0.692631,False
26011697,2026-09-19 12:55:35+00:00,1000.0,2641.307378355816,2641.417072362232,0.109694006415791,0.109694006415791,0.0041530193462024955,Uniswap V3,SushiSwap V2,-10.456762,-1.0456762,-10.371434,-1.0371434,Uniswap V3 -> SushiSwap V2,989.628566,-10.371434,-1.0371434,False
26011697,2026-09-19 12:55:35+00:00,5000.0,2641.307378355816,2641.417072362232,0.109694006415791,0.109694006415791,0.0041530193462024955,Uniswap V3,SushiSwap V2,-185.949698,-3.71899396,-185.475729,-3.70951458,Uniswap V3 -> SushiSwap V2,4814.524271,-185.475729,-3.70951458,False
26011697,2026-09-19 12:55:35+00:00,10000.0,2641.307378355816,2641.417072362232,0.109694006415791,0.109694006415791,0.0041530193462024955,Uniswap V3,SushiSwap V2,-686.415085,-6.86415085,-685.364415,-6.85364415,Uniswap V3 -> SushiSwap V2,9314.635585,-685.364415,-6.85364415,False
26011698,2026-09-19 12:55:47+00:00,100.0,2641.307378355816,2641.417072362232,0.109694006415791,0.109694006415791,0.0041530193462024955,Uniswap V3,SushiSwap V2,-0.423592,-0.423592,-0.41529,-0.41529,Uniswap V3 -> SushiSwap V2,99.58471,-0.41529,-0.41529,False
26011698,2026-09-19 12:55:47+00:00,500.0,2641.307378355816,2641.417072362232,0.109694006415791,0.109694006415791,0.0041530193462024955,Uniswap V3,SushiSwap V2,-3.505184,-0.7010368,-3.463155,-0.692631,Uniswap V3 -> SushiSwap V2,496.536845,-3.463155,-0.692631,False
26011698,2026-09-19 12:55:47+00:00,1000.0,2641.307378355816,2641.417072362232,0.109694006415791,0.109694006415791,0.0041530193462024955,Uniswap V3,SushiSwap V2,-10.456762,-1.0456762,-10.371434,-1.0371434,Uniswap V3 -> SushiSwap V2,989.628566,-10.371434,-1.0371434,False
26011698,2026-09-19 12:55:47+00:00,5000.0,2641.307378355816,2641.417072362232,0.109694006415791,0.109694006415791,0.0041530193462024955,Uniswap V3,SushiSwap V2,-185.949698,-3.71899396,-185.475729,-3.70951458,Uniswap V3 -> SushiSwap V2,4814.524271,-185.475729,-3.70951458,False
26011698,2026-09-19 12:55:47+00:00,10000.0,2641.307378355816,2641.417072362232,0.109694006415791,0.109694006415791,0.0041530193462024955,Uniswap V3,SushiSwap V2,-686.415085,-6.86415085,-685.364415,-6.85364415,Uniswap V3 -> SushiSwap V2,9314.635585,-685.364415,-6.85364415,False
26011699,2026-09-19 12:55:59+00:00,100.0,2641.30737655894,2641.417072362232,0.1096958032916566,0.1096958032916566,0.00415308737881794,Uniswap V3,SushiSwap V2,-0.423593,-0.423593,-0.41529,-0.41529,Uniswap V3 -> SushiSwap V2,99.58471,-0.41529,-0.41529,False
26011699,2026-09-19 12:55:59+00:00,500.0,2641.30737655894,2641.417072362232,0.1096958032916566,0.1096958032916566,0.00415308737881794,Uniswap V3,SushiSwap V2,-3.505185,-0.701037,-3.463155,-0.692631,Uniswap V3 -> SushiSwap V2,496.536845,-3.463155,-0.692631,False
26011699,2026-09-19 12:55:59+00:00,1000.0,2641.30737655894,2641.417072362232,0.1096958032916566,0.1096958032916566,0.00415308737881794,Uniswap V3,SushiSwap V2,-10.456763,-1.0456763,-10.371434,-1.0371434,Uniswap V3 -> SushiSwap V2,989.628566,-10.371434,-1.0371434,False
26011699,2026-09-19 12:55:59+00:00,5000.0,2641.30737655894,2641.417072362232,0.1096958032916566,0.1096958032916566,0.00415308737881794,Uniswap V3,SushiSwap V2,-185.949701,-3.71899402,-185.475726,-3.70951452,Uniswap V3 -> SushiSwap V2,4814.524274,-185.475726,-3.70951452,False
26011699,2026-09-19 12:55:59+00:00,10000.0,2641.30737655894,2641.417072362232,0.1096958032916566,0.1096958032916566,0.00415308737881794,Uniswap V3,SushiSwap V2,-686.415091,-6.86415091,-685.364409,-6.85364409,Uniswap V3 -> SushiSwap V2,9314.635591,-685.364409,-6.85364409,False
26011700,2026-09-19 12:56:11+00:00,100.0,2641.306110324897,2641.417072362232,0.11096203733506249,0.11096203733506249,0.004201029062906059,Uniswap V3,SushiSwap V2,-0.42364,-0.42364,-0.415242,-0.415242,Uniswap V3 -> SushiSwap V2,99.584758,-0.415242,-0.415242,False
26011700,2026-09-19 12:56:11+00:00,500.0,2641.306110324897,2641.417072362232,0.11096203733506249,0.11096203733506249,0.004201029062906059,Uniswap V3,SushiSwap V2,-3.505423,-0.7010846,-3.462918,-0.6925836,Uniswap V3 -> SushiSwap V2,496.537082,-3.462918,-0.6925836,False
26011700,2026-09-19 12:56:11+00:00,1000.0,2641.306110324897,2641.417072362232,0.11096203733506249,0.11096203733506249,0.004201029062906059,Uniswap V3,SushiSwap V2,-10.457237,-1.0457237,-10.370963,-1.0370963,Uniswap V3 -> SushiSwap V2,989.629037,-10.370963,-1.0370963,False
26011700,2026-09-19 12:56:11+00:00,5000.0,2641.306110324897,2641.417072362232,0.11096203733506249,0.11096203733506249,0.004201029062906059,Uniswap V3,SushiSwap V2,-185.952006,-3.71904012,-185.473495,-3.7094699,Uniswap V3 -> SushiSwap V2,4814.526505,-185.473495,-3.7094699,False
26011700,2026-09-19 12:56:11+00:00,10000.0,2641.306110324897,2641.417072362232,0.11096203733506249,0.11096203733506249,0.004201029062906059,Uniswap V3,SushiSwap V2,-686.419547,-6.86419547,-685.360235,-6.85360235,Uniswap V3 -> SushiSwap V2,9314.639765,-685.360235,-6.85360235,False
26011701,2026-09-19 12:56:23+00:00,100.0,2641.306110324897,2641.417072362232,0.11096203733506249,0.11096203733506249,0.004201029062906059,Uniswap V3,SushiSwap V2,-0.42364,-0.42364,-0.415242,-0.415242,Uniswap V3 -> SushiSwap V2,99.584758,-0.415242,-0.415242,False
26011701,2026-09-19 12:56:23+00:00,500.0,2641.306110324897,2641.417072362232,0.11096203733506249,0.11096203733506249,0.004201029062906059,Uniswap V3,SushiSwap V2,-3.505423,-0.7010846,-3.462918,-0.6925836,Uniswap V3 -> SushiSwap V2,496.537082,-3.462918,-0.6925836,False
26011701,2026-09-19 12:56:23+00:00,1000.0,2641.306110324897,2641.417072362232,0.11096203733506249,0.11096203733506249,0.004201029062906059,Uniswap V3,SushiSwap V2,-10.457237,-1.0457237,-10.370963,-1.0370963,Uniswap V3 -> SushiSwap V2,989.629037,-10.370963,-1.0370963,False
26011701,2026-09-19 12:56:23+00:00,5000.0,2641.306110324897,2641.417072362232,0.11096203733506249,0.11096203733506249,0.004201029062906059,Uniswap V3,SushiSwap V2,-185.952006,-3.71904012,-185.473495,-3.7094699,Uniswap V3 -> SushiSwap V2,4814.526505,-185.473495,-3.7094699,False
26011701,2026-09-19 12:56:23+00:00,10000.0,2641.306110324897,2641.417072362232,0.11096203733506249,0.11096203733506249,0.004201029062906059,Uniswap V3,SushiSwap V2,-686.419547,-6.86419547,-685.360235,-6.85360235,Uniswap V3 -> SushiSwap V2,9314.639765,-685.360235,-6.85360235,False
26011702,2026-09-19 12:56:35+00:00,100.0,2641.306110324897,2641.417072362232,0.11096203733506249,0.11096203733506249,0.004201029062906059,Uniswap V3,SushiSwap V2,-0.42364,-0.42364,-0.415242,-0.415242,Uniswap V3 -> SushiSwap V2,99.584758,-0.415242,-0.415242,False
26011702,2026-09-19 12:56:35+00:00,500.0,2641.306110324897,2641.417072362232,0.11096203733506249,0.11096203733506249,0.004201029062906059,Uniswap V3,SushiSwap V2,-3.505423,-0.7010846,-3.462918,-0.6925836,Uniswap V3 -> SushiSwap V2,496.537082,-3.462918,-0.6925836,False
26011702,2026-09-19 12:56:35+00:00,1000.0,2641.306110324897,2641.417072362232,0.11096203733506249,0.11096203733506249,0.004201029062906059,Uniswap V3,SushiSwap V2,-10.457237,-1.0457237,-10.370963,-1.0370963,Uniswap V3 -> SushiSwap V2,989.629037,-10.370963,-1.0370963,False
26011702,2026-09-19 12:56:35+00:00,5000.0,2641.306110324897,2641.417072362232,0.11096203733506249,0.11096203733506249,0.004201029062906059,Uniswap V3,SushiSwap V2,-185.952006,-3.71904012,-185.473495,-3.7094699,Uniswap V3 -> SushiSwap V2,4814.526505,-185.473495,-3.7094699,False
26011702,2026-09-19 12:56:35+00:00,10000.0,2641.306110324897,2641.417072362232,0.11096203733506249,0.11096203733506249,0.004201029062906059,Uniswap V3,SushiSwap V2,-686.419547,-6.86419547,-685.360235,-6.85360235,Uniswap V3 -> SushiSwap V2,9314.639765,-685.360235,-6.85360235,False
26011703,2026-09-19 12:56:47+00:00,100.0,2639.471742682815,2641.417072362232,1.9453296794169985,1.9453296794169985,0.07370147776008104,Uniswap V3,SushiSwap V2,-0.492795,-0.492795,-0.346081,-0.346081,Uniswap V3 -> SushiSwap V2,99.653919,-0.346081,-0.346081,False
26011703,2026-09-19 12:56:47+00:00,500.0,2639.471742682815,2641.417072362232,1.9453296794169985,1.9453296794169985,0.07370147776008104,Uniswap V3,SushiSwap V2,-3.850231,-0.7700462,-3.119036,-0.6238072,Uniswap V3 -> SushiSwap V2,496.880964,-3.119036,-0.6238072,False
26011703,2026-09-19 12:56:47+00:00,1000.0,2639.471742682815,2641.417072362232,1.9453296794169985,1.9453296794169985,0.07370147776008104,Uniswap V3,SushiSwap V2,-11.144454,-1.1144454,-9.687957,-0.9687957,Uniswap V3 -> SushiSwap V2,990.312043,-9.687957,-0.9687957,False
26011703,2026-09-19 12:56:47+00:00,5000.0,2639.471742682815,2641.417072362232,1.9453296794169985,1.9453296794169985,0.07370147776008104,Uniswap V3,SushiSwap V2,-189.295093,-3.78590186,-182.240224,-3.64480448,Uniswap V3 -> SushiSwap V2,4817.759776,-182.240224,-3.64480448,False
26011703,2026-09-19 12:56:47+00:00,10000.0,2639.471742682815,2641.417072362232,1.9453296794169985,1.9453296794169985,0.07370147776008104,Uniswap V3,SushiSwap V2,-692.887188,-6.92887188,-679.308643,-6.79308643,Uniswap V3 -> SushiSwap V2,9320.691357,-679.308643,-6.79308643,False
26011704,2026-09-19 12:56:59+00:00,100.0,2639.817327198761,2641.417072362232,1.5997451634707955,1.5997451634707955,0.06060060091992665,Uniswap V3,SushiSwap V2,-0.479767,-0.479767,-0.359118,-0.359118,Uniswap V3 -> SushiSwap V2,99.640882,-0.359118,-0.359118,False
26011704,2026-09-19 12:56:59+00:00,500.0,2639.817327198761,2641.417072362232,1.5997451634707955,1.5997451634707955,0.06060060091992665,Uniswap V3,SushiSwap V2,-3.785271,-0.7570542,-3.183857,-0.6367714,Uniswap V3 -> SushiSwap V2,496.816143,-3.183857,-0.6367714,False
26011704,2026-09-19 12:56:59+00:00,1000.0,2639.817327198761,2641.417072362232,1.5997451634707955,1.5997451634707955,0.06060060091992665,Uniswap V3,SushiSwap V2,-11.014984,-1.1014984,-9.816701,-0.9816701,Uniswap V3 -> SushiSwap V2,990.183299,-9.816701,-0.9816701,False
26011704,2026-09-19 12:56:59+00:00,5000.0,2639.817327198761,2641.417072362232,1.5997451634707955,1.5997451634707955,0.06060060091992665,Uniswap V3,SushiSwap V2,-188.665237,-3.77330474,-182.849634,-3.65699268,Uniswap V3 -> SushiSwap V2,4817.150366,-182.849634,-3.65699268,False
26011704,2026-09-19 12:56:59+00:00,10000.0,2639.817327198761,2641.417072362232,1.5997451634707955,1.5997451634707955,0.06060060091992665,Uniswap V3,SushiSwap V2,-691.668639,-6.91668639,-680.449134,-6.80449134,Uniswap V3 -> SushiSwap V2,9319.550866,-680.449134,-6.80449134,False
26011705,2026-09-19 12:57:11+00:00,100.0,2640.141877933902,2641.417072362232,1.2751944283299983,1.2751944283299983,0.048300223521621055,Uniswap V3,SushiSwap V2,-0.467531,-0.467531,-0.371358,-0.371358,Uniswap V3 -> SushiSwap V2,99.628642,-0.371358,-0.371358,False
26011705,2026-09-19 12:57:11+00:00,500.0,2640.141877933902,2641.417072362232,1.2751944283299983,1.2751944283299983,0.048300223521621055,Uniswap V3,SushiSwap V2,-3.724264,-0.7448528,-3.244718,-0.6489436,Uniswap V3 -> SushiSwap V2,496.755282,-3.244718,-0.6489436,False
26011705,2026-09-19 12:57:11+00:00,1000.0,2640.141877933902,2641.417072362232,1.2751944283299983,1.2751944283299983,0.048300223521621055,Uniswap V3,SushiSwap V2,-10.893394,-1.0893394,-9.937579,-0.9937579,Uniswap V3 -> SushiSwap V2,990.062421,-9.937579,-0.9937579,False
26011705,2026-09-19 12:57:11+00:00,5000.0,2640.141877933902,2641.417072362232,1.2751944283299983,1.2751944283299983,0.048300223521621055,Uniswap V3,SushiSwap V2,-188.073717,-3.76147434,-183.421812,-3.66843624,Uniswap V3 -> SushiSwap V2,4816.578188,-183.421812,-3.66843624,False
26011705,2026-09-19 12:57:11+00:00,10000.0,2640.141877933902,2641.417072362232,1.2751944283299983,1.2751944283299983,0.048300223521621055,Uniswap V3,SushiSwap V2,-690.524256,-6.90524256,-681.519957,-6.81519957,Uniswap V3 -> SushiSwap V2,9318.480043,-681.519957,-6.81519957,False
26011706,2026-09-19 12:57:23+00:00,100.0,2640.1835185060586,2641.417072362232,1.2335538561734698,1.2335538561734698,0.04672227697533213,Uniswap V3,SushiSwap V2,-0.465961,-0.465961,-0.372928,-0.372928,Uniswap V3 -> SushiSwap V2,99.627072,-0.372928,-0.372928,False
26011706,2026-09-19 12:57:23+00:00,500.0,2640.1835185060586,2641.417072362232,1.2335538561734698,1.2335538561734698,0.04672227697533213,Uniswap V3,SushiSwap V2,-3.716437,-0.7432874,-3.252525,-0.650505,Uniswap V3 -> SushiSwap V2,496.747475,-3.252525,-0.650505,False
26011706,2026-09-19 12:57:23+00:00,1000.0,2640.1835185060586,2641.417072362232,1.2335538561734698,1.2335538561734698,0.04672227697533213,Uniswap V3,SushiSwap V2,-10.877794,-1.0877794,-9.953086,-0.9953086,Uniswap V3 -> SushiSwap V2,990.046914,-9.953086,-0.9953086,False
26011706,2026-09-19 12:57:23+00:00,5000.0,2640.1835185060586,2641.417072362232,1.2335538561734698,1.2335538561734698,0.04672227697533213,Uniswap V3,SushiSwap V2,-187.997823,-3.75995646,-183.495214,-3.66990428,Uniswap V3 -> SushiSwap V2,4816.504786,-183.495214,-3.66990428,False
26011706,2026-09-19 12:57:23+00:00,10000.0,2640.1835185060586,2641.417072362232,1.2335538561734698,1.2335538561734698,0.04672227697533213,Uniswap V3,SushiSwap V2,-690.377429,-6.90377429,-681.657328,-6.81657328,Uniswap V3 -> SushiSwap V2,9318.342672,-681.657328,-6.81657328,False
26011707,2026-09-19 12:57:35+00:00,100.0,2640.4348616336806,2641.417072362232,0.9822107285513128,0.9822107285513128,0.03719882443695667,Uniswap V3,SushiSwap V2,-0.456486,-0.456486,-0.382405,-0.382405,Uniswap V3 -> SushiSwap V2,99.617595,-0.382405,-0.382405,False
26011707,2026-09-19 12:57:35+00:00,500.0,2640.4348616336806,2641.417072362232,0.9822107285513128,0.9822107285513128,0.03719882443695667,Uniswap V3,SushiSwap V2,-3.669191,-0.7338382,-3.299646,-0.6599292,Uniswap V3 -> SushiSwap V2,496.700354,-3.299646,-0.6599292,False
26011707,2026-09-19 12:57:35+00:00,1000.0,2640.4348616336806,2641.417072362232,0.9822107285513128,0.9822107285513128,0.03719882443695667,Uniswap V3,SushiSwap V2,-10.783631,-1.0783631,-10.046675,-1.0046675,Uniswap V3 -> SushiSwap V2,989.953325,-10.046675,-1.0046675,False
26011707,2026-09-19 12:57:35+00:00,5000.0,2640.4348616336806,2641.417072362232,0.9822107285513128,0.9822107285513128,0.03719882443695667,Uniswap V3,SushiSwap V2,-187.53973,-3.7507946,-183.938221,-3.67876442,Uniswap V3 -> SushiSwap V2,4816.061779,-183.938221,-3.67876442,False
26011707,2026-09-19 12:57:35+00:00,10000.0,2640.4348616336806,2641.417072362232,0.9822107285513128,0.9822107285513128,0.03719882443695667,Uniswap V3,SushiSwap V2,-689.491179,-6.89491179,-682.486416,-6.82486416,Uniswap V3 -> SushiSwap V2,9317.513584,-682.486416,-6.82486416,False
26011708,2026-09-19 12:57:47+00:00,100.0,2640.4348616336806,2641.417072362232,0.9822107285513128,0.9822107285513128,0.03719882443695667,Uniswap V3,SushiSwap V2,-0.456486,-0.456486,-0.382405,-0.382405,Uniswap V3 -> SushiSwap V2,99.617595,-0.382405,-0.382405,False
26011708,2026-09-19 12:57:47+00:00,500.0,2640.4348616336806,2641.417072362232,0.9822107285513128,0.9822107285513128,0.03719882443695667,Uniswap V3,SushiSwap V2,-3.669191,-0.7338382,-3.299646,-0.6599292,Uniswap V3 -> SushiSwap V2,496.700354,-3.299646,-0.6599292,False
26011708,2026-09-19 12:57:47+00:00,1000.0,2640.4348616336806,2641.417072362232,0.9822107285513128,0.9822107285513128,0.03719882443695667,Uniswap V3,SushiSwap V2,-10.783631,-1.0783631,-10.046675,-1.0046675,Uniswap V3 -> SushiSwap V2,989.953325,-10.046675,-1.0046675,False
26011708,2026-09-19 12:57:47+00:00,5000.0,2640.4348616336806,2641.417072362232,0.9822107285513128,0.9822107285513128,0.03719882443695667,Uniswap V3,SushiSwap V2,-187.53973,-3.7507946,-183.938221,-3.67876442,Uniswap V3 -> SushiSwap V2,4816.061779,-183.938221,-3.67876442,False
26011708,2026-09-19 12:57:47+00:00,10000.0,2640.4348616336806,2641.417072362232,0.9822107285513128,0.9822107285513128,0.03719882443695667,Uniswap V3,SushiSwap V2,-689.491179,-6.89491179,-682.486416,-6.82486416,Uniswap V3 -> SushiSwap V2,9317.513584,-682.486416,-6.82486416,False
26011709,2026-09-19 12:57:59+00:00,100.0,2640.4348616336806,2641.417072362232,0.9822107285513128,0.9822107285513128,0.03719882443695667,Uniswap V3,SushiSwap V2,-0.456486,-0.456486,-0.382405,-0.382405,Uniswap V3 -> SushiSwap V2,99.617595,-0.382405,-0.382405,False
26011709,2026-09-19 12:57:59+00:00,500.0,2640.4348616336806,2641.417072362232,0.9822107285513128,0.9822107285513128,0.03719882443695667,Uniswap V3,SushiSwap V2,-3.669191,-0.7338382,-3.299646,-0.6599292,Uniswap V3 -> SushiSwap V2,496.700354,-3.299646,-0.6599292,False
26011709,2026-09-19 12:57:59+00:00,1000.0,2640.4348616336806,2641.417072362232,0.9822107285513128,0.9822107285513128,0.03719882443695667,Uniswap V3,SushiSwap V2,-10.783631,-1.0783631,-10.046675,-1.0046675,Uniswap V3 -> SushiSwap V2,989.953325,-10.046675,-1.0046675,False
26011709,2026-09-19 12:57:59+00:00,5000.0,2640.4348616336806,2641.417072362232,0.9822107285513128,0.9822107285513128,0.03719882443695667,Uniswap V3,SushiSwap V2,-187.53973,-3.7507946,-183.938221,-3.67876442,Uniswap V3 -> SushiSwap V2,4816.061779,-183.938221,-3.67876442,False
26011709,2026-09-19 12:57:59+00:00,10000.0,2640.4348616336806,2641.417072362232,0.9822107285513128,0.9822107285513128,0.03719882443695667,Uniswap V3,SushiSwap V2,-689.491179,-6.89491179,-682.486416,-6.82486416,Uniswap V3 -> SushiSwap V2,9317.513584,-682.486416,-6.82486416,False
26011710,2026-09-19 12:58:11+00:00,100.0,2640.742806936772,2641.417072362232,0.674265425459981,0.674265425459981,0.02553317285154779,Uniswap V3,SushiSwap V2,-0.444876,-0.444876,-0.394014,-0.394014,Uniswap V3 -> SushiSwap V2,99.605986,-0.394014,-0.394014,False
26011710,2026-09-19 12:58:11+00:00,500.0,2640.742806936772,2641.417072362232,0.674265425459981,0.674265425459981,0.02553317285154779,Uniswap V3,SushiSwap V2,-3.611305,-0.722261,-3.357366,-0.6714732,Uniswap V3 -> SushiSwap V2,496.642634,-3.357366,-0.6714732,False
26011710,2026-09-19 12:58:11+00:00,1000.0,2640.742806936772,2641.417072362232,0.674265425459981,0.674265425459981,0.02553317285154779,Uniswap V3,SushiSwap V2,-10.668262,-1.0668262,-10.161315,-1.0161315,Uniswap V3 -> SushiSwap V2,989.838685,-10.161315,-1.0161315,False
26011710,2026-09-19 12:58:11+00:00,5000.0,2640.742806936772,2641.417072362232,0.674265425459981,0.674265425459981,0.02553317285154779,Uniswap V3,SushiSwap V2,-186.978474,-3.73956948,-184.480882,-3.68961764,Uniswap V3 -> SushiSwap V2,4815.519118,-184.480882,-3.68961764,False
26011710,2026-09-19 12:58:11+00:00,10000.0,2640.742806936772,2641.417072362232,0.674265425459981,0.674265425459981,0.02553317285154779,Uniswap V3,SushiSwap V2,-688.405348,-6.88405348,-683.502012,-6.83502012,Uniswap V3 -> SushiSwap V2,9316.497988,-683.502012,-6.83502012,False
26011711,2026-09-19 12:58:23+00:00,100.0,2640.821094426732,2641.417072362232,0.5959779355001238,0.5959779355001238,0.022567902716238274,Uniswap V3,SushiSwap V2,-0.441925,-0.441925,-0.396965,-0.396965,Uniswap V3 -> SushiSwap V2,99.603035,-0.396965,-0.396965,False
26011711,2026-09-19 12:58:23+00:00,500.0,2640.821094426732,2641.417072362232,0.5959779355001238,0.5959779355001238,0.022567902716238274,Uniswap V3,SushiSwap V2,-3.59659,-0.719318,-3.372038,-0.6744076,Uniswap V3 -> SushiSwap V2,496.627962,-3.372038,-0.6744076,False
26011711,2026-09-19 12:58:23+00:00,1000.0,2640.821094426732,2641.417072362232,0.5959779355001238,0.5959779355001238,0.022567902716238274,Uniswap V3,SushiSwap V2,-10.638932,-1.0638932,-10.190456,-1.0190456,Uniswap V3 -> SushiSwap V2,989.809544,-10.190456,-1.0190456,False
26011711,2026-09-19 12:58:23+00:00,5000.0,2640.821094426732,2641.417072362232,0.5959779355001238,0.5959779355001238,0.022567902716238274,Uniswap V3,SushiSwap V2,-186.835789,-3.73671578,-184.618821,-3.69237642,Uniswap V3 -> SushiSwap V2,4815.381179,-184.618821,-3.69237642,False
26011711,2026-09-19 12:58:23+00:00,10000.0,2640.821094426732,2641.417072362232,0.5959779355001238,0.5959779355001238,0.022567902716238274,Uniswap V3,SushiSwap V2,-688.129302,-6.88129302,-683.760167,-6.83760167,Uniswap V3 -> SushiSwap V2,9316.239833,-683.760167,-6.83760167,False
26011712,2026-09-19 12:58:35+00:00,100.0,2640.821094426732,2641.417072362232,0.5959779355001238,0.5959779355001238,0.022567902716238274,Uniswap V3,SushiSwap V2,-0.441925,-0.441925,-0.396965,-0.396965,Uniswap V3 -> SushiSwap V2,99.603035,-0.396965,-0.396965,False
26011712,2026-09-19 12:58:35+00:00,500.0,2640.821094426732,2641.417072362232,0.5959779355001238,0.5959779355001238,0.022567902716238274,Uniswap V3,SushiSwap V2,-3.59659,-0.719318,-3.372038,-0.6744076,Uniswap V3 -> SushiSwap V2,496.627962,-3.372038,-0.6744076,False
26011712,2026-09-19 12:58:35+00:00,1000.0,2640.821094426732,2641.417072362232,0.5959779355001238,0.5959779355001238,0.022567902716238274,Uniswap V3,SushiSwap V2,-10.638932,-1.0638932,-10.190456,-1.0190456,Uniswap V3 -> SushiSwap V2,989.809544,-10.190456,-1.0190456,False
26011712,2026-09-19 12:58:35+00:00,5000.0,2640.821094426732,2641.417072362232,0.5959779355001238,0.5959779355001238,0.022567902716238274,Uniswap V3,SushiSwap V2,-186.835789,-3.73671578,-184.618821,-3.69237642,Uniswap V3 -> SushiSwap V2,4815.381179,-184.618821,-3.69237642,False
26011712,2026-09-19 12:58:35+00:00,10000.0,2640.821094426732,2641.417072362232,0.5959779355001238,0.5959779355001238,0.022567902716238274,Uniswap V3,SushiSwap V2,-688.129302,-6.88129302,-683.760167,-6.83760167,Uniswap V3 -> SushiSwap V2,9316.239833,-683.760167,-6.83760167,False
26011713,2026-09-19 12:58:47+00:00,100.0,2640.821094426732,2641.417072362232,0.5959779355001238,0.5959779355001238,0.022567902716238274,Uniswap V3,SushiSwap V2,-0.441925,-0.441925,-0.396965,-0.396965,Uniswap V3 -> SushiSwap V2,99.603035,-0.396965,-0.396965,False
26011713,2026-09-19 12:58:47+00:00,500.0,2640.821094426732,2641.417072362232,0.5959779355001238,0.5959779355001238,0.022567902716238274,Uniswap V3,SushiSwap V2,-3.59659,-0.719318,-3.372038,-0.6744076,Uniswap V3 -> SushiSwap V2,496.627962,-3.372038,-0.6744076,False
26011713,2026-09-19 12:58:47+00:00,1000.0,2640.821094426732,2641.417072362232,0.5959779355001238,0.5959779355001238,0.022567902716238274,Uniswap V3,SushiSwap V2,-10.638932,-1.0638932,-10.190456,-1.0190456,Uniswap V3 -> SushiSwap V2,989.809544,-10.190456,-1.0190456,False
26011713,2026-09-19 12:58:47+00:00,5000.0,2640.821094426732,2641.417072362232,0.5959779355001238,0.5959779355001238,0.022567902716238274,Uniswap V3,SushiSwap V2,-186.835789,-3.73671578,-184.618821,-3.69237642,Uniswap V3 -> SushiSwap V2,4815.381179,-184.618821,-3.69237642,False
26011713,2026-09-19 12:58:47+00:00,10000.0,2640.821094426732,2641.417072362232,0.5959779355001238,0.5959779355001238,0.022567902716238274,Uniswap V3,SushiSwap V2,-688.129302,-6.88129302,-683.760167,-6.83760167,Uniswap V3 -> SushiSwap V2,9316.239833,-683.760167,-6.83760167,False
26011714,2026-09-19 12:58:59+00:00,100.0,2640.821094426732,2641.417072362232,0.5959779355001238,0.5959779355001238,0.022567902716238274,Uniswap V3,SushiSwap V2,-0.441925,-0.441925,-0.396965,-0.396965,Uniswap V3 -> SushiSwap V2,99.603035,-0.396965,-0.396965,False
26011714,2026-09-19 12:58:59+00:00,500.0,2640.821094426732,2641.417072362232,0.5959779355001238,0.5959779355001238,0.022567902716238274,Uniswap V3,SushiSwap V2,-3.59659,-0.719318,-3.372038,-0.6744076,Uniswap V3 -> SushiSwap V2,496.627962,-3.372038,-0.6744076,False
26011714,2026-09-19 12:58:59+00:00,1000.0,2640.821094426732,2641.417072362232,0.5959779355001238,0.5959779355001238,0.022567902716238274,Uniswap V3,SushiSwap V2,-10.638932,-1.0638932,-10.190456,-1.0190456,Uniswap V3 -> SushiSwap V2,989.809544,-10.190456,-1.0190456,False
26011714,2026-09-19 12:58:59+00:00,5000.0,2640.821094426732,2641.417072362232,0.5959779355001238,0.5959779355001238,0.022567902716238274,Uniswap V3,SushiSwap V2,-186.835789,-3.73671578,-184.618821,-3.69237642,Uniswap V3 -> SushiSwap V2,4815.381179,-184.618821,-3.69237642,False
26011714,2026-09-19 12:58:59+00:00,10000.0,2640.821094426732,2641.417072362232,0.5959779355001238,0.5959779355001238,0.022567902716238274,Uniswap V3,SushiSwap V2,-688.129302,-6.88129302,-683.760167,-6.83760167,Uniswap V3 -> SushiSwap V2,9316.239833,-683.760167,-6.83760167,False
26011715,2026-09-19 12:59:11+00:00,100.0,2640.8218049243715,2641.417072362232,0.5952674378606417,0.5952674378606417,0.022540992230170153,Uniswap V3,SushiSwap V2,-0.441898,-0.441898,-0.396991,-0.396991,Uniswap V3 -> SushiSwap V2,99.603009,-0.396991,-0.396991,False
26011715,2026-09-19 12:59:11+00:00,500.0,2640.8218049243715,2641.417072362232,0.5952674378606417,0.5952674378606417,0.022540992230170153,Uniswap V3,SushiSwap V2,-3.596456,-0.7192912,-3.372171,-0.6744342,Uniswap V3 -> SushiSwap V2,496.627829,-3.372171,-0.6744342,False
26011715,2026-09-19 12:59:11+00:00,1000.0,2640.8218049243715,2641.417072362232,0.5952674378606417,0.5952674378606417,0.022540992230170153,Uniswap V3,SushiSwap V2,-10.638666,-1.0638666,-10.19072,-1.019072,Uniswap V3 -> SushiSwap V2,989.80928,-10.19072,-1.019072,False
26011715,2026-09-19 12:59:11+00:00,5000.0,2640.8218049243715,2641.417072362232,0.5952674378606417,0.5952674378606417,0.022540992230170153,Uniswap V3,SushiSwap V2,-186.834494,-3.73668988,-184.620073,-3.69240146,Uniswap V3 -> SushiSwap V2,4815.379927,-184.620073,-3.69240146,False
26011715,2026-09-19 12:59:11+00:00,10000.0,2640.8218049243715,2641.417072362232,0.5952674378606417,0.5952674378606417,0.022540992230170153,Uniswap V3,SushiSwap V2,-688.126797,-6.88126797,-683.76251,-6.8376251,Uniswap V3 -> SushiSwap V2,9316.23749,-683.76251,-6.8376251,False
26011716,2026-09-19 12:59:23+00:00,100.0,2640.8218049243715,2641.417072362232,0.5952674378606417,0.5952674378606417,0.022540992230170153,Uniswap V3,SushiSwap V2,-0.441898,-0.441898,-0.396991,-0.396991,Uniswap V3 -> SushiSwap V2,99.603009,-0.396991,-0.396991,False
26011716,2026-09-19 12:59:23+00:00,500.0,2640.8218049243715,2641.417072362232,0.5952674378606417,0.5952674378606417,0.022540992230170153,Uniswap V3,SushiSwap V2,-3.596456,-0.7192912,-3.372171,-0.6744342,Uniswap V3 -> SushiSwap V2,496.627829,-3.372171,-0.6744342,False
26011716,2026-09-19 12:59:23+00:00,1000.0,2640.8218049243715,2641.417072362232,0.5952674378606417,0.5952674378606417,0.022540992230170153,Uniswap V3,SushiSwap V2,-10.638666,-1.0638666,-10.19072,-1.019072,Uniswap V3 -> SushiSwap V2,989.80928,-10.19072,-1.019072,False
26011716,2026-09-19 12:59:23+00:00,5000.0,2640.8218049243715,2641.417072362232,0.5952674378606417,0.5952674378606417,0.022540992230170153,Uniswap V3,SushiSwap V2,-186.834494,-3.73668988,-184.620073,-3.69240146,Uniswap V3 -> SushiSwap V2,4815.379927,-184.620073,-3.69240146,False
26011716,2026-09-19 12:59:23+00:00,10000.0,2640.8218049243715,2641.417072362232,0.5952674378606417,0.5952674378606417,0.022540992230170153,Uniswap V3,SushiSwap V2,-688.126797,-6.88126797,-683.76251,-6.8376251,Uniswap V3 -> SushiSwap V2,9316.23749,-683.76251,-6.8376251,False
26011717,2026-09-19 12:59:35+00:00,100.0,2640.8218049243715,2641.417072362232,0.5952674378606417,0.5952674378606417,0.022540992230170153,Uniswap V3,SushiSwap V2,-0.441898,-0.441898,-0.396991,-0.396991,Uniswap V3 -> SushiSwap V2,99.603009,-0.396991,-0.396991,False
26011717,2026-09-19 12:59:35+00:00,500.0,2640.8218049243715,2641.417072362232,0.5952674378606417,0.5952674378606417,0.022540992230170153,Uniswap V3,SushiSwap V2,-3.596456,-0.7192912,-3.372171,-0.6744342,Uniswap V3 -> SushiSwap V2,496.627829,-3.372171,-0.6744342,False
26011717,2026-09-19 12:59:35+00:00,1000.0,2640.8218049243715,2641.417072362232,0.5952674378606417,0.5952674378606417,0.022540992230170153,Uniswap V3,SushiSwap V2,-10.638666,-1.0638666,-10.19072,-1.019072,Uniswap V3 -> SushiSwap V2,989.80928,-10.19072,-1.019072,False
26011717,2026-09-19 12:59:35+00:00,5000.0,2640.8218049243715,2641.417072362232,0.5952674378606417,0.5952674378606417,0.022540992230170153,Uniswap V3,SushiSwap V2,-186.834494,-3.73668988,-184.620073,-3.69240146,Uniswap V3 -> SushiSwap V2,4815.379927,-184.620073,-3.69240146,False
26011717,2026-09-19 12:59:35+00:00,10000.0,2640.8218049243715,2641.417072362232,0.5952674378606417,0.5952674378606417,0.022540992230170153,Uniswap V3,SushiSwap V2,-688.126797,-6.88126797,-683.76251,-6.8376251,Uniswap V3 -> SushiSwap V2,9316.23749,-683.76251,-6.8376251,False
26011718,2026-09-19 12:59:47+00:00,100.0,2640.8119543978787,2641.417072362232,0.6051179643533346,0.6051179643533346,0.02291408759134102,Uniswap V3,SushiSwap V2,-0.44227,-0.44227,-0.39662,-0.39662,Uniswap V3 -> SushiSwap V2,99.60338,-0.39662,-0.39662,False
26011718,2026-09-19 12:59:47+00:00,500.0,2640.8119543978787,2641.417072362232,0.6051179643533346,0.6051179643533346,0.02291408759134102,Uniswap V3,SushiSwap V2,-3.598308,-0.7196616,-3.370325,-0.674065,Uniswap V3 -> SushiSwap V2,496.629675,-3.370325,-0.674065,False
26011718,2026-09-19 12:59:47+00:00,1000.0,2640.8119543978787,2641.417072362232,0.6051179643533346,0.6051179643533346,0.02291408759134102,Uniswap V3,SushiSwap V2,-10.642356,-1.0642356,-10.187054,-1.0187054,Uniswap V3 -> SushiSwap V2,989.812946,-10.187054,-1.0187054,False
26011718,2026-09-19 12:59:47+00:00,5000.0,2640.8119543978787,2641.417072362232,0.6051179643533346,0.6051179643533346,0.02291408759134102,Uniswap V3,SushiSwap V2,-186.852447,-3.73704894,-184.602717,-3.69205434,Uniswap V3 -> SushiSwap V2,4815.397283,-184.602717,-3.69205434,False
26011718,2026-09-19 12:59:47+00:00,10000.0,2640.8119543978787,2641.417072362232,0.6051179643533346,0.6051179643533346,0.02291408759134102,Uniswap V3,SushiSwap V2,-688.16153,-6.8816153,-683.730028,-6.83730028,Uniswap V3 -> SushiSwap V2,9316.269972,-683.730028,-6.83730028,False
26011719,2026-09-19 12:59:59+00:00,100.0,2640.811952606232,2641.417072362232,0.6051197559999132,0.6051197559999132,0.022914155451421565,Uniswap V3,SushiSwap V2,-0.44227,-0.44227,-0.39662,-0.39662,Uniswap V3 -> SushiSwap V2,99.60338,-0.39662,-0.39662,False
26011719,2026-09-19 12:59:59+00:00,500.0,2640.811952606232,2641.417072362232,0.6051197559999132,0.6051197559999132,0.022914155451421565,Uniswap V3,SushiSwap V2,-3.598308,-0.7196616,-3.370325,-0.674065,Uniswap V3 -> SushiSwap V2,496.629675,-3.370325,-0.674065,False
26011719,2026-09-19 12:59:59+00:00,1000.0,2640.811952606232,2641.417072362232,0.6051197559999132,0.6051197559999132,0.022914155451421565,Uniswap V3,SushiSwap V2,-10.642357,-1.0642357,-10.187053,-1.0187053,Uniswap V3 -> SushiSwap V2,989.812947,-10.187053,-1.0187053,False
26011719,2026-09-19 12:59:59+00:00,5000.0,2640.811952606232,2641.417072362232,0.6051197559999132,0.6051197559999132,0.022914155451421565,Uniswap V3,SushiSwap V2,-186.852451,-3.73704902,-184.602714,-3.69205428,Uniswap V3 -> SushiSwap V2,4815.397286,-184.602714,-3.69205428,False
26011719,2026-09-19 12:59:59+00:00,10000.0,2640.811952606232,2641.417072362232,0.6051197559999132,0.6051197559999132,0.022914155451421565,Uniswap V3,SushiSwap V2,-688.161536,-6.88161536,-683.730022,-6.83730022,Uniswap V3 -> SushiSwap V2,9316.269978,-683.730022,-6.83730022,False
26011720,2026-09-19 13:00:11+00:00,100.0,2640.811952606232,2641.417072362232,0.6051197559999132,0.6051197559999132,0.022914155451421565,Uniswap V3,SushiSwap V2,-0.44227,-0.44227,-0.39662,-0.39662,Uniswap V3 -> SushiSwap V2,99.60338,-0.39662,-0.39662,False
26011720,2026-09-19 13:00:11+00:00,500.0,2640.811952606232,2641.417072362232,0.6051197559999132,0.6051197559999132,0.022914155451421565,Uniswap V3,SushiSwap V2,-3.598308,-0.7196616,-3.370325,-0.674065,Uniswap V3 -> SushiSwap V2,496.629675,-3.370325,-0.674065,False
26011720,2026-09-19 13:00:11+00:00,1000.0,2640.811952606232,2641.417072362232,0.6051197559999132,0.6051197559999132,0.022914155451421565,Uniswap V3,SushiSwap V2,-10.642357,-1.0642357,-10.187053,-1.0187053,Uniswap V3 -> SushiSwap V2,989.812947,-10.187053,-1.0187053,False
26011720,2026-09-19 13:00:11+00:00,5000.0,2640.811952606232,2641.417072362232,0.6051197559999132,0.6051197559999132,0.022914155451421565,Uniswap V3,SushiSwap V2,-186.852451,-3.73704902,-184.602714,-3.69205428,Uniswap V3 -> SushiSwap V2,4815.397286,-184.602714,-3.69205428,False
26011720,2026-09-19 13:00:11+00:00,10000.0,2640.811952606232,2641.417072362232,0.6051197559999132,0.6051197559999132,0.022914155451421565,Uniswap V3,SushiSwap V2,-688.161536,-6.88161536,-683.730022,-6.83730022,Uniswap V3 -> SushiSwap V2,9316.269978,-683.730022,-6.83730022,False
26011721,2026-09-19 13:00:23+00:00,100.0,2640.811952606232,2641.417072362232,0.6051197559999132,0.6051197559999132,0.022914155451421565,Uniswap V3,SushiSwap V2,-0.44227,-0.44227,-0.39662,-0.39662,Uniswap V3 -> SushiSwap V2,99.60338,-0.39662,-0.39662,False
26011721,2026-09-19 13:00:23+00:00,500.0,2640.811952606232,2641.417072362232,0.6051197559999132,0.6051197559999132,0.022914155451421565,Uniswap V3,SushiSwap V2,-3.598308,-0.7196616,-3.370325,-0.674065,Uniswap V3 -> SushiSwap V2,496.629675,-3.370325,-0.674065,False
26011721,2026-09-19 13:00:23+00:00,1000.0,2640.811952606232,2641.417072362232,0.6051197559999132,0.6051197559999132,0.022914155451421565,Uniswap V3,SushiSwap V2,-10.642357,-1.0642357,-10.187053,-1.0187053,Uniswap V3 -> SushiSwap V2,989.812947,-10.187053,-1.0187053,False
26011721,2026-09-19 13:00:23+00:00,5000.0,2640.811952606232,2641.417072362232,0.6051197559999132,0.6051197559999132,0.022914155451421565,Uniswap V3,SushiSwap V2,-186.852451,-3.73704902,-184.602714,-3.69205428,Uniswap V3 -> SushiSwap V2,4815.397286,-184.602714,-3.69205428,False
26011721,2026-09-19 13:00:23+00:00,10000.0,2640.811952606232,2641.417072362232,0.6051197559999132,0.6051197559999132,0.022914155451421565,Uniswap V3,SushiSwap V2,-688.161536,-6.88161536,-683.730022,-6.83730022,Uniswap V3 -> SushiSwap V2,9316.269978,-683.730022,-6.83730022,False
26011722,2026-09-19 13:00:35+00:00,100.0,2640.811952606232,2641.417072362232,0.6051197559999132,0.6051197559999132,0.022914155451421565,Uniswap V3,SushiSwap V2,-0.44227,-0.44227,-0.39662,-0.39662,Uniswap V3 -> SushiSwap V2,99.60338,-0.39662,-0.39662,False
26011722,2026-09-19 13:00:35+00:00,500.0,2640.811952606232,2641.417072362232,0.6051197559999132,0.6051197559999132,0.022914155451421565,Uniswap V3,SushiSwap V2,-3.598308,-0.7196616,-3.370325,-0.674065,Uniswap V3 -> SushiSwap V2,496.629675,-3.370325,-0.674065,False
26011722,2026-09-19 13:00:35+00:00,1000.0,2640.811952606232,2641.417072362232,0.6051197559999132,0.6051197559999132,0.022914155451421565,Uniswap V3,SushiSwap V2,-10.642357,-1.0642357,-10.187053,-1.0187053,Uniswap V3 -> SushiSwap V2,989.812947,-10.187053,-1.0187053,False
26011722,2026-09-19 13:00:35+00:00,5000.0,2640.811952606232,2641.417072362232,0.6051197559999132,0.6051197559999132,0.022914155451421565,Uniswap V3,SushiSwap V2,-186.852451,-3.73704902,-184.602714,-3.69205428,Uniswap V3 -> SushiSwap V2,4815.397286,-184.602714,-3.69205428,False
26011722,2026-09-19 13:00:35+00:00,10000.0,2640.811952606232,2641.417072362232,0.6051197559999132,0.6051197559999132,0.022914155451421565,Uniswap V3,SushiSwap V2,-688.161536,-6.88161536,-683.730022,-6.83730022,Uniswap V3 -> SushiSwap V2,9316.269978,-683.730022,-6.83730022,False
26011723,2026-09-19 13:00:47+00:00,100.0,2640.81195081458,2641.417072362232,0.6051215476517415,0.6051215476517415,0.02291422331170104,Uniswap V3,SushiSwap V2,-0.44227,-0.44227,-0.39662,-0.39662,Uniswap V3 -> SushiSwap V2,99.60338,-0.39662,-0.39662,False
26011723,2026-09-19 13:00:47+00:00,500.0,2640.81195081458,2641.417072362232,0.6051215476517415,0.6051215476517415,0.02291422331170104,Uniswap V3,SushiSwap V2,-3.598308,-0.7196616,-3.370324,-0.6740648,Uniswap V3 -> SushiSwap V2,496.629676,-3.370324,-0.6740648,False
26011723,2026-09-19 13:00:47+00:00,1000.0,2640.81195081458,2641.417072362232,0.6051215476517415,0.6051215476517415,0.02291422331170104,Uniswap V3,SushiSwap V2,-10.642358,-1.0642358,-10.187052,-1.0187052,Uniswap V3 -> SushiSwap V2,989.812948,-10.187052,-1.0187052,False
26011723,2026-09-19 13:00:47+00:00,5000.0,2640.81195081458,2641.417072362232,0.6051215476517415,0.6051215476517415,0.02291422331170104,Uniswap V3,SushiSwap V2,-186.852454,-3.73704908,-184.602711,-3.69205422,Uniswap V3 -> SushiSwap V2,4815.397289,-184.602711,-3.69205422,False
26011724,2026-09-19 13:00:59+00:00,500.0,2640.7093671895404,2641.417072362232,0.7077051726913748,0.7077051726913748,0.02679981301556758,Uniswap V3,SushiSwap V2,-3.617591,-0.7235182,-3.351099,-0.6702198,Uniswap V3 -> SushiSwap V2,496.648901,-3.351099,-0.6702198,False
26011724,2026-09-19 13:00:59+00:00,1000.0,2640.7093671895404,2641.417072362232,0.7077051726913748,0.7077051726913748,0.02679981301556758,Uniswap V3,SushiSwap V2,-10.68079,-1.068079,-10.148868,-1.0148868,Uniswap V3 -> SushiSwap V2,989.851132,-10.148868,-1.0148868,False
26011724,2026-09-19 13:00:59+00:00,5000.0,2640.7093671895404,2641.417072362232,0.7077051726913748,0.7077051726913748,0.02679981301556758,Uniswap V3,SushiSwap V2,-187.039421,-3.74078842,-184.421961,-3.68843922,Uniswap V3 -> SushiSwap V2,4815.578039,-184.421961,-3.68843922,False
26011724,2026-09-19 13:00:59+00:00,10000.0,2640.7093671895404,2641.417072362232,0.7077051726913748,0.7077051726913748,0.02679981301556758,Uniswap V3,SushiSwap V2,-688.523258,-6.88523258,-683.391739,-6.83391739,Uniswap V3 -> SushiSwap V2,9316.608261,-683.391739,-6.83391739,False
26011725,2026-09-19 13:01:11+00:00,100.0,2640.7093767060946,2641.417072362232,0.7076956561375093,0.7076956561375093,0.0267994525402965,Uniswap V3,SushiSwap V2,-0.446137,-0.446137,-0.392754,-0.392754,Uniswap V3 -> SushiSwap V2,99.607246,-0.392754,-0.392754,False
26011725,2026-09-19 13:01:11+00:00,500.0,2640.7093767060946,2641.417072362232,0.7076956561375093,0.7076956561375093,0.0267994525402965,Uniswap V3,SushiSwap V2,-3.617589,-0.7235178,-3.351101,-0.6702202,Uniswap V3 -> SushiSwap V2,496.648899,-3.351101,-0.6702202,False
26011725,2026-09-19 13:01:11+00:00,1000.0,2640.7093767060946,2641.417072362232,0.7076956561375093,0.7076956561375093,0.0267994525402965,Uniswap V3,SushiSwap V2,-10.680786,-1.0680786,-10.148871,-1.0148871,Uniswap V3 -> SushiSwap V2,989.851129,-10.148871,-1.0148871,False
26011725,2026-09-19 13:01:11+00:00,5000.0,2640.7093767060946,2641.417072362232,0.7076956561375093,0.7076956561375093,0.0267994525402965,Uniswap V3,SushiSwap V2,-187.039404,-3.74078808,-184.421977,-3.68843954,Uniswap V3 -> SushiSwap V2,4815.578023,-184.421977,-3.68843954,False
26011725,2026-09-19 13:01:11+00:00,10000.0,2640.7093767060946,2641.417072362232,0.7076956561375093,0.7076956561375093,0.0267994525402965,Uniswap V3,SushiSwap V2,-688.523224,-6.88523224,-683.39177,-6.8339177,Uniswap V3 -> SushiSwap V2,9316.60823,-683.39177,-6.8339177,False
26011726,2026-09-19 13:01:23+00:00,100.0,2640.7093767060946,2641.417072362232,0.7076956561375093,0.7076956561375093,0.0267994525402965,Uniswap V3,SushiSwap V2,-0.446137,-0.446137,-0.392754,-0.392754,Uniswap V3 -> SushiSwap V2,99.607246,-0.392754,-0.392754,False
26011726,2026-09-19 13:01:23+00:00,500.0,2640.7093767060946,2641.417072362232,0.7076956561375093,0.7076956561375093,0.0267994525402965,Uniswap V3,SushiSwap V2,-3.617589,-0.7235178,-3.351101,-0.6702202,Uniswap V3 -> SushiSwap V2,496.648899,-3.351101,-0.6702202,False
26011726,2026-09-19 13:01:23+00:00,1000.0,2640.7093767060946,2641.417072362232,0.7076956561375093,0.7076956561375093,0.0267994525402965,Uniswap V3,SushiSwap V2,-10.680786,-1.0680786,-10.148871,-1.0148871,Uniswap V3 -> SushiSwap V2,989.851129,-10.148871,-1.0148871,False
26011726,2026-09-19 13:01:23+00:00,5000.0,2640.7093767060946,2641.417072362232,0.7076956561375093,0.7076956561375093,0.0267994525402965,Uniswap V3,SushiSwap V2,-187.039404,-3.74078808,-184.421977,-3.68843954,Uniswap V3 -> SushiSwap V2,4815.578023,-184.421977,-3.68843954,False
26011726,2026-09-19 13:01:23+00:00,10000.0,2640.7093767060946,2641.417072362232,0.7076956561375093,0.7076956561375093,0.0267994525402965,Uniswap V3,SushiSwap V2,-688.523224,-6.88523224,-683.39177,-6.8339177,Uniswap V3 -> SushiSwap V2,9316.60823,-683.39177,-6.8339177,False
26011727,2026-09-19 13:01:35+00:00,100.0,2640.710057999264,2641.417072362232,0.7070143629681063,0.7070143629681063,0.026773646005793468,Uniswap V3,SushiSwap V2,-0.446111,-0.446111,-0.39278,-0.39278,Uniswap V3 -> SushiSwap V2,99.60722,-0.39278,-0.39278,False
26011727,2026-09-19 13:01:35+00:00,500.0,2640.710057999264,2641.417072362232,0.7070143629681063,0.7070143629681063,0.026773646005793468,Uniswap V3,SushiSwap V2,-3.617461,-0.7234922,-3.351228,-0.6702456,Uniswap V3 -> SushiSwap V2,496.648772,-3.351228,-0.6702456,False
26011727,2026-09-19 13:01:35+00:00,1000.0,2640.710057999264,2641.417072362232,0.7070143629681063,0.7070143629681063,0.026773646005793468,Uniswap V3,SushiSwap V2,-10.680531,-1.0680531,-10.149125,-1.0149125,Uniswap V3 -> SushiSwap V2,989.850875,-10.149125,-1.0149125,False
26011727,2026-09-19 13:01:35+00:00,5000.0,2640.710057999264,2641.417072362232,0.7070143629681063,0.7070143629681063,0.026773646005793468,Uniswap V3,SushiSwap V2,-187.038162,-3.74076324,-184.423178,-3.68846356,Uniswap V3 -> SushiSwap V2,4815.576822,-184.423178,-3.68846356,False
26011727,2026-09-19 13:01:35+00:00,10000.0,2640.710057999264,2641.417072362232,0.7070143629681063,0.7070143629681063,0.026773646005793468,Uniswap V3,SushiSwap V2,-688.520822,-6.88520822,-683.394017,-6.83394017,Uniswap V3 -> SushiSwap V2,9316.605983,-683.394017,-6.83394017,False
26011728,2026-09-19 13:01:47+00:00,100.0,2640.710057999264,2641.417072362232,0.7070143629681063,0.7070143629681063,0.026773646005793468,Uniswap V3,SushiSwap V2,-0.446111,-0.446111,-0.39278,-0.39278,Uniswap V3 -> SushiSwap V2,99.60722,-0.39278,-0.39278,False
26011728,2026-09-19 13:01:47+00:00,500.0,2640.710057999264,2641.417072362232,0.7070143629681063,0.7070143629681063,0.026773646005793468,Uniswap V3,SushiSwap V2,-3.617461,-0.7234922,-3.351228,-0.6702456,Uniswap V3 -> SushiSwap V2,496.648772,-3.351228,-0.6702456,False
26011728,2026-09-19 13:01:47+00:00,1000.0,2640.710057999264,2641.417072362232,0.7070143629681063,0.7070143629681063,0.026773646005793468,Uniswap V3,SushiSwap V2,-10.680531,-1.0680531,-10.149125,-1.0149125,Uniswap V3 -> SushiSwap V2,989.850875,-10.149125,-1.0149125,False
26011728,2026-09-19 13:01:47+00:00,5000.0,2640.710057999264,2641.417072362232,0.7070143629681063,0.7070143629681063,0.026773646005793468,Uniswap V3,SushiSwap V2,-187.038162,-3.74076324,-184.423178,-3.68846356,Uniswap V3 -> SushiSwap V2,4815.576822,-184.423178,-3.68846356,False
26011728,2026-09-19 13:01:47+00:00,10000.0,2640.710057999264,2641.417072362232,0.7070143629681063,0.7070143629681063,0.026773646005793468,Uniswap V3,SushiSwap V2,-688.520822,-6.88520822,-683.394017,-6.83394017,Uniswap V3 -> SushiSwap V2,9316.605983,-683.394017,-6.83394017,False
26011729,2026-09-19 13:01:59+00:00,100.0,2640.7142961137556,2641.417072362232,0.7027762484765838,0.7027762484765838,0.02661311182019329,Uniswap V3,SushiSwap V2,-0.445951,-0.445951,-0.392939,-0.392939,Uniswap V3 -> SushiSwap V2,99.607061,-0.392939,-0.392939,False
26011729,2026-09-19 13:01:59+00:00,500.0,2640.7142961137556,2641.417072362232,0.7027762484765838,0.7027762484765838,0.02661311182019329,Uniswap V3,SushiSwap V2,-3.616665,-0.723333,-3.352023,-0.6704046,Uniswap V3 -> SushiSwap V2,496.647977,-3.352023,-0.6704046,False
26011729,2026-09-19 13:01:59+00:00,1000.0,2640.7142961137556,2641.417072362232,0.7027762484765838,0.7027762484765838,0.02661311182019329,Uniswap V3,SushiSwap V2,-10.678943,-1.0678943,-10.150702,-1.0150702,Uniswap V3 -> SushiSwap V2,989.849298,-10.150702,-1.0150702,False
26011729,2026-09-19 13:01:59+00:00,5000.0,2640.7142961137556,2641.417072362232,0.7027762484765838,0.7027762484765838,0.02661311182019329,Uniswap V3,SushiSwap V2,-187.030438,-3.74060876,-184.430646,-3.68861292,Uniswap V3 -> SushiSwap V2,4815.569354,-184.430646,-3.68861292,False
26011729,2026-09-19 13:01:59+00:00,10000.0,2640.7142961137556,2641.417072362232,0.7027762484765838,0.7027762484765838,0.02661311182019329,Uniswap V3,SushiSwap V2,-688.505878,-6.88505878,-683.407993,-6.83407993,Uniswap V3 -> SushiSwap V2,9316.592007,-683.407993,-6.83407993,False
26011730,2026-09-19 13:02:11+00:00,100.0,2640.7142961137556,2641.417072362232,0.7027762484765838,0.7027762484765838,0.02661311182019329,Uniswap V3,SushiSwap V2,-0.445951,-0.445951,-0.392939,-0.392939,Uniswap V3 -> SushiSwap V2,99.607061,-0.392939,-0.392939,False
26011730,2026-09-19 13:02:11+00:00,500.0,2640.7142961137556,2641.417072362232,0.7027762484765838,0.7027762484765838,0.02661311182019329,Uniswap V3,SushiSwap V2,-3.616665,-0.723333,-3.352023,-0.6704046,Uniswap V3 -> SushiSwap V2,496.647977,-3.352023,-0.6704046,False
26011730,2026-09-19 13:02:11+00:00,1000.0,2640.7142961137556,2641.417072362232,0.7027762484765838,0.7027762484765838,0.02661311182019329,Uniswap V3,SushiSwap V2,-10.678943,-1.0678943,-10.150702,-1.0150702,Uniswap V3 -> SushiSwap V2,989.849298,-10.150702,-1.0150702,False
26011730,2026-09-19 13:02:11+00:00,5000.0,2640.7142961137556,2641.417072362232,0.7027762484765838,0.7027762484765838,0.02661311182019329,Uniswap V3,SushiSwap V2,-187.030438,-3.74060876,-184.430646,-3.68861292,Uniswap V3 -> SushiSwap V2,4815.569354,-184.430646,-3.68861292,False
26011730,2026-09-19 13:02:11+00:00,10000.0,2640.7142961137556,2641.417072362232,0.7027762484765838,0.7027762484765838,0.02661311182019329,Uniswap V3,SushiSwap V2,-688.505878,-6.88505878,-683.407993,-6.83407993,Uniswap V3 -> SushiSwap V2,9316.592007,-683.407993,-6.83407993,False
26011731,2026-09-19 13:02:23+00:00,100.0,2640.7142961137556,2641.417072362232,0.7027762484765838,0.7027762484765838,0.02661311182019329,Uniswap V3,SushiSwap V2,-0.445951,-0.445951,-0.392939,-0.392939,Uniswap V3 -> SushiSwap V2,99.607061,-0.392939,-0.392939,False
26011731,2026-09-19 13:02:23+00:00,500.0,2640.7142961137556,2641.417072362232,0.7027762484765838,0.7027762484765838,0.02661311182019329,Uniswap V3,SushiSwap V2,-3.616665,-0.723333,-3.352023,-0.6704046,Uniswap V3 -> SushiSwap V2,496.647977,-3.352023,-0.6704046,False
26011731,2026-09-19 13:02:23+00:00,1000.0,2640.7142961137556,2641.417072362232,0.7027762484765838,0.7027762484765838,0.02661311182019329,Uniswap V3,SushiSwap V2,-10.678943,-1.0678943,-10.150702,-1.0150702,Uniswap V3 -> SushiSwap V2,989.849298,-10.150702,-1.0150702,False
26011731,2026-09-19 13:02:23+00:00,5000.0,2640.7142961137556,2641.417072362232,0.7027762484765838,0.7027762484765838,0.02661311182019329,Uniswap V3,SushiSwap V2,-187.030438,-3.74060876,-184.430646,-3.68861292,Uniswap V3 -> SushiSwap V2,4815.569354,-184.430646,-3.68861292,False
26011731,2026-09-19 13:02:23+00:00,10000.0,2640.7142961137556,2641.417072362232,0.7027762484765838,0.7027762484765838,0.02661311182019329,Uniswap V3,SushiSwap V2,-688.505878,-6.88505878,-683.407993,-6.83407993,Uniswap V3 -> SushiSwap V2,9316.592007,-683.407993,-6.83407993,False
26011732,2026-09-19 13:02:35+00:00,100.0,2640.728743767394,2641.417072362232,0.688328594838058,0.688328594838058,0.02606585763352787,Uniswap V3,SushiSwap V2,-0.445407,-0.445407,-0.393484,-0.393484,Uniswap V3 -> SushiSwap V2,99.606516,-0.393484,-0.393484,False
26011732,2026-09-19 13:02:35+00:00,500.0,2640.728743767394,2641.417072362232,0.688328594838058,0.688328594838058,0.02606585763352787,Uniswap V3,SushiSwap V2,-3.613949,-0.7227898,-3.35473,-0.670946,Uniswap V3 -> SushiSwap V2,496.64527,-3.35473,-0.670946,False
26011732,2026-09-19 13:02:35+00:00,1000.0,2640.728743767394,2641.417072362232,0.688328594838058,0.688328594838058,0.02606585763352787,Uniswap V3,SushiSwap V2,-10.673531,-1.0673531,-10.15608,-1.015608,Uniswap V3 -> SushiSwap V2,989.84392,-10.15608,-1.015608,False
26011732,2026-09-19 13:02:35+00:00,5000.0,2640.728743767394,2641.417072362232,0.688328594838058,0.688328594838058,0.02606585763352787,Uniswap V3,SushiSwap V2,-187.004106,-3.74008212,-184.456103,-3.68912206,Uniswap V3 -> SushiSwap V2,4815.543897,-184.456103,-3.68912206,False
26011732,2026-09-19 13:02:35+00:00,10000.0,2640.728743767394,2641.417072362232,0.688328594838058,0.688328594838058,0.02606585763352787,Uniswap V3,SushiSwap V2,-688.454935,-6.88454935,-683.455637,-6.83455637,Uniswap V3 -> SushiSwap V2,9316.544363,-683.455637,-6.83455637,False
26011733,2026-09-19 13:02:47+00:00,100.0,2640.728743767394,2641.417072362232,0.688328594838058,0.688328594838058,0.02606585763352787,Uniswap V3,SushiSwap V2,-0.445407,-0.445407,-0.393484,-0.393484,Uniswap V3 -> SushiSwap V2,99.606516,-0.393484,-0.393484,False
26011733,2026-09-19 13:02:47+00:00,500.0,2640.728743767394,2641.417072362232,0.688328594838058,0.688328594838058,0.02606585763352787,Uniswap V3,SushiSwap V2,-3.613949,-0.7227898,-3.35473,-0.670946,Uniswap V3 -> SushiSwap V2,496.64527,-3.35473,-0.670946,False
26011733,2026-09-19 13:02:47+00:00,1000.0,2640.728743767394,2641.417072362232,0.688328594838058,0.688328594838058,0.02606585763352787,Uniswap V3,SushiSwap V2,-10.673531,-1.0673531,-10.15608,-1.015608,Uniswap V3 -> SushiSwap V2,989.84392,-10.15608,-1.015608,False
26011733,2026-09-19 13:02:47+00:00,5000.0,2640.728743767394,2641.417072362232,0.688328594838058,0.688328594838058,0.02606585763352787,Uniswap V3,SushiSwap V2,-187.004106,-3.74008212,-184.456103,-3.68912206,Uniswap V3 -> SushiSwap V2,4815.543897,-184.456103,-3.68912206,False
26011733,2026-09-19 13:02:47+00:00,10000.0,2640.728743767394,2641.417072362232,0.688328594838058,0.688328594838058,0.02606585763352787,Uniswap V3,SushiSwap V2,-688.454935,-6.88454935,-683.455637,-6.83455637,Uniswap V3 -> SushiSwap V2,9316.544363,-683.455637,-6.83455637,False
26011734,2026-09-19 13:02:59+00:00,100.0,2641.35611154799,2641.417072362232,0.060960814241755104,0.060960814241755104,0.0023079362140998273,Uniswap V3,SushiSwap V2,-0.421755,-0.421755,-0.417126,-0.417126,Uniswap V3 -> SushiSwap V2,99.582874,-0.417126,-0.417126,False
26011734,2026-09-19 13:02:59+00:00,500.0,2641.35611154799,2641.417072362232,0.060960814241755104,0.060960814241755104,0.0023079362140998273,Uniswap V3,SushiSwap V2,-3.496024,-0.6992048,-3.472285,-0.694457,Uniswap V3 -> SushiSwap V2,496.527715,-3.472285,-0.694457,False
26011734,2026-09-19 13:02:59+00:00,1000.0,2641.35611154799,2641.417072362232,0.060960814241755104,0.060960814241755104,0.0023079362140998273,Uniswap V3,SushiSwap V2,-10.438505,-1.0438505,-10.389567,-1.0389567,Uniswap V3 -> SushiSwap V2,989.610433,-10.389567,-1.0389567,False
26011734,2026-09-19 13:02:59+00:00,5000.0,2641.35611154799,2641.417072362232,0.060960814241755104,0.060960814241755104,0.0023079362140998273,Uniswap V3,SushiSwap V2,-185.860951,-3.71721902,-185.56156,-3.7112312,Uniswap V3 -> SushiSwap V2,4814.43844,-185.56156,-3.7112312,False
26011734,2026-09-19 13:02:59+00:00,10000.0,2641.35611154799,2641.417072362232,0.060960814241755104,0.060960814241755104,0.0023079362140998273,Uniswap V3,SushiSwap V2,-686.243542,-6.86243542,-685.525051,-6.85525051,Uniswap V3 -> SushiSwap V2,9314.474949,-685.525051,-6.85525051,False
26011735,2026-09-19 13:03:11+00:00,100.0,2641.35611154799,2641.417072362232,0.060960814241755104,0.060960814241755104,0.0023079362140998273,Uniswap V3,SushiSwap V2,-0.421755,-0.421755,-0.417126,-0.417126,Uniswap V3 -> SushiSwap V2,99.582874,-0.417126,-0.417126,False
26011735,2026-09-19 13:03:11+00:00,500.0,2641.35611154799,2641.417072362232,0.060960814241755104,0.060960814241755104,0.0023079362140998273,Uniswap V3,SushiSwap V2,-3.496024,-0.6992048,-3.472285,-0.694457,Uniswap V3 -> SushiSwap V2,496.527715,-3.472285,-0.694457,False
26011735,2026-09-19 13:03:11+00:00,1000.0,2641.35611154799,2641.417072362232,0.060960814241755104,0.060960814241755104,0.0023079362140998273,Uniswap V3,SushiSwap V2,-10.438505,-1.0438505,-10.389567,-1.0389567,Uniswap V3 -> SushiSwap V2,989.610433,-10.389567,-1.0389567,False
26011735,2026-09-19 13:03:11+00:00,5000.0,2641.35611154799,2641.417072362232,0.060960814241755104,0.060960814241755104,0.0023079362140998273,Uniswap V3,SushiSwap V2,-185.860951,-3.71721902,-185.56156,-3.7112312,Uniswap V3 -> SushiSwap V2,4814.43844,-185.56156,-3.7112312,False
26011735,2026-09-19 13:03:11+00:00,10000.0,2641.35611154799,2641.417072362232,0.060960814241755104,0.060960814241755104,0.0023079362140998273,Uniswap V3,SushiSwap V2,-686.243542,-6.86243542,-685.525051,-6.85525051,Uniswap V3 -> SushiSwap V2,9314.474949,-685.525051,-6.85525051,False
26011736,2026-09-19 13:03:23+00:00,100.0,2641.3566449611017,2641.417072362232,0.060427401130568534,0.060427401130568534,0.0022877410835770886,Uniswap V3,SushiSwap V2,-0.421735,-0.421735,-0.417146,-0.417146,Uniswap V3 -> SushiSwap V2,99.582854,-0.417146,-0.417146,False
26011736,2026-09-19 13:03:23+00:00,500.0,2641.3566449611017,2641.417072362232,0.060427401130568534,0.060427401130568534,0.0022877410835770886,Uniswap V3,SushiSwap V2,-3.495923,-0.6991846,-3.472385,-0.694477,Uniswap V3 -> SushiSwap V2,496.527615,-3.472385,-0.694477,False
26011736,2026-09-19 13:03:23+00:00,1000.0,2641.3566449611017,2641.417072362232,0.060427401130568534,0.060427401130568534,0.0022877410835770886,Uniswap V3,SushiSwap V2,-10.438305,-1.0438305,-10.389765,-1.0389765,Uniswap V3 -> SushiSwap V2,989.610235,-10.389765,-1.0389765,False
26011736,2026-09-19 13:03:23+00:00,5000.0,2641.3566449611017,2641.417072362232,0.060427401130568534,0.060427401130568534,0.0022877410835770886,Uniswap V3,SushiSwap V2,-185.859979,-3.71719958,-185.562499,-3.71124998,Uniswap V3 -> SushiSwap V2,4814.437501,-185.562499,-3.71124998,False
26011736,2026-09-19 13:03:23+00:00,10000.0,2641.3566449611017,2641.417072362232,0.060427401130568534,0.060427401130568534,0.0022877410835770886,Uniswap V3,SushiSwap V2,-686.241664,-6.86241664,-685.52681,-6.8552681,Uniswap V3 -> SushiSwap V2,9314.47319,-685.52681,-6.8552681,False
26011737,2026-09-19 13:03:35+00:00,100.0,2641.439197959964,2641.417072362232,-0.02212559773223571,0.02212559773223571,0.0008376412026612928,SushiSwap V2,Uniswap V3,-0.418623,-0.418623,-0.420256,-0.420256,SushiSwap V2 -> Uniswap V3,99.581377,-0.418623,-0.418623,False
26011737,2026-09-19 13:03:35+00:00,500.0,2641.439197959964,2641.417072362232,-0.02212559773223571,0.02212559773223571,0.0008376412026612928,SushiSwap V2,Uniswap V3,-3.480406,-0.6960812,-3.487849,-0.6975698,SushiSwap V2 -> Uniswap V3,496.519594,-3.480406,-0.6960812,False
26011737,2026-09-19 13:03:35+00:00,1000.0,2641.439197959964,2641.417072362232,-0.02212559773223571,0.02212559773223571,0.0008376412026612928,SushiSwap V2,Uniswap V3,-10.407377,-1.0407377,-10.420479,-1.0420479,SushiSwap V2 -> Uniswap V3,989.592623,-10.407377,-1.0407377,False
26011737,2026-09-19 13:03:35+00:00,5000.0,2641.439197959964,2641.417072362232,-0.02212559773223571,0.02212559773223571,0.0008376412026612928,SushiSwap V2,Uniswap V3,-185.70952,-3.7141904,-185.707888,-3.71415776,Uniswap V3 -> SushiSwap V2,4814.292112,-185.707888,-3.71415776,False
26011737,2026-09-19 13:03:35+00:00,10000.0,2641.439197959964,2641.417072362232,-0.02212559773223571,0.02212559773223571,0.0008376412026612928,SushiSwap V2,Uniswap V3,-685.950843,-6.85950843,-685.798911,-6.85798911,Uniswap V3 -> SushiSwap V2,9314.201089,-685.798911,-6.85798911,False
26011738,2026-09-19 13:03:47+00:00,100.0,2641.446719199811,2641.417072362232,-0.029646837579158657,0.029646837579158657,0.00112238381016616,SushiSwap V2,Uniswap V3,-0.418339,-0.418339,-0.420539,-0.420539,SushiSwap V2 -> Uniswap V3,99.581661,-0.418339,-0.418339,False
26011738,2026-09-19 13:03:47+00:00,500.0,2641.446719199811,2641.417072362232,-0.029646837579158657,0.029646837579158657,0.00112238381016616,SushiSwap V2,Uniswap V3,-3.478992,-0.6957984,-3.489257,-0.6978514,SushiSwap V2 -> Uniswap V3,496.521008,-3.478992,-0.6957984,False
26011738,2026-09-19 13:03:47+00:00,1000.0,2641.446719199811,2641.417072362232,-0.029646837579158657,0.029646837579158657,0.00112238381016616,SushiSwap V2,Uniswap V3,-10.404559,-1.0404559,-10.423277,-1.0423277,SushiSwap V2 -> Uniswap V3,989.595441,-10.404559,-1.0404559,False
26011738,2026-09-19 13:03:47+00:00,5000.0,2641.446719199811,2641.417072362232,-0.029646837579158657,0.029646837579158657,0.00112238381016616,SushiSwap V2,Uniswap V3,-185.695812,-3.71391624,-185.721133,-3.71442266,SushiSwap V2 -> Uniswap V3,4814.304188,-185.695812,-3.71391624,False
26011738,2026-09-19 13:03:47+00:00,10000.0,2641.446719199811,2641.417072362232,-0.029646837579158657,0.029646837579158657,0.00112238381016616,SushiSwap V2,Uniswap V3,-685.924333,-6.85924333,-685.823701,-6.85823701,Uniswap V3 -> SushiSwap V2,9314.176299,-685.823701,-6.85823701,False
26011739,2026-09-19 13:03:59+00:00,100.0,2641.446719199811,2641.417072362232,-0.029646837579158657,0.029646837579158657,0.00112238381016616,SushiSwap V2,Uniswap V3,-0.418339,-0.418339,-0.420539,-0.420539,SushiSwap V2 -> Uniswap V3,99.581661,-0.418339,-0.418339,False
26011739,2026-09-19 13:03:59+00:00,500.0,2641.446719199811,2641.417072362232,-0.029646837579158657,0.029646837579158657,0.00112238381016616,SushiSwap V2,Uniswap V3,-3.478992,-0.6957984,-3.489257,-0.6978514,SushiSwap V2 -> Uniswap V3,496.521008,-3.478992,-0.6957984,False
26011739,2026-09-19 13:03:59+00:00,1000.0,2641.446719199811,2641.417072362232,-0.029646837579158657,0.029646837579158657,0.00112238381016616,SushiSwap V2,Uniswap V3,-10.404559,-1.0404559,-10.423277,-1.0423277,SushiSwap V2 -> Uniswap V3,989.595441,-10.404559,-1.0404559,False
26011739,2026-09-19 13:03:59+00:00,5000.0,2641.446719199811,2641.417072362232,-0.029646837579158657,0.029646837579158657,0.00112238381016616,SushiSwap V2,Uniswap V3,-185.695812,-3.71391624,-185.721133,-3.71442266,SushiSwap V2 -> Uniswap V3,4814.304188,-185.695812,-3.71391624,False
26011739,2026-09-19 13:03:59+00:00,10000.0,2641.446719199811,2641.417072362232,-0.029646837579158657,0.029646837579158657,0.00112238381016616,SushiSwap V2,Uniswap V3,-685.924333,-6.85924333,-685.823701,-6.85823701,Uniswap V3 -> SushiSwap V2,9314.176299,-685.823701,-6.85823701,False
26011740,2026-09-19 13:04:11+00:00,100.0,2641.440007479746,2641.417072362232,-0.022935117513902415,0.022935117513902415,0.0008682883802742832,SushiSwap V2,Uniswap V3,-0.418592,-0.418592,-0.420286,-0.420286,SushiSwap V2 -> Uniswap V3,99.581408,-0.418592,-0.418592,False
26011740,2026-09-19 13:04:11+00:00,500.0,2641.440007479746,2641.417072362232,-0.022935117513902415,0.022935117513902415,0.0008682883802742832,SushiSwap V2,Uniswap V3,-3.480254,-0.6960508,-3.488,-0.6976,SushiSwap V2 -> Uniswap V3,496.519746,-3.480254,-0.6960508,False
26011740,2026-09-19 13:04:11+00:00,1000.0,2641.440007479746,2641.417072362232,-0.022935117513902415,0.022935117513902415,0.0008682883802742832,SushiSwap V2,Uniswap V3,-10.407074,-1.0407074,-10.42078,-1.042078,SushiSwap V2 -> Uniswap V3,989.592926,-10.407074,-1.0407074,False
26011740,2026-09-19 13:04:11+00:00,5000.0,2641.440007479746,2641.417072362232,-0.022935117513902415,0.022935117513902415,0.0008682883802742832,SushiSwap V2,Uniswap V3,-185.708045,-3.7141609,-185.709313,-3.71418626,SushiSwap V2 -> Uniswap V3,4814.291955,-185.708045,-3.7141609,False
26011740,2026-09-19 13:04:11+00:00,10000.0,2641.440007479746,2641.417072362232,-0.022935117513902415,0.022935117513902415,0.0008682883802742832,SushiSwap V2,Uniswap V3,-685.947989,-6.85947989,-685.80158,-6.8580158,Uniswap V3 -> SushiSwap V2,9314.19842,-685.80158,-6.8580158,False
26011741,2026-09-19 13:04:23+00:00,100.0,2641.440007479746,2641.417072362232,-0.022935117513902415,0.022935117513902415,0.0008682883802742832,SushiSwap V2,Uniswap V3,-0.418592,-0.418592,-0.420286,-0.420286,SushiSwap V2 -> Uniswap V3,99.581408,-0.418592,-0.418592,False
26011741,2026-09-19 13:04:23+00:00,500.0,2641.440007479746,2641.417072362232,-0.022935117513902415,0.022935117513902415,0.0008682883802742832,SushiSwap V2,Uniswap V3,-3.480254,-0.6960508,-3.488,-0.6976,SushiSwap V2 -> Uniswap V3,496.519746,-3.480254,-0.6960508,False
26011741,2026-09-19 13:04:23+00:00,1000.0,2641.440007479746,2641.417072362232,-0.022935117513902415,0.022935117513902415,0.0008682883802742832,SushiSwap V2,Uniswap V3,-10.407074,-1.0407074,-10.42078,-1.042078,SushiSwap V2 -> Uniswap V3,989.592926,-10.407074,-1.0407074,False
26011741,2026-09-19 13:04:23+00:00,5000.0,2641.440007479746,2641.417072362232,-0.022935117513902415,0.022935117513902415,0.0008682883802742832,SushiSwap V2,Uniswap V3,-185.708045,-3.7141609,-185.709313,-3.71418626,SushiSwap V2 -> Uniswap V3,4814.291955,-185.708045,-3.7141609,False
26011741,2026-09-19 13:04:23+00:00,10000.0,2641.440007479746,2641.417072362232,-0.022935117513902415,0.022935117513902415,0.0008682883802742832,SushiSwap V2,Uniswap V3,-685.947989,-6.85947989,-685.80158,-6.8580158,Uniswap V3 -> SushiSwap V2,9314.19842,-685.80158,-6.8580158,False
26011742,2026-09-19 13:04:35+00:00,100.0,2641.440007479746,2641.417072362232,-0.022935117513902415,0.022935117513902415,0.0008682883802742832,SushiSwap V2,Uniswap V3,-0.418592,-0.418592,-0.420286,-0.420286,SushiSwap V2 -> Uniswap V3,99.581408,-0.418592,-0.418592,False
26011742,2026-09-19 13:04:35+00:00,500.0,2641.440007479746,2641.417072362232,-0.022935117513902415,0.022935117513902415,0.0008682883802742832,SushiSwap V2,Uniswap V3,-3.480254,-0.6960508,-3.488,-0.6976,SushiSwap V2 -> Uniswap V3,496.519746,-3.480254,-0.6960508,False
26011742,2026-09-19 13:04:35+00:00,1000.0,2641.440007479746,2641.417072362232,-0.022935117513902415,0.022935117513902415,0.0008682883802742832,SushiSwap V2,Uniswap V3,-10.407074,-1.0407074,-10.42078,-1.042078,SushiSwap V2 -> Uniswap V3,989.592926,-10.407074,-1.0407074,False
26011742,2026-09-19 13:04:35+00:00,5000.0,2641.440007479746,2641.417072362232,-0.022935117513902415,0.022935117513902415,0.0008682883802742832,SushiSwap V2,Uniswap V3,-185.708045,-3.7141609,-185.709313,-3.71418626,SushiSwap V2 -> Uniswap V3,4814.291955,-185.708045,-3.7141609,False
26011742,2026-09-19 13:04:35+00:00,10000.0,2641.440007479746,2641.417072362232,-0.022935117513902415,0.022935117513902415,0.0008682883802742832,SushiSwap V2,Uniswap V3,-685.947989,-6.85947989,-685.80158,-6.8580158,Uniswap V3 -> SushiSwap V2,9314.19842,-685.80158,-6.8580158,False
26011743,2026-09-19 13:04:47+00:00,100.0,2641.471249037311,2641.417072362232,-0.05417667507870892,0.05417667507870892,0.0020510458437469877,SushiSwap V2,Uniswap V3,-0.417415,-0.417415,-0.421463,-0.421463,SushiSwap V2 -> Uniswap V3,99.582585,-0.417415,-0.417415,False
26011743,2026-09-19 13:04:47+00:00,500.0,2641.471249037311,2641.417072362232,-0.05417667507870892,0.05417667507870892,0.0020510458437469877,SushiSwap V2,Uniswap V3,-3.474381,-0.6948762,-3.493852,-0.6987704,SushiSwap V2 -> Uniswap V3,496.525619,-3.474381,-0.6948762,False
26011743,2026-09-19 13:04:47+00:00,1000.0,2641.471249037311,2641.417072362232,-0.05417667507870892,0.05417667507870892,0.0020510458437469877,SushiSwap V2,Uniswap V3,-10.39537,-1.039537,-10.432403,-1.0432403,SushiSwap V2 -> Uniswap V3,989.60463,-10.39537,-1.039537,False
26011743,2026-09-19 13:04:47+00:00,5000.0,2641.471249037311,2641.417072362232,-0.05417667507870892,0.05417667507870892,0.0020510458437469877,SushiSwap V2,Uniswap V3,-185.651105,-3.7130221,-185.764332,-3.71528664,SushiSwap V2 -> Uniswap V3,4814.348895,-185.651105,-3.7130221,False
26011743,2026-09-19 13:04:47+00:00,10000.0,2641.471249037311,2641.417072362232,-0.05417667507870892,0.05417667507870892,0.0020510458437469877,SushiSwap V2,Uniswap V3,-685.837854,-6.85837854,-685.90455,-6.8590455,SushiSwap V2 -> Uniswap V3,9314.162146,-685.837854,-6.85837854,False
26011744,2026-09-19 13:04:59+00:00,100.0,2641.4714860096437,2641.417072362232,-0.05441364741185414,0.05441364741185414,0.00206001725290553,SushiSwap V2,Uniswap V3,-0.417406,-0.417406,-0.421472,-0.421472,SushiSwap V2 -> Uniswap V3,99.582594,-0.417406,-0.417406,False
26011744,2026-09-19 13:04:59+00:00,500.0,2641.4714860096437,2641.417072362232,-0.05441364741185414,0.05441364741185414,0.00206001725290553,SushiSwap V2,Uniswap V3,-3.474336,-0.6948672,-3.493897,-0.6987794,SushiSwap V2 -> Uniswap V3,496.525664,-3.474336,-0.6948672,False
26011744,2026-09-19 13:04:59+00:00,1000.0,2641.4714860096437,2641.417072362232,-0.05441364741185414,0.05441364741185414,0.00206001725290553,SushiSwap V2,Uniswap V3,-10.395281,-1.0395281,-10.432491,-1.0432491,SushiSwap V2 -> Uniswap V3,989.604719,-10.395281,-1.0395281,False
26011744,2026-09-19 13:04:59+00:00,5000.0,2641.4714860096437,2641.417072362232,-0.05441364741185414,0.05441364741185414,0.00206001725290553,SushiSwap V2,Uniswap V3,-185.650673,-3.71301346,-185.76475,-3.715295,SushiSwap V2 -> Uniswap V3,4814.349327,-185.650673,-3.71301346,False
26011744,2026-09-19 13:04:59+00:00,10000.0,2641.4714860096437,2641.417072362232,-0.05441364741185414,0.05441364741185414,0.00206001725290553,SushiSwap V2,Uniswap V3,-685.837018,-6.85837018,-685.905331,-6.85905331,SushiSwap V2 -> Uniswap V3,9314.162982,-685.837018,-6.85837018,False
26011745,2026-09-19 13:05:11+00:00,100.0,2641.5899735075814,2641.417072362232,-0.17290114534941484,0.17290114534941484,0.006545772235612474,SushiSwap V2,Uniswap V3,-0.412939,-0.412939,-0.425936,-0.425936,SushiSwap V2 -> Uniswap V3,99.587061,-0.412939,-0.412939,False
26011745,2026-09-19 13:05:11+00:00,500.0,2641.5899735075814,2641.417072362232,-0.17290114534941484,0.17290114534941484,0.006545772235612474,SushiSwap V2,Uniswap V3,-3.452064,-0.6904128,-3.51609,-0.703218,SushiSwap V2 -> Uniswap V3,496.547936,-3.452064,-0.6904128,False
26011745,2026-09-19 13:05:11+00:00,1000.0,2641.5899735075814,2641.417072362232,-0.17290114534941484,0.17290114534941484,0.006545772235612474,SushiSwap V2,Uniswap V3,-10.350891,-1.0350891,-10.47657,-1.047657,SushiSwap V2 -> Uniswap V3,989.649109,-10.350891,-1.0350891,False
26011745,2026-09-19 13:05:11+00:00,5000.0,2641.5899735075814,2641.417072362232,-0.17290114534941484,0.17290114534941484,0.006545772235612474,SushiSwap V2,Uniswap V3,-185.43472,-3.7086944,-185.973404,-3.71946808,SushiSwap V2 -> Uniswap V3,4814.56528,-185.43472,-3.7086944,False
26011745,2026-09-19 13:05:11+00:00,10000.0,2641.5899735075814,2641.417072362232,-0.17290114534941484,0.17290114534941484,0.006545772235612474,SushiSwap V2,Uniswap V3,-685.419225,-6.85419225,-686.29584,-6.8629584,SushiSwap V2 -> Uniswap V3,9314.580775,-685.419225,-6.85419225,False
26011746,2026-09-19 13:05:23+00:00,100.0,2641.5852981938306,2641.417072362232,-0.16822583159838245,0.16822583159838245,0.006368772026143424,SushiSwap V2,Uniswap V3,-0.413115,-0.413115,-0.42576,-0.42576,SushiSwap V2 -> Uniswap V3,99.586885,-0.413115,-0.413115,False
26011746,2026-09-19 13:05:23+00:00,500.0,2641.5852981938306,2641.417072362232,-0.16822583159838245,0.16822583159838245,0.006368772026143424,SushiSwap V2,Uniswap V3,-3.452943,-0.6905886,-3.515214,-0.7030428,SushiSwap V2 -> Uniswap V3,496.547057,-3.452943,-0.6905886,False
26011746,2026-09-19 13:05:23+00:00,1000.0,2641.5852981938306,2641.417072362232,-0.16822583159838245,0.16822583159838245,0.006368772026143424,SushiSwap V2,Uniswap V3,-10.352642,-1.0352642,-10.474831,-1.0474831,SushiSwap V2 -> Uniswap V3,989.647358,-10.352642,-1.0352642,False
26011746,2026-09-19 13:05:23+00:00,5000.0,2641.5852981938306,2641.417072362232,-0.16822583159838245,0.16822583159838245,0.006368772026143424,SushiSwap V2,Uniswap V3,-185.443241,-3.70886482,-185.965172,-3.71930344,SushiSwap V2 -> Uniswap V3,4814.556759,-185.443241,-3.70886482,False
26011746,2026-09-19 13:05:23+00:00,10000.0,2641.5852981938306,2641.417072362232,-0.16822583159838245,0.16822583159838245,0.006368772026143424,SushiSwap V2,Uniswap V3,-685.43571,-6.8543571,-686.280432,-6.86280432,SushiSwap V2 -> Uniswap V3,9314.56429,-685.43571,-6.8543571,False
26011747,2026-09-19 13:05:35+00:00,100.0,2641.5852981938306,2641.417072362232,-0.16822583159838245,0.16822583159838245,0.006368772026143424,SushiSwap V2,Uniswap V3,-0.413115,-0.413115,-0.42576,-0.42576,SushiSwap V2 -> Uniswap V3,99.586885,-0.413115,-0.413115,False
26011747,2026-09-19 13:05:35+00:00,500.0,2641.5852981938306,2641.417072362232,-0.16822583159838245,0.16822583159838245,0.006368772026143424,SushiSwap V2,Uniswap V3,-3.452943,-0.6905886,-3.515214,-0.7030428,SushiSwap V2 -> Uniswap V3,496.547057,-3.452943,-0.6905886,False
26011747,2026-09-19 13:05:35+00:00,1000.0,2641.5852981938306,2641.417072362232,-0.16822583159838245,0.16822583159838245,0.006368772026143424,SushiSwap V2,Uniswap V3,-10.352642,-1.0352642,-10.474831,-1.0474831,SushiSwap V2 -> Uniswap V3,989.647358,-10.352642,-1.0352642,False
26011747,2026-09-19 13:05:35+00:00,5000.0,2641.5852981938306,2641.417072362232,-0.16822583159838245,0.16822583159838245,0.006368772026143424,SushiSwap V2,Uniswap V3,-185.443241,-3.70886482,-185.965172,-3.71930344,SushiSwap V2 -> Uniswap V3,4814.556759,-185.443241,-3.70886482,False
26011747,2026-09-19 13:05:35+00:00,10000.0,2641.5852981938306,2641.417072362232,-0.16822583159838245,0.16822583159838245,0.006368772026143424,SushiSwap V2,Uniswap V3,-685.43571,-6.8543571,-686.280432,-6.86280432,SushiSwap V2 -> Uniswap V3,9314.56429,-685.43571,-6.8543571,False
26011748,2026-09-19 13:05:47+00:00,100.0,2641.823572240765,2641.417072362232,-0.40649987853289127,0.40649987853289127,0.015389462072695566,SushiSwap V2,Uniswap V3,-0.404132,-0.404132,-0.434734,-0.434734,SushiSwap V2 -> Uniswap V3,99.595868,-0.404132,-0.404132,False
26011748,2026-09-19 13:05:47+00:00,500.0,2641.823572240765,2641.417072362232,-0.40649987853289127,0.40649987853289127,0.015389462072695566,SushiSwap V2,Uniswap V3,-3.408154,-0.6816308,-3.559838,-0.7119676,SushiSwap V2 -> Uniswap V3,496.591846,-3.408154,-0.6816308,False
26011748,2026-09-19 13:05:47+00:00,1000.0,2641.823572240765,2641.417072362232,-0.40649987853289127,0.40649987853289127,0.015389462072695566,SushiSwap V2,Uniswap V3,-10.263375,-1.0263375,-10.56346,-1.056346,SushiSwap V2 -> Uniswap V3,989.736625,-10.263375,-1.0263375,False
26011748,2026-09-19 13:05:47+00:00,5000.0,2641.823572240765,2641.417072362232,-0.40649987853289127,0.40649987853289127,0.015389462072695566,SushiSwap V2,Uniswap V3,-185.008967,-3.70017934,-186.384715,-3.7276943,SushiSwap V2 -> Uniswap V3,4814.991033,-185.008967,-3.70017934,False
26011748,2026-09-19 13:05:47+00:00,10000.0,2641.823572240765,2641.417072362232,-0.40649987853289127,0.40649987853289127,0.015389462072695566,SushiSwap V2,Uniswap V3,-684.595543,-6.84595543,-687.065633,-6.87065633,SushiSwap V2 -> Uniswap V3,9315.404457,-684.595543,-6.84595543,False
26011749,2026-09-19 13:05:59+00:00,100.0,2641.823572240765,2641.417072362232,-0.40649987853289127,0.40649987853289127,0.015389462072695566,SushiSwap V2,Uniswap V3,-0.404132,-0.404132,-0.434734,-0.434734,SushiSwap V2 -> Uniswap V3,99.595868,-0.404132,-0.404132,False
26011749,2026-09-19 13:05:59+00:00,500.0,2641.823572240765,2641.417072362232,-0.40649987853289127,0.40649987853289127,0.015389462072695566,SushiSwap V2,Uniswap V3,-3.408154,-0.6816308,-3.559838,-0.7119676,SushiSwap V2 -> Uniswap V3,496.591846,-3.408154,-0.6816308,False
26011749,2026-09-19 13:05:59+00:00,1000.0,2641.823572240765,2641.417072362232,-0.40649987853289127,0.40649987853289127,0.015389462072695566,SushiSwap V2,Uniswap V3,-10.263375,-1.0263375,-10.56346,-1.056346,SushiSwap V2 -> Uniswap V3,989.736625,-10.263375,-1.0263375,False
26011749,2026-09-19 13:05:59+00:00,5000.0,2641.823572240765,2641.417072362232,-0.40649987853289127,0.40649987853289127,0.015389462072695566,SushiSwap V2,Uniswap V3,-185.008967,-3.70017934,-186.384715,-3.7276943,SushiSwap V2 -> Uniswap V3,4814.991033,-185.008967,-3.70017934,False
26011749,2026-09-19 13:05:59+00:00,10000.0,2641.823572240765,2641.417072362232,-0.40649987853289127,0.40649987853289127,0.015389462072695566,SushiSwap V2,Uniswap V3,-684.595543,-6.84595543,-687.065633,-6.87065633,SushiSwap V2 -> Uniswap V3,9315.404457,-684.595543,-6.84595543,False
26011750,2026-09-19 13:06:11+00:00,100.0,2641.8048738222956,2641.417072362232,-0.3878014600634304,0.3878014600634304,0.014681568621672369,SushiSwap V2,Uniswap V3,-0.404837,-0.404837,-0.43403,-0.43403,SushiSwap V2 -> Uniswap V3,99.595163,-0.404837,-0.404837,False
26011750,2026-09-19 13:06:11+00:00,500.0,2641.8048738222956,2641.417072362232,-0.3878014600634304,0.3878014600634304,0.014681568621672369,SushiSwap V2,Uniswap V3,-3.411669,-0.6823338,-3.556336,-0.7112672,SushiSwap V2 -> Uniswap V3,496.588331,-3.411669,-0.6823338,False
26011750,2026-09-19 13:06:11+00:00,1000.0,2641.8048738222956,2641.417072362232,-0.3878014600634304,0.3878014600634304,0.014681568621672369,SushiSwap V2,Uniswap V3,-10.27038,-1.027038,-10.556505,-1.0556505,SushiSwap V2 -> Uniswap V3,989.72962,-10.27038,-1.027038,False
26011750,2026-09-19 13:06:11+00:00,5000.0,2641.8048738222956,2641.417072362232,-0.3878014600634304,0.3878014600634304,0.014681568621672369,SushiSwap V2,Uniswap V3,-185.043046,-3.70086092,-186.351795,-3.7270359,SushiSwap V2 -> Uniswap V3,4814.956954,-185.043046,-3.70086092,False
26011750,2026-09-19 13:06:11+00:00,10000.0,2641.8048738222956,2641.417072362232,-0.3878014600634304,0.3878014600634304,0.014681568621672369,SushiSwap V2,Uniswap V3,-684.661475,-6.84661475,-687.00402,-6.8700402,SushiSwap V2 -> Uniswap V3,9315.338525,-684.661475,-6.84661475,False
26011751,2026-09-19 13:06:23+00:00,100.0,2641.8048738222956,2641.417072362232,-0.3878014600634304,0.3878014600634304,0.014681568621672369,SushiSwap V2,Uniswap V3,-0.404837,-0.404837,-0.43403,-0.43403,SushiSwap V2 -> Uniswap V3,99.595163,-0.404837,-0.404837,False
26011751,2026-09-19 13:06:23+00:00,500.0,2641.8048738222956,2641.417072362232,-0.3878014600634304,0.3878014600634304,0.014681568621672369,SushiSwap V2,Uniswap V3,-3.411669,-0.6823338,-3.556336,-0.7112672,SushiSwap V2 -> Uniswap V3,496.588331,-3.411669,-0.6823338,False
26011751,2026-09-19 13:06:23+00:00,1000.0,2641.8048738222956,2641.417072362232,-0.3878014600634304,0.3878014600634304,0.014681568621672369,SushiSwap V2,Uniswap V3,-10.27038,-1.027038,-10.556505,-1.0556505,SushiSwap V2 -> Uniswap V3,989.72962,-10.27038,-1.027038,False
26011751,2026-09-19 13:06:23+00:00,5000.0,2641.8048738222956,2641.417072362232,-0.3878014600634304,0.3878014600634304,0.014681568621672369,SushiSwap V2,Uniswap V3,-185.043046,-3.70086092,-186.351795,-3.7270359,SushiSwap V2 -> Uniswap V3,4814.956954,-185.043046,-3.70086092,False
26011751,2026-09-19 13:06:23+00:00,10000.0,2641.8048738222956,2641.417072362232,-0.3878014600634304,0.3878014600634304,0.014681568621672369,SushiSwap V2,Uniswap V3,-684.661475,-6.84661475,-687.00402,-6.8700402,SushiSwap V2 -> Uniswap V3,9315.338525,-684.661475,-6.84661475,False
26011752,2026-09-19 13:06:35+00:00,100.0,2641.8048738222956,2641.417072362232,-0.3878014600634304,0.3878014600634304,0.014681568621672369,SushiSwap V2,Uniswap V3,-0.404837,-0.404837,-0.43403,-0.43403,SushiSwap V2 -> Uniswap V3,99.595163,-0.404837,-0.404837,False
26011752,2026-09-19 13:06:35+00:00,500.0,2641.8048738222956,2641.417072362232,-0.3878014600634304,0.3878014600634304,0.014681568621672369,SushiSwap V2,Uniswap V3,-3.411669,-0.6823338,-3.556336,-0.7112672,SushiSwap V2 -> Uniswap V3,496.588331,-3.411669,-0.6823338,False
26011752,2026-09-19 13:06:35+00:00,1000.0,2641.8048738222956,2641.417072362232,-0.3878014600634304,0.3878014600634304,0.014681568621672369,SushiSwap V2,Uniswap V3,-10.27038,-1.027038,-10.556505,-1.0556505,SushiSwap V2 -> Uniswap V3,989.72962,-10.27038,-1.027038,False
26011752,2026-09-19 13:06:35+00:00,5000.0,2641.8048738222956,2641.417072362232,-0.3878014600634304,0.3878014600634304,0.014681568621672369,SushiSwap V2,Uniswap V3,-185.043046,-3.70086092,-186.351795,-3.7270359,SushiSwap V2 -> Uniswap V3,4814.956954,-185.043046,-3.70086092,False
26011752,2026-09-19 13:06:35+00:00,10000.0,2641.8048738222956,2641.417072362232,-0.3878014600634304,0.3878014600634304,0.014681568621672369,SushiSwap V2,Uniswap V3,-684.661475,-6.84661475,-687.00402,-6.8700402,SushiSwap V2 -> Uniswap V3,9315.338525,-684.661475,-6.84661475,False
26011753,2026-09-19 13:06:47+00:00,100.0,2641.8048738222956,2641.417072362232,-0.3878014600634304,0.3878014600634304,0.014681568621672369,SushiSwap V2,Uniswap V3,-0.404837,-0.404837,-0.43403,-0.43403,SushiSwap V2 -> Uniswap V3,99.595163,-0.404837,-0.404837,False
26011753,2026-09-19 13:06:47+00:00,500.0,2641.8048738222956,2641.417072362232,-0.3878014600634304,0.3878014600634304,0.014681568621672369,SushiSwap V2,Uniswap V3,-3.411669,-0.6823338,-3.556336,-0.7112672,SushiSwap V2 -> Uniswap V3,496.588331,-3.411669,-0.6823338,False
26011753,2026-09-19 13:06:47+00:00,1000.0,2641.8048738222956,2641.417072362232,-0.3878014600634304,0.3878014600634304,0.014681568621672369,SushiSwap V2,Uniswap V3,-10.27038,-1.027038,-10.556505,-1.0556505,SushiSwap V2 -> Uniswap V3,989.72962,-10.27038,-1.027038,False
26011753,2026-09-19 13:06:47+00:00,5000.0,2641.8048738222956,2641.417072362232,-0.3878014600634304,0.3878014600634304,0.014681568621672369,SushiSwap V2,Uniswap V3,-185.043046,-3.70086092,-186.351795,-3.7270359,SushiSwap V2 -> Uniswap V3,4814.956954,-185.043046,-3.70086092,False
26011753,2026-09-19 13:06:47+00:00,10000.0,2641.8048738222956,2641.417072362232,-0.3878014600634304,0.3878014600634304,0.014681568621672369,SushiSwap V2,Uniswap V3,-684.661475,-6.84661475,-687.00402,-6.8700402,SushiSwap V2 -> Uniswap V3,9315.338525,-684.661475,-6.84661475,False
26011754,2026-09-19 13:06:59+00:00,100.0,2641.8048738222956,2641.417072362232,-0.3878014600634304,0.3878014600634304,0.014681568621672369,SushiSwap V2,Uniswap V3,-0.404837,-0.404837,-0.43403,-0.43403,SushiSwap V2 -> Uniswap V3,99.595163,-0.404837,-0.404837,False
26011754,2026-09-19 13:06:59+00:00,500.0,2641.8048738222956,2641.417072362232,-0.3878014600634304,0.3878014600634304,0.014681568621672369,SushiSwap V2,Uniswap V3,-3.411669,-0.6823338,-3.556336,-0.7112672,SushiSwap V2 -> Uniswap V3,496.588331,-3.411669,-0.6823338,False
26011754,2026-09-19 13:06:59+00:00,1000.0,2641.8048738222956,2641.417072362232,-0.3878014600634304,0.3878014600634304,0.014681568621672369,SushiSwap V2,Uniswap V3,-10.27038,-1.027038,-10.556505,-1.0556505,SushiSwap V2 -> Uniswap V3,989.72962,-10.27038,-1.027038,False
26011754,2026-09-19 13:06:59+00:00,5000.0,2641.8048738222956,2641.417072362232,-0.3878014600634304,0.3878014600634304,0.014681568621672369,SushiSwap V2,Uniswap V3,-185.043046,-3.70086092,-186.351795,-3.7270359,SushiSwap V2 -> Uniswap V3,4814.956954,-185.043046,-3.70086092,False
26011754,2026-09-19 13:06:59+00:00,10000.0,2641.8048738222956,2641.417072362232,-0.3878014600634304,0.3878014600634304,0.014681568621672369,SushiSwap V2,Uniswap V3,-684.661475,-6.84661475,-687.00402,-6.8700402,SushiSwap V2 -> Uniswap V3,9315.338525,-684.661475,-6.84661475,False
26011755,2026-09-19 13:07:11+00:00,100.0,2640.1423364371753,2641.417072362232,1.27473592505663,1.27473592505663,0.04828284852160142,Uniswap V3,SushiSwap V2,-0.467514,-0.467514,-0.371376,-0.371376,Uniswap V3 -> SushiSwap V2,99.628624,-0.371376,-0.371376,False
26011755,2026-09-19 13:07:11+00:00,500.0,2640.1423364371753,2641.417072362232,1.27473592505663,1.27473592505663,0.04828284852160142,Uniswap V3,SushiSwap V2,-3.724178,-0.7448356,-3.244804,-0.6489608,Uniswap V3 -> SushiSwap V2,496.755196,-3.244804,-0.6489608,False
26011755,2026-09-19 13:07:11+00:00,1000.0,2640.1423364371753,2641.417072362232,1.27473592505663,1.27473592505663,0.04828284852160142,Uniswap V3,SushiSwap V2,-10.893223,-1.0893223,-9.93775,-0.993775,Uniswap V3 -> SushiSwap V2,990.06225,-9.93775,-0.993775,False
26011755,2026-09-19 13:07:11+00:00,5000.0,2640.1423364371753,2641.417072362232,1.27473592505663,1.27473592505663,0.04828284852160142,Uniswap V3,SushiSwap V2,-188.072881,-3.76145762,-183.42262,-3.6684524,Uniswap V3 -> SushiSwap V2,4816.57738,-183.42262,-3.6684524,False
26011755,2026-09-19 13:07:11+00:00,10000.0,2640.1423364371753,2641.417072362232,1.27473592505663,1.27473592505663,0.04828284852160142,Uniswap V3,SushiSwap V2,-690.522639,-6.90522639,-681.521469,-6.81521469,Uniswap V3 -> SushiSwap V2,9318.478531,-681.521469,-6.81521469,False
26011756,2026-09-19 13:07:23+00:00,100.0,2638.930135311874,2641.417072362232,2.486937050358036,2.486937050358036,0.0942403520684387,Uniswap V3,SushiSwap V2,-0.513214,-0.513214,-0.325643,-0.325643,Uniswap V3 -> SushiSwap V2,99.674357,-0.325643,-0.325643,False
26011756,2026-09-19 13:07:23+00:00,500.0,2638.930135311874,2641.417072362232,2.486937050358036,2.486937050358036,0.0942403520684387,Uniswap V3,SushiSwap V2,-3.952039,-0.7904078,-3.017412,-0.6034824,Uniswap V3 -> SushiSwap V2,496.982588,-3.017412,-0.6034824,False
26011756,2026-09-19 13:07:23+00:00,1000.0,2638.930135311874,2641.417072362232,2.486937050358036,2.486937050358036,0.0942403520684387,Uniswap V3,SushiSwap V2,-11.347362,-1.1347362,-9.486119,-0.9486119,Uniswap V3 -> SushiSwap V2,990.513881,-9.486119,-0.9486119,False
26011756,2026-09-19 13:07:23+00:00,5000.0,2638.930135311874,2641.417072362232,2.486937050358036,2.486937050358036,0.0942403520684387,Uniswap V3,SushiSwap V2,-190.282217,-3.80564434,-181.284833,-3.62569666,Uniswap V3 -> SushiSwap V2,4818.715167,-181.284833,-3.62569666,False
26011756,2026-09-19 13:07:23+00:00,10000.0,2638.930135311874,2641.417072362232,2.486937050358036,2.486937050358036,0.0942403520684387,Uniswap V3,SushiSwap V2,-694.796925,-6.94796925,-677.520678,-6.77520678,Uniswap V3 -> SushiSwap V2,9322.479322,-677.520678,-6.77520678,False
26011757,2026-09-19 13:07:35+00:00,100.0,2638.930135311874,2641.417072362232,2.486937050358036,2.486937050358036,0.0942403520684387,Uniswap V3,SushiSwap V2,-0.513214,-0.513214,-0.325643,-0.325643,Uniswap V3 -> SushiSwap V2,99.674357,-0.325643,-0.325643,False
26011757,2026-09-19 13:07:35+00:00,500.0,2638.930135311874,2641.417072362232,2.486937050358036,2.486937050358036,0.0942403520684387,Uniswap V3,SushiSwap V2,-3.952039,-0.7904078,-3.017412,-0.6034824,Uniswap V3 -> SushiSwap V2,496.982588,-3.017412,-0.6034824,False
26011757,2026-09-19 13:07:35+00:00,1000.0,2638.930135311874,2641.417072362232,2.486937050358036,2.486937050358036,0.0942403520684387,Uniswap V3,SushiSwap V2,-11.347362,-1.1347362,-9.486119,-0.9486119,Uniswap V3 -> SushiSwap V2,990.513881,-9.486119,-0.9486119,False
26011757,2026-09-19 13:07:35+00:00,5000.0,2638.930135311874,2641.417072362232,2.486937050358036,2.486937050358036,0.0942403520684387,Uniswap V3,SushiSwap V2,-190.282217,-3.80564434,-181.284833,-3.62569666,Uniswap V3 -> SushiSwap V2,4818.715167,-181.284833,-3.62569666,False
26011757,2026-09-19 13:07:35+00:00,10000.0,2638.930135311874,2641.417072362232,2.486937050358036,2.486937050358036,0.0942403520684387,Uniswap V3,SushiSwap V2,-694.796925,-6.94796925,-677.520678,-6.77520678,Uniswap V3 -> SushiSwap V2,9322.479322,-677.520678,-6.77520678,False
26011758,2026-09-19 13:07:47+00:00,100.0,2638.930135311874,2641.417072362232,2.486937050358036,2.486937050358036,0.0942403520684387,Uniswap V3,SushiSwap V2,-0.513214,-0.513214,-0.325643,-0.325643,Uniswap V3 -> SushiSwap V2,99.674357,-0.325643,-0.325643,False
26011758,2026-09-19 13:07:47+00:00,500.0,2638.930135311874,2641.417072362232,2.486937050358036,2.486937050358036,0.0942403520684387,Uniswap V3,SushiSwap V2,-3.952039,-0.7904078,-3.017412,-0.6034824,Uniswap V3 -> SushiSwap V2,496.982588,-3.017412,-0.6034824,False
26011758,2026-09-19 13:07:47+00:00,1000.0,2638.930135311874,2641.417072362232,2.486937050358036,2.486937050358036,0.0942403520684387,Uniswap V3,SushiSwap V2,-11.347362,-1.1347362,-9.486119,-0.9486119,Uniswap V3 -> SushiSwap V2,990.513881,-9.486119,-0.9486119,False
26011758,2026-09-19 13:07:47+00:00,5000.0,2638.930135311874,2641.417072362232,2.486937050358036,2.486937050358036,0.0942403520684387,Uniswap V3,SushiSwap V2,-190.282217,-3.80564434,-181.284833,-3.62569666,Uniswap V3 -> SushiSwap V2,4818.715167,-181.284833,-3.62569666,False
26011758,2026-09-19 13:07:47+00:00,10000.0,2638.930135311874,2641.417072362232,2.486937050358036,2.486937050358036,0.0942403520684387,Uniswap V3,SushiSwap V2,-694.796925,-6.94796925,-677.520678,-6.77520678,Uniswap V3 -> SushiSwap V2,9322.479322,-677.520678,-6.77520678,False
26011759,2026-09-19 13:07:59+00:00,100.0,2638.930135311874,2641.417072362232,2.486937050358036,2.486937050358036,0.0942403520684387,Uniswap V3,SushiSwap V2,-0.513214,-0.513214,-0.325643,-0.325643,Uniswap V3 -> SushiSwap V2,99.674357,-0.325643,-0.325643,False
26011759,2026-09-19 13:07:59+00:00,500.0,2638.930135311874,2641.417072362232,2.486937050358036,2.486937050358036,0.0942403520684387,Uniswap V3,SushiSwap V2,-3.952039,-0.7904078,-3.017412,-0.6034824,Uniswap V3 -> SushiSwap V2,496.982588,-3.017412,-0.6034824,False
26011759,2026-09-19 13:07:59+00:00,1000.0,2638.930135311874,2641.417072362232,2.486937050358036,2.486937050358036,0.0942403520684387,Uniswap V3,SushiSwap V2,-11.347362,-1.1347362,-9.486119,-0.9486119,Uniswap V3 -> SushiSwap V2,990.513881,-9.486119,-0.9486119,False
26011759,2026-09-19 13:07:59+00:00,5000.0,2638.930135311874,2641.417072362232,2.486937050358036,2.486937050358036,0.0942403520684387,Uniswap V3,SushiSwap V2,-190.282217,-3.80564434,-181.284833,-3.62569666,Uniswap V3 -> SushiSwap V2,4818.715167,-181.284833,-3.62569666,False
26011759,2026-09-19 13:07:59+00:00,10000.0,2638.930135311874,2641.417072362232,2.486937050358036,2.486937050358036,0.0942403520684387,Uniswap V3,SushiSwap V2,-694.796925,-6.94796925,-677.520678,-6.77520678,Uniswap V3 -> SushiSwap V2,9322.479322,-677.520678,-6.77520678,False
26011760,2026-09-19 13:08:11+00:00,100.0,2638.92972590463,2641.417072362232,2.487346457602027,2.487346457602027,0.09425588082870831,Uniswap V3,SushiSwap V2,-0.513229,-0.513229,-0.325627,-0.325627,Uniswap V3 -> SushiSwap V2,99.674373,-0.325627,-0.325627,False
26011760,2026-09-19 13:08:11+00:00,500.0,2638.92972590463,2641.417072362232,2.487346457602027,2.487346457602027,0.09425588082870831,Uniswap V3,SushiSwap V2,-3.952116,-0.7904232,-3.017335,-0.603467,Uniswap V3 -> SushiSwap V2,496.982665,-3.017335,-0.603467,False
26011760,2026-09-19 13:08:11+00:00,1000.0,2638.92972590463,2641.417072362232,2.487346457602027,2.487346457602027,0.09425588082870831,Uniswap V3,SushiSwap V2,-11.347516,-1.1347516,-9.485966,-0.9485966,Uniswap V3 -> SushiSwap V2,990.514034,-9.485966,-0.9485966,False
26011760,2026-09-19 13:08:11+00:00,5000.0,2638.92972590463,2641.417072362232,2.487346457602027,2.487346457602027,0.09425588082870831,Uniswap V3,SushiSwap V2,-190.282963,-3.80565926,-181.284111,-3.62568222,Uniswap V3 -> SushiSwap V2,4818.715889,-181.284111,-3.62568222,False
26011760,2026-09-19 13:08:11+00:00,10000.0,2638.92972590463,2641.417072362232,2.487346457602027,2.487346457602027,0.09425588082870831,Uniswap V3,SushiSwap V2,-694.798369,-6.94798369,-677.519326,-6.77519326,Uniswap V3 -> SushiSwap V2,9322.480674,-677.519326,-6.77519326,False
26011761,2026-09-19 13:08:23+00:00,100.0,2638.92972590463,2641.417072362232,2.487346457602027,2.487346457602027,0.09425588082870831,Uniswap V3,SushiSwap V2,-0.513229,-0.513229,-0.325627,-0.325627,Uniswap V3 -> SushiSwap V2,99.674373,-0.325627,-0.325627,False
26011761,2026-09-19 13:08:23+00:00,500.0,2638.92972590463,2641.417072362232,2.487346457602027,2.487346457602027,0.09425588082870831,Uniswap V3,SushiSwap V2,-3.952116,-0.7904232,-3.017335,-0.603467,Uniswap V3 -> SushiSwap V2,496.982665,-3.017335,-0.603467,False
26011761,2026-09-19 13:08:23+00:00,1000.0,2638.92972590463,2641.417072362232,2.487346457602027,2.487346457602027,0.09425588082870831,Uniswap V3,SushiSwap V2,-11.347516,-1.1347516,-9.485966,-0.9485966,Uniswap V3 -> SushiSwap V2,990.514034,-9.485966,-0.9485966,False
26011761,2026-09-19 13:08:23+00:00,5000.0,2638.92972590463,2641.417072362232,2.487346457602027,2.487346457602027,0.09425588082870831,Uniswap V3,SushiSwap V2,-190.282963,-3.80565926,-181.284111,-3.62568222,Uniswap V3 -> SushiSwap V2,4818.715889,-181.284111,-3.62568222,False
26011761,2026-09-19 13:08:23+00:00,10000.0,2638.92972590463,2641.417072362232,2.487346457602027,2.487346457602027,0.09425588082870831,Uniswap V3,SushiSwap V2,-694.798369,-6.94798369,-677.519326,-6.77519326,Uniswap V3 -> SushiSwap V2,9322.480674,-677.519326,-6.77519326,False
26011762,2026-09-19 13:08:35+00:00,100.0,2638.7941961026963,2641.417072362232,2.6228762595356434,2.6228762595356434,0.0993967723367528,Uniswap V3,SushiSwap V2,-0.518338,-0.518338,-0.320512,-0.320512,Uniswap V3 -> SushiSwap V2,99.679488,-0.320512,-0.320512,False
26011762,2026-09-19 13:08:35+00:00,500.0,2638.7941961026963,2641.417072362232,2.6228762595356434,2.6228762595356434,0.0993967723367528,Uniswap V3,SushiSwap V2,-3.977592,-0.7955184,-2.991899,-0.5983798,Uniswap V3 -> SushiSwap V2,497.008101,-2.991899,-0.5983798,False
26011762,2026-09-19 13:08:35+00:00,1000.0,2638.7941961026963,2641.417072362232,2.6228762595356434,2.6228762595356434,0.0993967723367528,Uniswap V3,SushiSwap V2,-11.398291,-1.1398291,-9.435446,-0.9435446,Uniswap V3 -> SushiSwap V2,990.564554,-9.435446,-0.9435446,False
26011762,2026-09-19 13:08:35+00:00,5000.0,2638.7941961026963,2641.417072362232,2.6228762595356434,2.6228762595356434,0.0993967723367528,Uniswap V3,SushiSwap V2,-190.529977,-3.81059954,-181.044978,-3.62089956,Uniswap V3 -> SushiSwap V2,4818.955022,-181.044978,-3.62089956,False
26011762,2026-09-19 13:08:35+00:00,10000.0,2638.7941961026963,2641.417072362232,2.6228762595356434,2.6228762595356434,0.0993967723367528,Uniswap V3,SushiSwap V2,-695.276078,-6.95276078,-677.071805,-6.77071805,Uniswap V3 -> SushiSwap V2,9322.928195,-677.071805,-6.77071805,False
26011763,2026-09-19 13:08:47+00:00,100.0,2638.650001392633,2641.417072362232,2.7670709695988682,2.7670709695988682,0.10486691937689563,Uniswap V3,SushiSwap V2,-0.523775,-0.523775,-0.315068,-0.315068,Uniswap V3 -> SushiSwap V2,99.684932,-0.315068,-0.315068,False
26011763,2026-09-19 13:08:47+00:00,500.0,2638.650001392633,2641.417072362232,2.7670709695988682,2.7670709695988682,0.10486691937689563,Uniswap V3,SushiSwap V2,-4.004696,-0.8009392,-2.964834,-0.5929668,Uniswap V3 -> SushiSwap V2,497.035166,-2.964834,-0.5929668,False
26011763,2026-09-19 13:08:47+00:00,1000.0,2638.650001392633,2641.417072362232,2.7670709695988682,2.7670709695988682,0.10486691937689563,Uniswap V3,SushiSwap V2,-11.452312,-1.1452312,-9.38169,-0.938169,Uniswap V3 -> SushiSwap V2,990.61831,-9.38169,-0.938169,False
26011763,2026-09-19 13:08:47+00:00,5000.0,2638.650001392633,2641.417072362232,2.7670709695988682,2.7670709695988682,0.10486691937689563,Uniswap V3,SushiSwap V2,-190.792093,-3.81584186,-180.790531,-3.61581062,Uniswap V3 -> SushiSwap V2,4819.209469,-180.790531,-3.61581062,False
26011763,2026-09-19 13:08:47+00:00,10000.0,2638.650001392633,2641.417072362232,2.7670709695988682,2.7670709695988682,0.10486691937689563,Uniswap V3,SushiSwap V2,-695.780767,-6.95780767,-676.595625,-6.76595625,Uniswap V3 -> SushiSwap V2,9323.404375,-676.595625,-6.76595625,False
26011764,2026-09-19 13:08:59+00:00,100.0,2638.650001392633,2641.417072362232,2.7670709695988682,2.7670709695988682,0.10486691937689563,Uniswap V3,SushiSwap V2,-0.523775,-0.523775,-0.315068,-0.315068,Uniswap V3 -> SushiSwap V2,99.684932,-0.315068,-0.315068,False
26011764,2026-09-19 13:08:59+00:00,500.0,2638.650001392633,2641.417072362232,2.7670709695988682,2.7670709695988682,0.10486691937689563,Uniswap V3,SushiSwap V2,-4.004696,-0.8009392,-2.964834,-0.5929668,Uniswap V3 -> SushiSwap V2,497.035166,-2.964834,-0.5929668,False
26011764,2026-09-19 13:08:59+00:00,1000.0,2638.650001392633,2641.417072362232,2.7670709695988682,2.7670709695988682,0.10486691937689563,Uniswap V3,SushiSwap V2,-11.452312,-1.1452312,-9.38169,-0.938169,Uniswap V3 -> SushiSwap V2,990.61831,-9.38169,-0.938169,False
26011764,2026-09-19 13:08:59+00:00,5000.0,2638.650001392633,2641.417072362232,2.7670709695988682,2.7670709695988682,0.10486691937689563,Uniswap V3,SushiSwap V2,-190.792093,-3.81584186,-180.790531,-3.61581062,Uniswap V3 -> SushiSwap V2,4819.209469,-180.790531,-3.61581062,False
26011764,2026-09-19 13:08:59+00:00,10000.0,2638.650001392633,2641.417072362232,2.7670709695988682,2.7670709695988682,0.10486691937689563,Uniswap V3,SushiSwap V2,-695.780767,-6.95780767,-676.595625,-6.76595625,Uniswap V3 -> SushiSwap V2,9323.404375,-676.595625,-6.76595625,False
26011765,2026-09-19 13:09:11+00:00,100.0,2638.650001392633,2641.417072362232,2.7670709695988682,2.7670709695988682,0.10486691937689563,Uniswap V3,SushiSwap V2,-0.523775,-0.523775,-0.315068,-0.315068,Uniswap V3 -> SushiSwap V2,99.684932,-0.315068,-0.315068,False
26011765,2026-09-19 13:09:11+00:00,500.0,2638.650001392633,2641.417072362232,2.7670709695988682,2.7670709695988682,0.10486691937689563,Uniswap V3,SushiSwap V2,-4.004696,-0.8009392,-2.964834,-0.5929668,Uniswap V3 -> SushiSwap V2,497.035166,-2.964834,-0.5929668,False
26011765,2026-09-19 13:09:11+00:00,1000.0,2638.650001392633,2641.417072362232,2.7670709695988682,2.7670709695988682,0.10486691937689563,Uniswap V3,SushiSwap V2,-11.452312,-1.1452312,-9.38169,-0.938169,Uniswap V3 -> SushiSwap V2,990.61831,-9.38169,-0.938169,False
26011765,2026-09-19 13:09:11+00:00,5000.0,2638.650001392633,2641.417072362232,2.7670709695988682,2.7670709695988682,0.10486691937689563,Uniswap V3,SushiSwap V2,-190.792093,-3.81584186,-180.790531,-3.61581062,Uniswap V3 -> SushiSwap V2,4819.209469,-180.790531,-3.61581062,False
26011765,2026-09-19 13:09:11+00:00,10000.0,2638.650001392633,2641.417072362232,2.7670709695988682,2.7670709695988682,0.10486691937689563,Uniswap V3,SushiSwap V2,-695.780767,-6.95780767,-676.595625,-6.76595625,Uniswap V3 -> SushiSwap V2,9323.404375,-676.595625,-6.76595625,False
26011766,2026-09-19 13:09:23+00:00,100.0,2638.650001392633,2641.417072362232,2.7670709695988682,2.7670709695988682,0.10486691937689563,Uniswap V3,SushiSwap V2,-0.523775,-0.523775,-0.315068,-0.315068,Uniswap V3 -> SushiSwap V2,99.684932,-0.315068,-0.315068,False
26011766,2026-09-19 13:09:23+00:00,500.0,2638.650001392633,2641.417072362232,2.7670709695988682,2.7670709695988682,0.10486691937689563,Uniswap V3,SushiSwap V2,-4.004696,-0.8009392,-2.964834,-0.5929668,Uniswap V3 -> SushiSwap V2,497.035166,-2.964834,-0.5929668,False
26011766,2026-09-19 13:09:23+00:00,1000.0,2638.650001392633,2641.417072362232,2.7670709695988682,2.7670709695988682,0.10486691937689563,Uniswap V3,SushiSwap V2,-11.452312,-1.1452312,-9.38169,-0.938169,Uniswap V3 -> SushiSwap V2,990.61831,-9.38169,-0.938169,False
26011766,2026-09-19 13:09:23+00:00,5000.0,2638.650001392633,2641.417072362232,2.7670709695988682,2.7670709695988682,0.10486691937689563,Uniswap V3,SushiSwap V2,-190.792093,-3.81584186,-180.790531,-3.61581062,Uniswap V3 -> SushiSwap V2,4819.209469,-180.790531,-3.61581062,False
26011766,2026-09-19 13:09:23+00:00,10000.0,2638.650001392633,2641.417072362232,2.7670709695988682,2.7670709695988682,0.10486691937689563,Uniswap V3,SushiSwap V2,-695.780767,-6.95780767,-676.595625,-6.76595625,Uniswap V3 -> SushiSwap V2,9323.404375,-676.595625,-6.76595625,False
26011767,2026-09-19 13:09:35+00:00,100.0,2638.6472816430264,2641.417072362232,2.769790719205777,2.769790719205777,0.10497010109972299,Uniswap V3,SushiSwap V2,-0.523877,-0.523877,-0.314965,-0.314965,Uniswap V3 -> SushiSwap V2,99.685035,-0.314965,-0.314965,False
26011767,2026-09-19 13:09:35+00:00,500.0,2638.6472816430264,2641.417072362232,2.769790719205777,2.769790719205777,0.10497010109972299,Uniswap V3,SushiSwap V2,-4.005207,-0.8010414,-2.964323,-0.5928646,Uniswap V3 -> SushiSwap V2,497.035677,-2.964323,-0.5928646,False
26011767,2026-09-19 13:09:35+00:00,1000.0,2638.6472816430264,2641.417072362232,2.769790719205777,2.769790719205777,0.10497010109972299,Uniswap V3,SushiSwap V2,-11.453331,-1.1453331,-9.380676,-0.9380676,Uniswap V3 -> SushiSwap V2,990.619324,-9.380676,-0.9380676,False
26011767,2026-09-19 13:09:35+00:00,5000.0,2638.6472816430264,2641.417072362232,2.769790719205777,2.769790719205777,0.10497010109972299,Uniswap V3,SushiSwap V2,-190.797,-3.81594,-180.785731,-3.61571462,Uniswap V3 -> SushiSwap V2,4819.214269,-180.785731,-3.61571462,False
26011767,2026-09-19 13:09:35+00:00,10000.0,2638.6472816430264,2641.417072362232,2.769790719205777,2.769790719205777,0.10497010109972299,Uniswap V3,SushiSwap V2,-695.79024,-6.9579024,-676.586643,-6.76586643,Uniswap V3 -> SushiSwap V2,9323.413357,-676.586643,-6.76586643,False
26011768,2026-09-19 13:09:47+00:00,100.0,2638.2455646343747,2641.417072362232,3.1715077278573953,3.1715077278573953,0.12021275693102221,Uniswap V3,SushiSwap V2,-0.539021,-0.539021,-0.299797,-0.299797,Uniswap V3 -> SushiSwap V2,99.700203,-0.299797,-0.299797,False
26011768,2026-09-19 13:09:47+00:00,500.0,2638.2455646343747,2641.417072362232,3.1715077278573953,3.1715077278573953,0.12021275693102221,Uniswap V3,SushiSwap V2,-4.080703,-0.8161406,-2.888889,-0.5777778,Uniswap V3 -> SushiSwap V2,497.111111,-2.888889,-0.5777778,False
26011768,2026-09-19 13:09:47+00:00,1000.0,2638.2455646343747,2641.417072362232,3.1715077278573953,3.1715077278573953,0.12021275693102221,Uniswap V3,SushiSwap V2,-11.603766,-1.1603766,-9.230821,-0.9230821,Uniswap V3 -> SushiSwap V2,990.769179,-9.230821,-0.9230821,False
26011768,2026-09-19 13:09:47+00:00,5000.0,2638.2455646343747,2641.417072362232,3.1715077278573953,3.1715077278573953,0.12021275693102221,Uniswap V3,SushiSwap V2,-191.52839,-3.8305678,-180.075192,-3.60150384,Uniswap V3 -> SushiSwap V2,4819.924808,-180.075192,-3.60150384,False
26011768,2026-09-19 13:09:47+00:00,10000.0,2638.2455646343747,2641.417072362232,3.1715077278573953,3.1715077278573953,0.12021275693102221,Uniswap V3,SushiSwap V2,-697.205095,-6.97205095,-675.254079,-6.75254079,Uniswap V3 -> SushiSwap V2,9324.745921,-675.254079,-6.75254079,False
26011769,2026-09-19 13:09:59+00:00,100.0,2638.2455646343747,2641.417072362232,3.1715077278573953,3.1715077278573953,0.12021275693102221,Uniswap V3,SushiSwap V2,-0.539021,-0.539021,-0.299797,-0.299797,Uniswap V3 -> SushiSwap V2,99.700203,-0.299797,-0.299797,False
26011769,2026-09-19 13:09:59+00:00,500.0,2638.2455646343747,2641.417072362232,3.1715077278573953,3.1715077278573953,0.12021275693102221,Uniswap V3,SushiSwap V2,-4.080703,-0.8161406,-2.888889,-0.5777778,Uniswap V3 -> SushiSwap V2,497.111111,-2.888889,-0.5777778,False
26011769,2026-09-19 13:09:59+00:00,1000.0,2638.2455646343747,2641.417072362232,3.1715077278573953,3.1715077278573953,0.12021275693102221,Uniswap V3,SushiSwap V2,-11.603766,-1.1603766,-9.230821,-0.9230821,Uniswap V3 -> SushiSwap V2,990.769179,-9.230821,-0.9230821,False
26011769,2026-09-19 13:09:59+00:00,5000.0,2638.2455646343747,2641.417072362232,3.1715077278573953,3.1715077278573953,0.12021275693102221,Uniswap V3,SushiSwap V2,-191.52839,-3.8305678,-180.075192,-3.60150384,Uniswap V3 -> SushiSwap V2,4819.924808,-180.075192,-3.60150384,False
26011769,2026-09-19 13:09:59+00:00,10000.0,2638.2455646343747,2641.417072362232,3.1715077278573953,3.1715077278573953,0.12021275693102221,Uniswap V3,SushiSwap V2,-697.205095,-6.97205095,-675.254079,-6.75254079,Uniswap V3 -> SushiSwap V2,9324.745921,-675.254079,-6.75254079,False
26011770,2026-09-19 13:10:23+00:00,100.0,2638.2455646343747,2641.417072362232,3.1715077278573953,3.1715077278573953,0.12021275693102221,Uniswap V3,SushiSwap V2,-0.539021,-0.539021,-0.299797,-0.299797,Uniswap V3 -> SushiSwap V2,99.700203,-0.299797,-0.299797,False
26011770,2026-09-19 13:10:23+00:00,500.0,2638.2455646343747,2641.417072362232,3.1715077278573953,3.1715077278573953,0.12021275693102221,Uniswap V3,SushiSwap V2,-4.080703,-0.8161406,-2.888889,-0.5777778,Uniswap V3 -> SushiSwap V2,497.111111,-2.888889,-0.5777778,False
26011770,2026-09-19 13:10:23+00:00,1000.0,2638.2455646343747,2641.417072362232,3.1715077278573953,3.1715077278573953,0.12021275693102221,Uniswap V3,SushiSwap V2,-11.603766,-1.1603766,-9.230821,-0.9230821,Uniswap V3 -> SushiSwap V2,990.769179,-9.230821,-0.9230821,False
26011770,2026-09-19 13:10:23+00:00,5000.0,2638.2455646343747,2641.417072362232,3.1715077278573953,3.1715077278573953,0.12021275693102221,Uniswap V3,SushiSwap V2,-191.52839,-3.8305678,-180.075192,-3.60150384,Uniswap V3 -> SushiSwap V2,4819.924808,-180.075192,-3.60150384,False
26011770,2026-09-19 13:10:23+00:00,10000.0,2638.2455646343747,2641.417072362232,3.1715077278573953,3.1715077278573953,0.12021275693102221,Uniswap V3,SushiSwap V2,-697.205095,-6.97205095,-675.254079,-6.75254079,Uniswap V3 -> SushiSwap V2,9324.745921,-675.254079,-6.75254079,False
26011771,2026-09-19 13:10:35+00:00,100.0,2638.2455646343747,2641.417072362232,3.1715077278573953,3.1715077278573953,0.12021275693102221,Uniswap V3,SushiSwap V2,-0.539021,-0.539021,-0.299797,-0.299797,Uniswap V3 -> SushiSwap V2,99.700203,-0.299797,-0.299797,False
26011771,2026-09-19 13:10:35+00:00,500.0,2638.2455646343747,2641.417072362232,3.1715077278573953,3.1715077278573953,0.12021275693102221,Uniswap V3,SushiSwap V2,-4.080703,-0.8161406,-2.888889,-0.5777778,Uniswap V3 -> SushiSwap V2,497.111111,-2.888889,-0.5777778,False
26011771,2026-09-19 13:10:35+00:00,1000.0,2638.2455646343747,2641.417072362232,3.1715077278573953,3.1715077278573953,0.12021275693102221,Uniswap V3,SushiSwap V2,-11.603766,-1.1603766,-9.230821,-0.9230821,Uniswap V3 -> SushiSwap V2,990.769179,-9.230821,-0.9230821,False
26011771,2026-09-19 13:10:35+00:00,5000.0,2638.2455646343747,2641.417072362232,3.1715077278573953,3.1715077278573953,0.12021275693102221,Uniswap V3,SushiSwap V2,-191.52839,-3.8305678,-180.075192,-3.60150384,Uniswap V3 -> SushiSwap V2,4819.924808,-180.075192,-3.60150384,False
26011771,2026-09-19 13:10:35+00:00,10000.0,2638.2455646343747,2641.417072362232,3.1715077278573953,3.1715077278573953,0.12021275693102221,Uniswap V3,SushiSwap V2,-697.205095,-6.97205095,-675.254079,-6.75254079,Uniswap V3 -> SushiSwap V2,9324.745921,-675.254079,-6.75254079,False
26011772,2026-09-19 13:10:47+00:00,100.0,2638.2455646343747,2641.417072362232,3.1715077278573953,3.1715077278573953,0.12021275693102221,Uniswap V3,SushiSwap V2,-0.539021,-0.539021,-0.299797,-0.299797,Uniswap V3 -> SushiSwap V2,99.700203,-0.299797,-0.299797,False
26011772,2026-09-19 13:10:47+00:00,500.0,2638.2455646343747,2641.417072362232,3.1715077278573953,3.1715077278573953,0.12021275693102221,Uniswap V3,SushiSwap V2,-4.080703,-0.8161406,-2.888889,-0.5777778,Uniswap V3 -> SushiSwap V2,497.111111,-2.888889,-0.5777778,False
26011772,2026-09-19 13:10:47+00:00,1000.0,2638.2455646343747,2641.417072362232,3.1715077278573953,3.1715077278573953,0.12021275693102221,Uniswap V3,SushiSwap V2,-11.603766,-1.1603766,-9.230821,-0.9230821,Uniswap V3 -> SushiSwap V2,990.769179,-9.230821,-0.9230821,False
26011772,2026-09-19 13:10:47+00:00,5000.0,2638.2455646343747,2641.417072362232,3.1715077278573953,3.1715077278573953,0.12021275693102221,Uniswap V3,SushiSwap V2,-191.52839,-3.8305678,-180.075192,-3.60150384,Uniswap V3 -> SushiSwap V2,4819.924808,-180.075192,-3.60150384,False
26011772,2026-09-19 13:10:47+00:00,10000.0,2638.2455646343747,2641.417072362232,3.1715077278573953,3.1715077278573953,0.12021275693102221,Uniswap V3,SushiSwap V2,-697.205095,-6.97205095,-675.254079,-6.75254079,Uniswap V3 -> SushiSwap V2,9324.745921,-675.254079,-6.75254079,False
26011773,2026-09-19 13:10:59+00:00,100.0,2638.2433932793774,2641.417072362232,3.173679082854656,3.173679082854656,0.12029515892806705,Uniswap V3,SushiSwap V2,-0.539103,-0.539103,-0.299715,-0.299715,Uniswap V3 -> SushiSwap V2,99.700285,-0.299715,-0.299715,False
26011773,2026-09-19 13:10:59+00:00,500.0,2638.2433932793774,2641.417072362232,3.173679082854656,3.173679082854656,0.12029515892806705,Uniswap V3,SushiSwap V2,-4.081111,-0.8162222,-2.888481,-0.5776962,Uniswap V3 -> SushiSwap V2,497.111519,-2.888481,-0.5776962,False
26011773,2026-09-19 13:10:59+00:00,1000.0,2638.2433932793774,2641.417072362232,3.173679082854656,3.173679082854656,0.12029515892806705,Uniswap V3,SushiSwap V2,-11.60458,-1.160458,-9.230011,-0.9230011,Uniswap V3 -> SushiSwap V2,990.769989,-9.230011,-0.9230011,False
26011773,2026-09-19 13:10:59+00:00,5000.0,2638.2433932793774,2641.417072362232,3.173679082854656,3.173679082854656,0.12029515892806705,Uniswap V3,SushiSwap V2,-191.532347,-3.83064694,-180.071359,-3.60142718,Uniswap V3 -> SushiSwap V2,4819.928641,-180.071359,-3.60142718,False
26011773,2026-09-19 13:10:59+00:00,10000.0,2638.2433932793774,2641.417072362232,3.173679082854656,3.173679082854656,0.12029515892806705,Uniswap V3,SushiSwap V2,-697.212752,-6.97212752,-675.246906,-6.75246906,Uniswap V3 -> SushiSwap V2,9324.753094,-675.246906,-6.75246906,False
26011774,2026-09-19 13:11:11+00:00,100.0,2637.4214815244954,2641.417072362232,3.9955908377366223,3.9955908377366223,0.15149610578841086,Uniswap V3,SushiSwap V2,-0.570089,-0.570089,-0.268666,-0.268666,Uniswap V3 -> SushiSwap V2,99.731334,-0.268666,-0.268666,False
26011774,2026-09-19 13:11:11+00:00,500.0,2637.4214815244954,2641.417072362232,3.9955908377366223,3.9955908377366223,0.15149610578841086,Uniswap V3,SushiSwap V2,-4.235609,-0.8471218,-2.734104,-0.5468208,Uniswap V3 -> SushiSwap V2,497.265896,-2.734104,-0.5468208,False
26011774,2026-09-19 13:11:11+00:00,1000.0,2637.4214815244954,2641.417072362232,3.9955908377366223,3.9955908377366223,0.15149610578841086,Uniswap V3,SushiSwap V2,-11.912501,-1.1912501,-8.923398,-0.8923398,Uniswap V3 -> SushiSwap V2,991.076602,-8.923398,-0.8923398,False
26011774,2026-09-19 13:11:11+00:00,5000.0,2637.4214815244954,2641.417072362232,3.9955908377366223,3.9955908377366223,0.15149610578841086,Uniswap V3,SushiSwap V2,-193.030349,-3.86060698,-178.62006,-3.5724012,Uniswap V3 -> SushiSwap V2,4821.37994,-178.62006,-3.5724012,False
26011774,2026-09-19 13:11:11+00:00,10000.0,2637.4214815244954,2641.417072362232,3.9955908377366223,3.9955908377366223,0.15149610578841086,Uniswap V3,SushiSwap V2,-700.110859,-7.00110859,-672.530961,-6.72530961,Uniswap V3 -> SushiSwap V2,9327.469039,-672.530961,-6.72530961,False
26011775,2026-09-19 13:11:23+00:00,100.0,2637.4214815244954,2641.417072362232,3.9955908377366223,3.9955908377366223,0.15149610578841086,Uniswap V3,SushiSwap V2,-0.570089,-0.570089,-0.268666,-0.268666,Uniswap V3 -> SushiSwap V2,99.731334,-0.268666,-0.268666,False
26011775,2026-09-19 13:11:23+00:00,500.0,2637.4214815244954,2641.417072362232,3.9955908377366223,3.9955908377366223,0.15149610578841086,Uniswap V3,SushiSwap V2,-4.235609,-0.8471218,-2.734104,-0.5468208,Uniswap V3 -> SushiSwap V2,497.265896,-2.734104,-0.5468208,False
26011775,2026-09-19 13:11:23+00:00,1000.0,2637.4214815244954,2641.417072362232,3.9955908377366223,3.9955908377366223,0.15149610578841086,Uniswap V3,SushiSwap V2,-11.912501,-1.1912501,-8.923398,-0.8923398,Uniswap V3 -> SushiSwap V2,991.076602,-8.923398,-0.8923398,False
26011775,2026-09-19 13:11:23+00:00,5000.0,2637.4214815244954,2641.417072362232,3.9955908377366223,3.9955908377366223,0.15149610578841086,Uniswap V3,SushiSwap V2,-193.030349,-3.86060698,-178.62006,-3.5724012,Uniswap V3 -> SushiSwap V2,4821.37994,-178.62006,-3.5724012,False
26011775,2026-09-19 13:11:23+00:00,10000.0,2637.4214815244954,2641.417072362232,3.9955908377366223,3.9955908377366223,0.15149610578841086,Uniswap V3,SushiSwap V2,-700.110859,-7.00110859,-672.530961,-6.72530961,Uniswap V3 -> SushiSwap V2,9327.469039,-672.530961,-6.72530961,False
26011776,2026-09-19 13:11:35+00:00,100.0,2636.1142994840557,2641.417072362232,5.302772878176145,5.302772878176145,0.20115868569181586,Uniswap V3,SushiSwap V2,-0.619369,-0.619369,-0.219247,-0.219247,Uniswap V3 -> SushiSwap V2,99.780753,-0.219247,-0.219247,False
26011776,2026-09-19 13:11:35+00:00,500.0,2636.1142994840557,2641.417072362232,5.302772878176145,5.302772878176145,0.20115868569181586,Uniswap V3,SushiSwap V2,-4.481323,-0.8962646,-2.488382,-0.4976764,Uniswap V3 -> SushiSwap V2,497.511618,-2.488382,-0.4976764,False
26011776,2026-09-19 13:11:35+00:00,1000.0,2636.1142994840557,2641.417072362232,5.302772878176145,5.302772878176145,0.20115868569181586,Uniswap V3,SushiSwap V2,-12.402225,-1.2402225,-8.435364,-0.8435364,Uniswap V3 -> SushiSwap V2,991.564636,-8.435364,-0.8435364,False
26011776,2026-09-19 13:11:35+00:00,5000.0,2636.1142994840557,2641.417072362232,5.302772878176145,5.302772878176145,0.20115868569181586,Uniswap V3,SushiSwap V2,-195.412797,-3.90825594,-176.310088,-3.52620176,Uniswap V3 -> SushiSwap V2,4823.689912,-176.310088,-3.52620176,False
26011776,2026-09-19 13:11:35+00:00,10000.0,2636.1142994840557,2641.417072362232,5.302772878176145,5.302772878176145,0.20115868569181586,Uniswap V3,SushiSwap V2,-704.720059,-7.04720059,-668.208216,-6.68208216,Uniswap V3 -> SushiSwap V2,9331.791784,-668.208216,-6.68208216,False
26011777,2026-09-19 13:11:47+00:00,100.0,2635.463951025392,2641.417072362232,5.9531213368400415,5.9531213368400415,0.22588513625936085,Uniswap V3,SushiSwap V2,-0.643887,-0.643887,-0.194641,-0.194641,Uniswap V3 -> SushiSwap V2,99.805359,-0.194641,-0.194641,False
26011777,2026-09-19 13:11:47+00:00,500.0,2635.463951025392,2641.417072362232,5.9531213368400415,5.9531213368400415,0.22588513625936085,Uniswap V3,SushiSwap V2,-4.603571,-0.9207142,-2.36604,-0.473208,Uniswap V3 -> SushiSwap V2,497.63396,-2.36604,-0.473208,False
26011777,2026-09-19 13:11:47+00:00,1000.0,2635.463951025392,2641.417072362232,5.9531213368400415,5.9531213368400415,0.22588513625936085,Uniswap V3,SushiSwap V2,-12.645872,-1.2645872,-8.192378,-0.8192378,Uniswap V3 -> SushiSwap V2,991.807622,-8.192378,-0.8192378,False
26011777,2026-09-19 13:11:47+00:00,5000.0,2635.463951025392,2641.417072362232,5.9531213368400415,5.9531213368400415,0.22588513625936085,Uniswap V3,SushiSwap V2,-196.598113,-3.93196226,-175.16001,-3.5032002,Uniswap V3 -> SushiSwap V2,4824.83999,-175.16001,-3.5032002,False
26011777,2026-09-19 13:11:47+00:00,10000.0,2635.463951025392,2641.417072362232,5.9531213368400415,5.9531213368400415,0.22588513625936085,Uniswap V3,SushiSwap V2,-707.013235,-7.07013235,-666.056085,-6.66056085,Uniswap V3 -> SushiSwap V2,9333.943915,-666.056085,-6.66056085,False
26011778,2026-09-19 13:11:59+00:00,100.0,2635.199143522907,2641.417072362232,6.217928839325078,6.217928839325078,0.23595669627505048,Uniswap V3,SushiSwap V2,-0.65387,-0.65387,-0.184619,-0.184619,Uniswap V3 -> SushiSwap V2,99.815381,-0.184619,-0.184619,False
26011778,2026-09-19 13:11:59+00:00,500.0,2635.199143522907,2641.417072362232,6.217928839325078,6.217928839325078,0.23595669627505048,Uniswap V3,SushiSwap V2,-4.653348,-0.9306696,-2.316208,-0.4632416,Uniswap V3 -> SushiSwap V2,497.683792,-2.316208,-0.4632416,False
26011778,2026-09-19 13:11:59+00:00,1000.0,2635.199143522907,2641.417072362232,6.217928839325078,6.217928839325078,0.23595669627505048,Uniswap V3,SushiSwap V2,-12.74508,-1.274508,-8.093406,-0.8093406,Uniswap V3 -> SushiSwap V2,991.906594,-8.093406,-0.8093406,False
26011778,2026-09-19 13:11:59+00:00,5000.0,2635.199143522907,2641.417072362232,6.217928839325078,6.217928839325078,0.23595669627505048,Uniswap V3,SushiSwap V2,-197.080747,-3.94161494,-174.691566,-3.49383132,Uniswap V3 -> SushiSwap V2,4825.308434,-174.691566,-3.49383132,False
26011778,2026-09-19 13:11:59+00:00,10000.0,2635.199143522907,2641.417072362232,6.217928839325078,6.217928839325078,0.23595669627505048,Uniswap V3,SushiSwap V2,-707.946961,-7.07946961,-665.179496,-6.65179496,Uniswap V3 -> SushiSwap V2,9334.820504,-665.179496,-6.65179496,False
26011779,2026-09-19 13:12:11+00:00,100.0,2635.1963237045757,2641.417072362232,6.220748657656529,6.220748657656529,0.23606395476870434,Uniswap V3,SushiSwap V2,-0.653976,-0.653976,-0.184512,-0.184512,Uniswap V3 -> SushiSwap V2,99.815488,-0.184512,-0.184512,False
26011779,2026-09-19 13:12:11+00:00,500.0,2635.1963237045757,2641.417072362232,6.220748657656529,6.220748657656529,0.23606395476870434,Uniswap V3,SushiSwap V2,-4.653878,-0.9307756,-2.315677,-0.4631354,Uniswap V3 -> SushiSwap V2,497.684323,-2.315677,-0.4631354,False
26011779,2026-09-19 13:12:11+00:00,1000.0,2635.1963237045757,2641.417072362232,6.220748657656529,6.220748657656529,0.23606395476870434,Uniswap V3,SushiSwap V2,-12.746136,-1.2746136,-8.092352,-0.8092352,Uniswap V3 -> SushiSwap V2,991.907648,-8.092352,-0.8092352,False
26011779,2026-09-19 13:12:11+00:00,5000.0,2635.1963237045757,2641.417072362232,6.220748657656529,6.220748657656529,0.23606395476870434,Uniswap V3,SushiSwap V2,-197.085886,-3.94171772,-174.686577,-3.49373154,Uniswap V3 -> SushiSwap V2,4825.313423,-174.686577,-3.49373154,False
26011779,2026-09-19 13:12:11+00:00,10000.0,2635.1963237045757,2641.417072362232,6.220748657656529,6.220748657656529,0.23606395476870434,Uniswap V3,SushiSwap V2,-707.956904,-7.07956904,-665.170161,-6.65170161,Uniswap V3 -> SushiSwap V2,9334.829839,-665.170161,-6.65170161,False
26011780,2026-09-19 13:12:23+00:00,100.0,2635.178607992948,2641.417072362232,6.2384643692841895,6.2384643692841895,0.236737819226441,Uniswap V3,SushiSwap V2,-0.654644,-0.654644,-0.183842,-0.183842,Uniswap V3 -> SushiSwap V2,99.816158,-0.183842,-0.183842,False
26011780,2026-09-19 13:12:23+00:00,500.0,2635.178607992948,2641.417072362232,6.2384643692841895,6.2384643692841895,0.236737819226441,Uniswap V3,SushiSwap V2,-4.657208,-0.9314416,-2.312343,-0.4624686,Uniswap V3 -> SushiSwap V2,497.687657,-2.312343,-0.4624686,False
26011780,2026-09-19 13:12:23+00:00,1000.0,2635.178607992948,2641.417072362232,6.2384643692841895,6.2384643692841895,0.236737819226441,Uniswap V3,SushiSwap V2,-12.752773,-1.2752773,-8.08573,-0.808573,Uniswap V3 -> SushiSwap V2,991.91427,-8.08573,-0.808573,False
26011780,2026-09-19 13:12:23+00:00,5000.0,2635.178607992948,2641.417072362232,6.2384643692841895,6.2384643692841895,0.236737819226441,Uniswap V3,SushiSwap V2,-197.118175,-3.9423635,-174.655235,-3.4931047,Uniswap V3 -> SushiSwap V2,4825.344765,-174.655235,-3.4931047,False
26011780,2026-09-19 13:12:23+00:00,10000.0,2635.178607992948,2641.417072362232,6.2384643692841895,6.2384643692841895,0.236737819226441,Uniswap V3,SushiSwap V2,-708.01937,-7.0801937,-665.111511,-6.65111511,Uniswap V3 -> SushiSwap V2,9334.888489,-665.111511,-6.65111511,False
26011781,2026-09-19 13:12:35+00:00,100.0,2635.178607992948,2641.417072362232,6.2384643692841895,6.2384643692841895,0.236737819226441,Uniswap V3,SushiSwap V2,-0.654644,-0.654644,-0.183842,-0.183842,Uniswap V3 -> SushiSwap V2,99.816158,-0.183842,-0.183842,False
26011781,2026-09-19 13:12:35+00:00,500.0,2635.178607992948,2641.417072362232,6.2384643692841895,6.2384643692841895,0.236737819226441,Uniswap V3,SushiSwap V2,-4.657208,-0.9314416,-2.312343,-0.4624686,Uniswap V3 -> SushiSwap V2,497.687657,-2.312343,-0.4624686,False
26011781,2026-09-19 13:12:35+00:00,1000.0,2635.178607992948,2641.417072362232,6.2384643692841895,6.2384643692841895,0.236737819226441,Uniswap V3,SushiSwap V2,-12.752773,-1.2752773,-8.08573,-0.808573,Uniswap V3 -> SushiSwap V2,991.91427,-8.08573,-0.808573,False
26011781,2026-09-19 13:12:35+00:00,5000.0,2635.178607992948,2641.417072362232,6.2384643692841895,6.2384643692841895,0.236737819226441,Uniswap V3,SushiSwap V2,-197.118175,-3.9423635,-174.655235,-3.4931047,Uniswap V3 -> SushiSwap V2,4825.344765,-174.655235,-3.4931047,False
26011781,2026-09-19 13:12:35+00:00,10000.0,2635.178607992948,2641.417072362232,6.2384643692841895,6.2384643692841895,0.236737819226441,Uniswap V3,SushiSwap V2,-708.01937,-7.0801937,-665.111511,-6.65111511,Uniswap V3 -> SushiSwap V2,9334.888489,-665.111511,-6.65111511,False
26011782,2026-09-19 13:12:47+00:00,100.0,2634.7799200892473,2641.417072362232,6.637152272984684,6.637152272984684,0.25190537632303894,Uniswap V3,SushiSwap V2,-0.669675,-0.669675,-0.168748,-0.168748,Uniswap V3 -> SushiSwap V2,99.831252,-0.168748,-0.168748,False
26011782,2026-09-19 13:12:47+00:00,500.0,2634.7799200892473,2641.417072362232,6.637152272984684,6.637152272984684,0.25190537632303894,Uniswap V3,SushiSwap V2,-4.732151,-0.9464302,-2.237297,-0.4474594,Uniswap V3 -> SushiSwap V2,497.762703,-2.237297,-0.4474594,False
26011782,2026-09-19 13:12:47+00:00,1000.0,2634.7799200892473,2641.417072362232,6.637152272984684,6.637152272984684,0.25190537632303894,Uniswap V3,SushiSwap V2,-12.902138,-1.2902138,-7.936679,-0.7936679,Uniswap V3 -> SushiSwap V2,992.063321,-7.936679,-0.7936679,False
26011782,2026-09-19 13:12:47+00:00,5000.0,2634.7799200892473,2641.417072362232,6.637152272984684,6.637152272984684,0.25190537632303894,Uniswap V3,SushiSwap V2,-197.844816,-3.95689632,-173.949774,-3.47899548,Uniswap V3 -> SushiSwap V2,4826.050226,-173.949774,-3.47899548,False
26011782,2026-09-19 13:12:47+00:00,10000.0,2634.7799200892473,2641.417072362232,6.637152272984684,6.637152272984684,0.25190537632303894,Uniswap V3,SushiSwap V2,-709.425167,-7.09425167,-663.791409,-6.63791409,Uniswap V3 -> SushiSwap V2,9336.208591,-663.791409,-6.63791409,False
26011783,2026-09-19 13:12:59+00:00,100.0,2634.7799200892473,2641.417072362232,6.637152272984684,6.637152272984684,0.25190537632303894,Uniswap V3,SushiSwap V2,-0.669675,-0.669675,-0.168748,-0.168748,Uniswap V3 -> SushiSwap V2,99.831252,-0.168748,-0.168748,False
26011783,2026-09-19 13:12:59+00:00,500.0,2634.7799200892473,2641.417072362232,6.637152272984684,6.637152272984684,0.25190537632303894,Uniswap V3,SushiSwap V2,-4.732151,-0.9464302,-2.237297,-0.4474594,Uniswap V3 -> SushiSwap V2,497.762703,-2.237297,-0.4474594,False
26011783,2026-09-19 13:12:59+00:00,1000.0,2634.7799200892473,2641.417072362232,6.637152272984684,6.637152272984684,0.25190537632303894,Uniswap V3,SushiSwap V2,-12.902138,-1.2902138,-7.936679,-0.7936679,Uniswap V3 -> SushiSwap V2,992.063321,-7.936679,-0.7936679,False
26011783,2026-09-19 13:12:59+00:00,5000.0,2634.7799200892473,2641.417072362232,6.637152272984684,6.637152272984684,0.25190537632303894,Uniswap V3,SushiSwap V2,-197.844816,-3.95689632,-173.949774,-3.47899548,Uniswap V3 -> SushiSwap V2,4826.050226,-173.949774,-3.47899548,False
26011783,2026-09-19 13:12:59+00:00,10000.0,2634.7799200892473,2641.417072362232,6.637152272984684,6.637152272984684,0.25190537632303894,Uniswap V3,SushiSwap V2,-709.425167,-7.09425167,-663.791409,-6.63791409,Uniswap V3 -> SushiSwap V2,9336.208591,-663.791409,-6.63791409,False
26011784,2026-09-19 13:13:11+00:00,100.0,2635.6269828643494,2641.417072362232,5.790089497882637,5.790089497882637,0.21968546898051855,Uniswap V3,SushiSwap V2,-0.637741,-0.637741,-0.200811,-0.200811,Uniswap V3 -> SushiSwap V2,99.799189,-0.200811,-0.200811,False
26011784,2026-09-19 13:13:11+00:00,500.0,2635.6269828643494,2641.417072362232,5.790089497882637,5.790089497882637,0.21968546898051855,Uniswap V3,SushiSwap V2,-4.572926,-0.9145852,-2.396715,-0.479343,Uniswap V3 -> SushiSwap V2,497.603285,-2.396715,-0.479343,False
26011784,2026-09-19 13:13:11+00:00,1000.0,2635.6269828643494,2641.417072362232,5.790089497882637,5.790089497882637,0.21968546898051855,Uniswap V3,SushiSwap V2,-12.584794,-1.2584794,-8.253302,-0.8253302,Uniswap V3 -> SushiSwap V2,991.746698,-8.253302,-0.8253302,False
26011784,2026-09-19 13:13:11+00:00,5000.0,2635.6269828643494,2641.417072362232,5.790089497882637,5.790089497882637,0.21968546898051855,Uniswap V3,SushiSwap V2,-196.300974,-3.92601948,-175.448368,-3.50896736,Uniswap V3 -> SushiSwap V2,4824.551632,-175.448368,-3.50896736,False
26011784,2026-09-19 13:13:11+00:00,10000.0,2635.6269828643494,2641.417072362232,5.790089497882637,5.790089497882637,0.21968546898051855,Uniswap V3,SushiSwap V2,-706.438375,-7.06438375,-666.595686,-6.66595686,Uniswap V3 -> SushiSwap V2,9333.404314,-666.595686,-6.66595686,False
26011785,2026-09-19 13:13:23+00:00,100.0,2635.6269828643494,2641.417072362232,5.790089497882637,5.790089497882637,0.21968546898051855,Uniswap V3,SushiSwap V2,-0.637741,-0.637741,-0.200811,-0.200811,Uniswap V3 -> SushiSwap V2,99.799189,-0.200811,-0.200811,False
26011785,2026-09-19 13:13:23+00:00,500.0,2635.6269828643494,2641.417072362232,5.790089497882637,5.790089497882637,0.21968546898051855,Uniswap V3,SushiSwap V2,-4.572926,-0.9145852,-2.396715,-0.479343,Uniswap V3 -> SushiSwap V2,497.603285,-2.396715,-0.479343,False
26011785,2026-09-19 13:13:23+00:00,1000.0,2635.6269828643494,2641.417072362232,5.790089497882637,5.790089497882637,0.21968546898051855,Uniswap V3,SushiSwap V2,-12.584794,-1.2584794,-8.253302,-0.8253302,Uniswap V3 -> SushiSwap V2,991.746698,-8.253302,-0.8253302,False
26011785,2026-09-19 13:13:23+00:00,5000.0,2635.6269828643494,2641.417072362232,5.790089497882637,5.790089497882637,0.21968546898051855,Uniswap V3,SushiSwap V2,-196.300974,-3.92601948,-175.448368,-3.50896736,Uniswap V3 -> SushiSwap V2,4824.551632,-175.448368,-3.50896736,False
26011785,2026-09-19 13:13:23+00:00,10000.0,2635.6269828643494,2641.417072362232,5.790089497882637,5.790089497882637,0.21968546898051855,Uniswap V3,SushiSwap V2,-706.438375,-7.06438375,-666.595686,-6.66595686,Uniswap V3 -> SushiSwap V2,9333.404314,-666.595686,-6.66595686,False
26011786,2026-09-19 13:13:47+00:00,100.0,2635.9204627988624,2641.417072362232,5.496609563369538,5.496609563369538,0.20852714036496953,Uniswap V3,SushiSwap V2,-0.626677,-0.626677,-0.211914,-0.211914,Uniswap V3 -> SushiSwap V2,99.788086,-0.211914,-0.211914,False
26011786,2026-09-19 13:13:47+00:00,500.0,2635.9204627988624,2641.417072362232,5.496609563369538,5.496609563369538,0.20852714036496953,Uniswap V3,SushiSwap V2,-4.51776,-0.903552,-2.451924,-0.4903848,Uniswap V3 -> SushiSwap V2,497.548076,-2.451924,-0.4903848,False
26011786,2026-09-19 13:13:47+00:00,1000.0,2635.9204627988624,2641.417072362232,5.496609563369538,5.496609563369538,0.20852714036496953,Uniswap V3,SushiSwap V2,-12.474844,-1.2474844,-8.362954,-0.8362954,Uniswap V3 -> SushiSwap V2,991.637046,-8.362954,-0.8362954,False
26011786,2026-09-19 13:13:47+00:00,5000.0,2635.9204627988624,2641.417072362232,5.496609563369538,5.496609563369538,0.20852714036496953,Uniswap V3,SushiSwap V2,-195.766083,-3.91532166,-175.967367,-3.51934734,Uniswap V3 -> SushiSwap V2,4824.032633,-175.967367,-3.51934734,False
26011786,2026-09-19 13:13:47+00:00,10000.0,2635.9204627988624,2641.417072362232,5.496609563369538,5.496609563369538,0.20852714036496953,Uniswap V3,SushiSwap V2,-705.403548,-7.05403548,-667.566879,-6.67566879,Uniswap V3 -> SushiSwap V2,9332.433121,-667.566879,-6.67566879,False
26011787,2026-09-19 13:13:59+00:00,100.0,2635.983692762439,2641.417072362232,5.43337959979276,5.43337959979276,0.2061234147506704,Uniswap V3,SushiSwap V2,-0.624293,-0.624293,-0.214306,-0.214306,Uniswap V3 -> SushiSwap V2,99.785694,-0.214306,-0.214306,False
26011787,2026-09-19 13:13:59+00:00,500.0,2635.983692762439,2641.417072362232,5.43337959979276,5.43337959979276,0.2061234147506704,Uniswap V3,SushiSwap V2,-4.505874,-0.9011748,-2.463817,-0.4927634,Uniswap V3 -> SushiSwap V2,497.536183,-2.463817,-0.4927634,False
26011787,2026-09-19 13:13:59+00:00,1000.0,2635.983692762439,2641.417072362232,5.43337959979276,5.43337959979276,0.2061234147506704,Uniswap V3,SushiSwap V2,-12.451156,-1.2451156,-8.386575,-0.8386575,Uniswap V3 -> SushiSwap V2,991.613425,-8.386575,-0.8386575,False
26011787,2026-09-19 13:13:59+00:00,5000.0,2635.983692762439,2641.417072362232,5.43337959979276,5.43337959979276,0.2061234147506704,Uniswap V3,SushiSwap V2,-195.650841,-3.91301682,-176.079166,-3.52158332,Uniswap V3 -> SushiSwap V2,4823.920834,-176.079166,-3.52158332,False
26011787,2026-09-19 13:13:59+00:00,10000.0,2635.983692762439,2641.417072362232,5.43337959979276,5.43337959979276,0.2061234147506704,Uniswap V3,SushiSwap V2,-705.180595,-7.05180595,-667.77609,-6.6777609,Uniswap V3 -> SushiSwap V2,9332.22391,-667.77609,-6.6777609,False
26011788,2026-09-19 13:14:11+00:00,100.0,2635.983692762439,2641.417072362232,5.43337959979276,5.43337959979276,0.2061234147506704,Uniswap V3,SushiSwap V2,-0.624293,-0.624293,-0.214306,-0.214306,Uniswap V3 -> SushiSwap V2,99.785694,-0.214306,-0.214306,False
26011788,2026-09-19 13:14:11+00:00,500.0,2635.983692762439,2641.417072362232,5.43337959979276,5.43337959979276,0.2061234147506704,Uniswap V3,SushiSwap V2,-4.505874,-0.9011748,-2.463817,-0.4927634,Uniswap V3 -> SushiSwap V2,497.536183,-2.463817,-0.4927634,False
26011788,2026-09-19 13:14:11+00:00,1000.0,2635.983692762439,2641.417072362232,5.43337959979276,5.43337959979276,0.2061234147506704,Uniswap V3,SushiSwap V2,-12.451156,-1.2451156,-8.386575,-0.8386575,Uniswap V3 -> SushiSwap V2,991.613425,-8.386575,-0.8386575,False
26011788,2026-09-19 13:14:11+00:00,5000.0,2635.983692762439,2641.417072362232,5.43337959979276,5.43337959979276,0.2061234147506704,Uniswap V3,SushiSwap V2,-195.650841,-3.91301682,-176.079166,-3.52158332,Uniswap V3 -> SushiSwap V2,4823.920834,-176.079166,-3.52158332,False
26011788,2026-09-19 13:14:11+00:00,10000.0,2635.983692762439,2641.417072362232,5.43337959979276,5.43337959979276,0.2061234147506704,Uniswap V3,SushiSwap V2,-705.180595,-7.05180595,-667.77609,-6.6777609,Uniswap V3 -> SushiSwap V2,9332.22391,-667.77609,-6.6777609,False
26011789,2026-09-19 13:14:23+00:00,100.0,2635.983692762439,2641.417072362232,5.43337959979276,5.43337959979276,0.2061234147506704,Uniswap V3,SushiSwap V2,-0.624293,-0.624293,-0.214306,-0.214306,Uniswap V3 -> SushiSwap V2,99.785694,-0.214306,-0.214306,False
26011789,2026-09-19 13:14:23+00:00,500.0,2635.983692762439,2641.417072362232,5.43337959979276,5.43337959979276,0.2061234147506704,Uniswap V3,SushiSwap V2,-4.505874,-0.9011748,-2.463817,-0.4927634,Uniswap V3 -> SushiSwap V2,497.536183,-2.463817,-0.4927634,False
26011789,2026-09-19 13:14:23+00:00,1000.0,2635.983692762439,2641.417072362232,5.43337959979276,5.43337959979276,0.2061234147506704,Uniswap V3,SushiSwap V2,-12.451156,-1.2451156,-8.386575,-0.8386575,Uniswap V3 -> SushiSwap V2,991.613425,-8.386575,-0.8386575,False
26011789,2026-09-19 13:14:23+00:00,5000.0,2635.983692762439,2641.417072362232,5.43337959979276,5.43337959979276,0.2061234147506704,Uniswap V3,SushiSwap V2,-195.650841,-3.91301682,-176.079166,-3.52158332,Uniswap V3 -> SushiSwap V2,4823.920834,-176.079166,-3.52158332,False
26011789,2026-09-19 13:14:23+00:00,10000.0,2635.983692762439,2641.417072362232,5.43337959979276,5.43337959979276,0.2061234147506704,Uniswap V3,SushiSwap V2,-705.180595,-7.05180595,-667.77609,-6.6777609,Uniswap V3 -> SushiSwap V2,9332.22391,-667.77609,-6.6777609,False
26011790,2026-09-19 13:14:35+00:00,100.0,2635.983692762439,2641.417072362232,5.43337959979276,5.43337959979276,0.2061234147506704,Uniswap V3,SushiSwap V2,-0.624293,-0.624293,-0.214306,-0.214306,Uniswap V3 -> SushiSwap V2,99.785694,-0.214306,-0.214306,False
26011790,2026-09-19 13:14:35+00:00,500.0,2635.983692762439,2641.417072362232,5.43337959979276,5.43337959979276,0.2061234147506704,Uniswap V3,SushiSwap V2,-4.505874,-0.9011748,-2.463817,-0.4927634,Uniswap V3 -> SushiSwap V2,497.536183,-2.463817,-0.4927634,False
26011790,2026-09-19 13:14:35+00:00,1000.0,2635.983692762439,2641.417072362232,5.43337959979276,5.43337959979276,0.2061234147506704,Uniswap V3,SushiSwap V2,-12.451156,-1.2451156,-8.386575,-0.8386575,Uniswap V3 -> SushiSwap V2,991.613425,-8.386575,-0.8386575,False
26011790,2026-09-19 13:14:35+00:00,5000.0,2635.983692762439,2641.417072362232,5.43337959979276,5.43337959979276,0.2061234147506704,Uniswap V3,SushiSwap V2,-195.650841,-3.91301682,-176.079166,-3.52158332,Uniswap V3 -> SushiSwap V2,4823.920834,-176.079166,-3.52158332,False
26011790,2026-09-19 13:14:35+00:00,10000.0,2635.983692762439,2641.417072362232,5.43337959979276,5.43337959979276,0.2061234147506704,Uniswap V3,SushiSwap V2,-705.180595,-7.05180595,-667.77609,-6.6777609,Uniswap V3 -> SushiSwap V2,9332.22391,-667.77609,-6.6777609,False
26011791,2026-09-19 13:14:47+00:00,100.0,2635.983692762439,2641.417072362232,5.43337959979276,5.43337959979276,0.2061234147506704,Uniswap V3,SushiSwap V2,-0.624293,-0.624293,-0.214306,-0.214306,Uniswap V3 -> SushiSwap V2,99.785694,-0.214306,-0.214306,False
26011791,2026-09-19 13:14:47+00:00,500.0,2635.983692762439,2641.417072362232,5.43337959979276,5.43337959979276,0.2061234147506704,Uniswap V3,SushiSwap V2,-4.505874,-0.9011748,-2.463817,-0.4927634,Uniswap V3 -> SushiSwap V2,497.536183,-2.463817,-0.4927634,False
26011791,2026-09-19 13:14:47+00:00,1000.0,2635.983692762439,2641.417072362232,5.43337959979276,5.43337959979276,0.2061234147506704,Uniswap V3,SushiSwap V2,-12.451156,-1.2451156,-8.386575,-0.8386575,Uniswap V3 -> SushiSwap V2,991.613425,-8.386575,-0.8386575,False
26011791,2026-09-19 13:14:47+00:00,5000.0,2635.983692762439,2641.417072362232,5.43337959979276,5.43337959979276,0.2061234147506704,Uniswap V3,SushiSwap V2,-195.650841,-3.91301682,-176.079166,-3.52158332,Uniswap V3 -> SushiSwap V2,4823.920834,-176.079166,-3.52158332,False
26011791,2026-09-19 13:14:47+00:00,10000.0,2635.983692762439,2641.417072362232,5.43337959979276,5.43337959979276,0.2061234147506704,Uniswap V3,SushiSwap V2,-705.180595,-7.05180595,-667.77609,-6.6777609,Uniswap V3 -> SushiSwap V2,9332.22391,-667.77609,-6.6777609,False
26011792,2026-09-19 13:14:59+00:00,100.0,2635.983692762439,2641.417072362232,5.43337959979276,5.43337959979276,0.2061234147506704,Uniswap V3,SushiSwap V2,-0.624293,-0.624293,-0.214306,-0.214306,Uniswap V3 -> SushiSwap V2,99.785694,-0.214306,-0.214306,False
26011792,2026-09-19 13:14:59+00:00,500.0,2635.983692762439,2641.417072362232,5.43337959979276,5.43337959979276,0.2061234147506704,Uniswap V3,SushiSwap V2,-4.505874,-0.9011748,-2.463817,-0.4927634,Uniswap V3 -> SushiSwap V2,497.536183,-2.463817,-0.4927634,False
26011792,2026-09-19 13:14:59+00:00,1000.0,2635.983692762439,2641.417072362232,5.43337959979276,5.43337959979276,0.2061234147506704,Uniswap V3,SushiSwap V2,-12.451156,-1.2451156,-8.386575,-0.8386575,Uniswap V3 -> SushiSwap V2,991.613425,-8.386575,-0.8386575,False
26011792,2026-09-19 13:14:59+00:00,5000.0,2635.983692762439,2641.417072362232,5.43337959979276,5.43337959979276,0.2061234147506704,Uniswap V3,SushiSwap V2,-195.650841,-3.91301682,-176.079166,-3.52158332,Uniswap V3 -> SushiSwap V2,4823.920834,-176.079166,-3.52158332,False
26011792,2026-09-19 13:14:59+00:00,10000.0,2635.983692762439,2641.417072362232,5.43337959979276,5.43337959979276,0.2061234147506704,Uniswap V3,SushiSwap V2,-705.180595,-7.05180595,-667.77609,-6.6777609,Uniswap V3 -> SushiSwap V2,9332.22391,-667.77609,-6.6777609,False
26011793,2026-09-19 13:15:11+00:00,100.0,2636.714877845221,2641.417072362232,4.702194517010912,4.702194517010912,0.17833534283591726,Uniswap V3,SushiSwap V2,-0.596727,-0.596727,-0.241958,-0.241958,Uniswap V3 -> SushiSwap V2,99.758042,-0.241958,-0.241958,False
26011793,2026-09-19 13:15:11+00:00,500.0,2636.714877845221,2641.417072362232,4.702194517010912,4.702194517010912,0.17833534283591726,Uniswap V3,SushiSwap V2,-4.368431,-0.8736862,-2.601308,-0.5202616,Uniswap V3 -> SushiSwap V2,497.398692,-2.601308,-0.5202616,False
26011793,2026-09-19 13:15:11+00:00,1000.0,2636.714877845221,2641.417072362232,4.702194517010912,4.702194517010912,0.17833534283591726,Uniswap V3,SushiSwap V2,-12.177224,-1.2177224,-8.659648,-0.8659648,Uniswap V3 -> SushiSwap V2,991.340352,-8.659648,-0.8659648,False
26011793,2026-09-19 13:15:11+00:00,5000.0,2636.714877845221,2641.417072362232,4.702194517010912,4.702194517010912,0.17833534283591726,Uniswap V3,SushiSwap V2,-194.318193,-3.88636386,-177.371668,-3.54743336,Uniswap V3 -> SushiSwap V2,4822.628332,-177.371668,-3.54743336,False
26011793,2026-09-19 13:15:11+00:00,10000.0,2636.714877845221,2641.417072362232,4.702194517010912,4.702194517010912,0.17833534283591726,Uniswap V3,SushiSwap V2,-702.602384,-7.02602384,-670.194778,-6.70194778,Uniswap V3 -> SushiSwap V2,9329.805222,-670.194778,-6.70194778,False
26011794,2026-09-19 13:15:23+00:00,100.0,2636.7996567545765,2641.417072362232,4.6174156076552855,4.6174156076552855,0.17511438898389758,Uniswap V3,SushiSwap V2,-0.593531,-0.593531,-0.245164,-0.245164,Uniswap V3 -> SushiSwap V2,99.754836,-0.245164,-0.245164,False
26011794,2026-09-19 13:15:23+00:00,500.0,2636.7996567545765,2641.417072362232,4.6174156076552855,4.6174156076552855,0.17511438898389758,Uniswap V3,SushiSwap V2,-4.352495,-0.870499,-2.617244,-0.5234488,Uniswap V3 -> SushiSwap V2,497.382756,-2.617244,-0.5234488,False
26011794,2026-09-19 13:15:23+00:00,1000.0,2636.7996567545765,2641.417072362232,4.6174156076552855,4.6174156076552855,0.17511438898389758,Uniswap V3,SushiSwap V2,-12.145462,-1.2145462,-8.691301,-0.8691301,Uniswap V3 -> SushiSwap V2,991.308699,-8.691301,-0.8691301,False
26011794,2026-09-19 13:15:23+00:00,5000.0,2636.7996567545765,2641.417072362232,4.6174156076552855,4.6174156076552855,0.17511438898389758,Uniswap V3,SushiSwap V2,-194.163676,-3.88327352,-177.521485,-3.5504297,Uniswap V3 -> SushiSwap V2,4822.478515,-177.521485,-3.5504297,False
26011794,2026-09-19 13:15:23+00:00,10000.0,2636.7996567545765,2641.417072362232,4.6174156076552855,4.6174156076552855,0.17511438898389758,Uniswap V3,SushiSwap V2,-702.303449,-7.02303449,-670.475137,-6.70475137,Uniswap V3 -> SushiSwap V2,9329.524863,-670.475137,-6.70475137,False
26011795,2026-09-19 13:15:35+00:00,100.0,2636.7996567545765,2641.417072362232,4.6174156076552855,4.6174156076552855,0.17511438898389758,Uniswap V3,SushiSwap V2,-0.593531,-0.593531,-0.245164,-0.245164,Uniswap V3 -> SushiSwap V2,99.754836,-0.245164,-0.245164,False
26011795,2026-09-19 13:15:35+00:00,500.0,2636.7996567545765,2641.417072362232,4.6174156076552855,4.6174156076552855,0.17511438898389758,Uniswap V3,SushiSwap V2,-4.352495,-0.870499,-2.617244,-0.5234488,Uniswap V3 -> SushiSwap V2,497.382756,-2.617244,-0.5234488,False
26011795,2026-09-19 13:15:35+00:00,1000.0,2636.7996567545765,2641.417072362232,4.6174156076552855,4.6174156076552855,0.17511438898389758,Uniswap V3,SushiSwap V2,-12.145462,-1.2145462,-8.691301,-0.8691301,Uniswap V3 -> SushiSwap V2,991.308699,-8.691301,-0.8691301,False
26011795,2026-09-19 13:15:35+00:00,5000.0,2636.7996567545765,2641.417072362232,4.6174156076552855,4.6174156076552855,0.17511438898389758,Uniswap V3,SushiSwap V2,-194.163676,-3.88327352,-177.521485,-3.5504297,Uniswap V3 -> SushiSwap V2,4822.478515,-177.521485,-3.5504297,False
26011795,2026-09-19 13:15:35+00:00,10000.0,2636.7996567545765,2641.417072362232,4.6174156076552855,4.6174156076552855,0.17511438898389758,Uniswap V3,SushiSwap V2,-702.303449,-7.02303449,-670.475137,-6.70475137,Uniswap V3 -> SushiSwap V2,9329.524863,-670.475137,-6.70475137,False
26011796,2026-09-19 13:15:47+00:00,100.0,2636.7996567545765,2641.417072362232,4.6174156076552855,4.6174156076552855,0.17511438898389758,Uniswap V3,SushiSwap V2,-0.593531,-0.593531,-0.245164,-0.245164,Uniswap V3 -> SushiSwap V2,99.754836,-0.245164,-0.245164,False
26011796,2026-09-19 13:15:47+00:00,500.0,2636.7996567545765,2641.417072362232,4.6174156076552855,4.6174156076552855,0.17511438898389758,Uniswap V3,SushiSwap V2,-4.352495,-0.870499,-2.617244,-0.5234488,Uniswap V3 -> SushiSwap V2,497.382756,-2.617244,-0.5234488,False
26011796,2026-09-19 13:15:47+00:00,1000.0,2636.7996567545765,2641.417072362232,4.6174156076552855,4.6174156076552855,0.17511438898389758,Uniswap V3,SushiSwap V2,-12.145462,-1.2145462,-8.691301,-0.8691301,Uniswap V3 -> SushiSwap V2,991.308699,-8.691301,-0.8691301,False
26011796,2026-09-19 13:15:47+00:00,5000.0,2636.7996567545765,2641.417072362232,4.6174156076552855,4.6174156076552855,0.17511438898389758,Uniswap V3,SushiSwap V2,-194.163676,-3.88327352,-177.521485,-3.5504297,Uniswap V3 -> SushiSwap V2,4822.478515,-177.521485,-3.5504297,False
26011796,2026-09-19 13:15:47+00:00,10000.0,2636.7996567545765,2641.417072362232,4.6174156076552855,4.6174156076552855,0.17511438898389758,Uniswap V3,SushiSwap V2,-702.303449,-7.02303449,-670.475137,-6.70475137,Uniswap V3 -> SushiSwap V2,9329.524863,-670.475137,-6.70475137,False
26011797,2026-09-19 13:15:59+00:00,100.0,2637.0184806356588,2641.417072362232,4.398591726573351,4.398591726573351,0.16680170271362912,Uniswap V3,SushiSwap V2,-0.585282,-0.585282,-0.253436,-0.253436,Uniswap V3 -> SushiSwap V2,99.746564,-0.253436,-0.253436,False
26011797,2026-09-19 13:15:59+00:00,500.0,2637.0184806356588,2641.417072362232,4.398591726573351,4.398591726573351,0.16680170271362912,Uniswap V3,SushiSwap V2,-4.311362,-0.8622724,-2.658374,-0.5316748,Uniswap V3 -> SushiSwap V2,497.341626,-2.658374,-0.5316748,False
26011797,2026-09-19 13:15:59+00:00,1000.0,2637.0184806356588,2641.417072362232,4.398591726573351,4.398591726573351,0.16680170271362912,Uniswap V3,SushiSwap V2,-12.063482,-1.2063482,-8.772989,-0.8772989,Uniswap V3 -> SushiSwap V2,991.227011,-8.772989,-0.8772989,False
26011797,2026-09-19 13:15:59+00:00,5000.0,2637.0184806356588,2641.417072362232,4.398591726573351,4.398591726573351,0.16680170271362912,Uniswap V3,SushiSwap V2,-193.764852,-3.87529704,-177.908137,-3.55816274,Uniswap V3 -> SushiSwap V2,4822.091863,-177.908137,-3.55816274,False
26011797,2026-09-19 13:15:59+00:00,10000.0,2637.0184806356588,2641.417072362232,4.398591726573351,4.398591726573351,0.16680170271362912,Uniswap V3,SushiSwap V2,-701.531863,-7.01531863,-671.198697,-6.71198697,Uniswap V3 -> SushiSwap V2,9328.801303,-671.198697,-6.71198697,False
26011798,2026-09-19 13:16:11+00:00,100.0,2637.041094730566,2641.417072362232,4.375977631666334,4.375977631666334,0.16594271664596266,Uniswap V3,SushiSwap V2,-0.584429,-0.584429,-0.25429,-0.25429,Uniswap V3 -> SushiSwap V2,99.74571,-0.25429,-0.25429,False
26011798,2026-09-19 13:16:11+00:00,500.0,2637.041094730566,2641.417072362232,4.375977631666334,4.375977631666334,0.16594271664596266,Uniswap V3,SushiSwap V2,-4.307111,-0.8614222,-2.662624,-0.5325248,Uniswap V3 -> SushiSwap V2,497.337376,-2.662624,-0.5325248,False
26011798,2026-09-19 13:16:11+00:00,1000.0,2637.041094730566,2641.417072362232,4.375977631666334,4.375977631666334,0.16594271664596266,Uniswap V3,SushiSwap V2,-12.05501,-1.205501,-8.781431,-0.8781431,Uniswap V3 -> SushiSwap V2,991.218569,-8.781431,-0.8781431,False
26011798,2026-09-19 13:16:11+00:00,5000.0,2637.041094730566,2641.417072362232,4.375977631666334,4.375977631666334,0.16594271664596266,Uniswap V3,SushiSwap V2,-193.723636,-3.87447272,-177.948092,-3.55896184,Uniswap V3 -> SushiSwap V2,4822.051908,-177.948092,-3.55896184,False
26011798,2026-09-19 13:16:11+00:00,10000.0,2637.041094730566,2641.417072362232,4.375977631666334,4.375977631666334,0.16594271664596266,Uniswap V3,SushiSwap V2,-701.452125,-7.01452125,-671.273466,-6.71273466,Uniswap V3 -> SushiSwap V2,9328.726534,-671.273466,-6.71273466,False
26011799,2026-09-19 13:16:23+00:00,100.0,2637.6849313050743,2641.417072362232,3.7321410571575457,3.7321410571575457,0.14149305752415833,Uniswap V3,SushiSwap V2,-0.560157,-0.560157,-0.27862,-0.27862,Uniswap V3 -> SushiSwap V2,99.72138,-0.27862,-0.27862,False
26011799,2026-09-19 13:16:23+00:00,500.0,2637.6849313050743,2641.417072362232,3.7321410571575457,3.7321410571575457,0.14149305752415833,Uniswap V3,SushiSwap V2,-4.186087,-0.8372174,-2.783597,-0.5567194,Uniswap V3 -> SushiSwap V2,497.216403,-2.783597,-0.5567194,False
26011799,2026-09-19 13:16:23+00:00,1000.0,2637.6849313050743,2641.417072362232,3.7321410571575457,3.7321410571575457,0.14149305752415833,Uniswap V3,SushiSwap V2,-11.813802,-1.1813802,-9.021698,-0.9021698,Uniswap V3 -> SushiSwap V2,990.978302,-9.021698,-0.9021698,False
26011799,2026-09-19 13:16:23+00:00,5000.0,2637.6849313050743,2641.417072362232,3.7321410571575457,3.7321410571575457,0.14149305752415833,Uniswap V3,SushiSwap V2,-192.55019,-3.8510038,-179.085344,-3.58170688,Uniswap V3 -> SushiSwap V2,4820.914656,-179.085344,-3.58170688,False
26011799,2026-09-19 13:16:23+00:00,10000.0,2637.6849313050743,2641.417072362232,3.7321410571575457,3.7321410571575457,0.14149305752415833,Uniswap V3,SushiSwap V2,-699.18192,-6.9918192,-673.401683,-6.73401683,Uniswap V3 -> SushiSwap V2,9326.598317,-673.401683,-6.73401683,False
26011800,2026-09-19 13:16:35+00:00,100.0,2637.750295173406,2641.417072362232,3.6667771888261473,3.6667771888261473,0.13901153553221735,Uniswap V3,SushiSwap V2,-0.557692,-0.557692,-0.28109,-0.28109,Uniswap V3 -> SushiSwap V2,99.71891,-0.28109,-0.28109,False
26011800,2026-09-19 13:16:35+00:00,500.0,2637.750295173406,2641.417072362232,3.6667771888261473,3.6667771888261473,0.13901153553221735,Uniswap V3,SushiSwap V2,-4.173801,-0.8347602,-2.795875,-0.559175,Uniswap V3 -> SushiSwap V2,497.204125,-2.795875,-0.559175,False
26011800,2026-09-19 13:16:35+00:00,1000.0,2637.750295173406,2641.417072362232,3.6667771888261473,3.6667771888261473,0.13901153553221735,Uniswap V3,SushiSwap V2,-11.789314,-1.1789314,-9.046084,-0.9046084,Uniswap V3 -> SushiSwap V2,990.953916,-9.046084,-0.9046084,False
26011800,2026-09-19 13:16:35+00:00,5000.0,2637.750295173406,2641.417072362232,3.6667771888261473,3.6667771888261473,0.13901153553221735,Uniswap V3,SushiSwap V2,-192.431059,-3.84862118,-179.200771,-3.58401542,Uniswap V3 -> SushiSwap V2,4820.799229,-179.200771,-3.58401542,False
26011800,2026-09-19 13:16:35+00:00,10000.0,2637.750295173406,2641.417072362232,3.6667771888261473,3.6667771888261473,0.13901153553221735,Uniswap V3,SushiSwap V2,-698.951444,-6.98951444,-673.617691,-6.73617691,Uniswap V3 -> SushiSwap V2,9326.382309,-673.617691,-6.73617691,False
26011801,2026-09-19 13:16:47+00:00,100.0,2637.7484113477276,2641.417072362232,3.6686610145046448,3.6686610145046448,0.13908305275521649,Uniswap V3,SushiSwap V2,-0.557764,-0.557764,-0.281019,-0.281019,Uniswap V3 -> SushiSwap V2,99.718981,-0.281019,-0.281019,False
26011801,2026-09-19 13:16:47+00:00,500.0,2637.7484113477276,2641.417072362232,3.6686610145046448,3.6686610145046448,0.13908305275521649,Uniswap V3,SushiSwap V2,-4.174155,-0.834831,-2.795521,-0.5591042,Uniswap V3 -> SushiSwap V2,497.204479,-2.795521,-0.5591042,False
26011801,2026-09-19 13:16:47+00:00,1000.0,2637.7484113477276,2641.417072362232,3.6686610145046448,3.6686610145046448,0.13908305275521649,Uniswap V3,SushiSwap V2,-11.79002,-1.179002,-9.045381,-0.9045381,Uniswap V3 -> SushiSwap V2,990.954619,-9.045381,-0.9045381,False
26011801,2026-09-19 13:16:47+00:00,5000.0,2637.7484113477276,2641.417072362232,3.6686610145046448,3.6686610145046448,0.13908305275521649,Uniswap V3,SushiSwap V2,-192.434493,-3.84868986,-179.197444,-3.58394888,Uniswap V3 -> SushiSwap V2,4820.802556,-179.197444,-3.58394888,False
26011801,2026-09-19 13:16:47+00:00,10000.0,2637.7484113477276,2641.417072362232,3.6686610145046448,3.6686610145046448,0.13908305275521649,Uniswap V3,SushiSwap V2,-698.958086,-6.98958086,-673.611465,-6.73611465,Uniswap V3 -> SushiSwap V2,9326.388535,-673.611465,-6.73611465,False
26011802,2026-09-19 13:16:59+00:00,100.0,2637.7484113477276,2641.417072362232,3.6686610145046448,3.6686610145046448,0.13908305275521649,Uniswap V3,SushiSwap V2,-0.557764,-0.557764,-0.281019,-0.281019,Uniswap V3 -> SushiSwap V2,99.718981,-0.281019,-0.281019,False
26011802,2026-09-19 13:16:59+00:00,500.0,2637.7484113477276,2641.417072362232,3.6686610145046448,3.6686610145046448,0.13908305275521649,Uniswap V3,SushiSwap V2,-4.174155,-0.834831,-2.795521,-0.5591042,Uniswap V3 -> SushiSwap V2,497.204479,-2.795521,-0.5591042,False
26011802,2026-09-19 13:16:59+00:00,1000.0,2637.7484113477276,2641.417072362232,3.6686610145046448,3.6686610145046448,0.13908305275521649,Uniswap V3,SushiSwap V2,-11.79002,-1.179002,-9.045381,-0.9045381,Uniswap V3 -> SushiSwap V2,990.954619,-9.045381,-0.9045381,False
26011802,2026-09-19 13:16:59+00:00,5000.0,2637.7484113477276,2641.417072362232,3.6686610145046448,3.6686610145046448,0.13908305275521649,Uniswap V3,SushiSwap V2,-192.434487,-3.84868974,-179.197438,-3.58394876,Uniswap V3 -> SushiSwap V2,4820.802562,-179.197438,-3.58394876,False
26011802,2026-09-19 13:16:59+00:00,10000.0,2637.7484113477276,2641.417072362232,3.6686610145046448,3.6686610145046448,0.13908305275521649,Uniswap V3,SushiSwap V2,-698.958063,-6.98958063,-673.611442,-6.73611442,Uniswap V3 -> SushiSwap V2,9326.388558,-673.611442,-6.73611442,False
26011803,2026-09-19 13:17:11+00:00,100.0,2638.256165994253,2641.417072362232,3.1609063679787983,3.1609063679787983,0.11981044178807326,Uniswap V3,SushiSwap V2,-0.538621,-0.538621,-0.300197,-0.300197,Uniswap V3 -> SushiSwap V2,99.699803,-0.300197,-0.300197,False
26011803,2026-09-19 13:17:11+00:00,500.0,2638.256165994253,2641.417072362232,3.1609063679787983,3.1609063679787983,0.11981044178807326,Uniswap V3,SushiSwap V2,-4.07871,-0.815742,-2.890879,-0.5781758,Uniswap V3 -> SushiSwap V2,497.109121,-2.890879,-0.5781758,False
26011803,2026-09-19 13:17:11+00:00,1000.0,2638.256165994253,2641.417072362232,3.1609063679787983,3.1609063679787983,0.11981044178807326,Uniswap V3,SushiSwap V2,-11.599794,-1.1599794,-9.234774,-0.9234774,Uniswap V3 -> SushiSwap V2,990.765226,-9.234774,-0.9234774,False
26011803,2026-09-19 13:17:11+00:00,5000.0,2638.256165994253,2641.417072362232,3.1609063679787983,3.1609063679787983,0.11981044178807326,Uniswap V3,SushiSwap V2,-191.509062,-3.83018124,-180.093899,-3.60187798,Uniswap V3 -> SushiSwap V2,4819.906101,-180.093899,-3.60187798,False
26011803,2026-09-19 13:17:11+00:00,10000.0,2638.256165994253,2641.417072362232,3.1609063679787983,3.1609063679787983,0.11981044178807326,Uniswap V3,SushiSwap V2,-697.167691,-6.97167691,-675.289077,-6.75289077,Uniswap V3 -> SushiSwap V2,9324.710923,-675.289077,-6.75289077,False
26011804,2026-09-19 13:17:23+00:00,100.0,2638.256165994253,2641.417072362232,3.1609063679787983,3.1609063679787983,0.11981044178807326,Uniswap V3,SushiSwap V2,-0.538621,-0.538621,-0.300197,-0.300197,Uniswap V3 -> SushiSwap V2,99.699803,-0.300197,-0.300197,False
26011804,2026-09-19 13:17:23+00:00,500.0,2638.256165994253,2641.417072362232,3.1609063679787983,3.1609063679787983,0.11981044178807326,Uniswap V3,SushiSwap V2,-4.07871,-0.815742,-2.890879,-0.5781758,Uniswap V3 -> SushiSwap V2,497.109121,-2.890879,-0.5781758,False
26011804,2026-09-19 13:17:23+00:00,1000.0,2638.256165994253,2641.417072362232,3.1609063679787983,3.1609063679787983,0.11981044178807326,Uniswap V3,SushiSwap V2,-11.599794,-1.1599794,-9.234774,-0.9234774,Uniswap V3 -> SushiSwap V2,990.765226,-9.234774,-0.9234774,False
26011804,2026-09-19 13:17:23+00:00,5000.0,2638.256165994253,2641.417072362232,3.1609063679787983,3.1609063679787983,0.11981044178807326,Uniswap V3,SushiSwap V2,-191.509062,-3.83018124,-180.093899,-3.60187798,Uniswap V3 -> SushiSwap V2,4819.906101,-180.093899,-3.60187798,False
26011804,2026-09-19 13:17:23+00:00,10000.0,2638.256165994253,2641.417072362232,3.1609063679787983,3.1609063679787983,0.11981044178807326,Uniswap V3,SushiSwap V2,-697.167691,-6.97167691,-675.289077,-6.75289077,Uniswap V3 -> SushiSwap V2,9324.710923,-675.289077,-6.75289077,False
26011805,2026-09-19 13:17:35+00:00,100.0,2638.256165994253,2641.417072362232,3.1609063679787983,3.1609063679787983,0.11981044178807326,Uniswap V3,SushiSwap V2,-0.538621,-0.538621,-0.300197,-0.300197,Uniswap V3 -> SushiSwap V2,99.699803,-0.300197,-0.300197,False
26011805,2026-09-19 13:17:35+00:00,500.0,2638.256165994253,2641.417072362232,3.1609063679787983,3.1609063679787983,0.11981044178807326,Uniswap V3,SushiSwap V2,-4.07871,-0.815742,-2.890879,-0.5781758,Uniswap V3 -> SushiSwap V2,497.109121,-2.890879,-0.5781758,False
26011805,2026-09-19 13:17:35+00:00,1000.0,2638.256165994253,2641.417072362232,3.1609063679787983,3.1609063679787983,0.11981044178807326,Uniswap V3,SushiSwap V2,-11.599794,-1.1599794,-9.234774,-0.9234774,Uniswap V3 -> SushiSwap V2,990.765226,-9.234774,-0.9234774,False
26011805,2026-09-19 13:17:35+00:00,10000.0,2638.256165994253,2641.417072362232,3.1609063679787983,3.1609063679787983,0.11981044178807326,Uniswap V3,SushiSwap V2,-697.167691,-6.97167691,-675.289077,-6.75289077,Uniswap V3 -> SushiSwap V2,9324.710923,-675.289077,-6.75289077,False
26011806,2026-09-19 13:17:47+00:00,100.0,2638.256165994253,2641.417072362232,3.1609063679787983,3.1609063679787983,0.11981044178807326,Uniswap V3,SushiSwap V2,-0.538621,-0.538621,-0.300197,-0.300197,Uniswap V3 -> SushiSwap V2,99.699803,-0.300197,-0.300197,False
26011806,2026-09-19 13:17:47+00:00,500.0,2638.256165994253,2641.417072362232,3.1609063679787983,3.1609063679787983,0.11981044178807326,Uniswap V3,SushiSwap V2,-4.07871,-0.815742,-2.890879,-0.5781758,Uniswap V3 -> SushiSwap V2,497.109121,-2.890879,-0.5781758,False
26011806,2026-09-19 13:17:47+00:00,1000.0,2638.256165994253,2641.417072362232,3.1609063679787983,3.1609063679787983,0.11981044178807326,Uniswap V3,SushiSwap V2,-11.599794,-1.1599794,-9.234774,-0.9234774,Uniswap V3 -> SushiSwap V2,990.765226,-9.234774,-0.9234774,False
26011806,2026-09-19 13:17:47+00:00,5000.0,2638.256165994253,2641.417072362232,3.1609063679787983,3.1609063679787983,0.11981044178807326,Uniswap V3,SushiSwap V2,-191.509062,-3.83018124,-180.093899,-3.60187798,Uniswap V3 -> SushiSwap V2,4819.906101,-180.093899,-3.60187798,False
26011806,2026-09-19 13:17:47+00:00,10000.0,2638.256165994253,2641.417072362232,3.1609063679787983,3.1609063679787983,0.11981044178807326,Uniswap V3,SushiSwap V2,-697.167691,-6.97167691,-675.289077,-6.75289077,Uniswap V3 -> SushiSwap V2,9324.710923,-675.289077,-6.75289077,False
26011807,2026-09-19 13:17:59+00:00,100.0,2638.2563597580893,2641.417072362232,3.160712604142871,3.160712604142871,0.1198030885987398,Uniswap V3,SushiSwap V2,-0.538614,-0.538614,-0.300204,-0.300204,Uniswap V3 -> SushiSwap V2,99.699796,-0.300204,-0.300204,False
26011807,2026-09-19 13:17:59+00:00,500.0,2638.2563597580893,2641.417072362232,3.160712604142871,3.160712604142871,0.1198030885987398,Uniswap V3,SushiSwap V2,-4.078674,-0.8157348,-2.890915,-0.578183,Uniswap V3 -> SushiSwap V2,497.109085,-2.890915,-0.578183,False
26011807,2026-09-19 13:17:59+00:00,1000.0,2638.2563597580893,2641.417072362232,3.160712604142871,3.160712604142871,0.1198030885987398,Uniswap V3,SushiSwap V2,-11.599722,-1.1599722,-9.234847,-0.9234847,Uniswap V3 -> SushiSwap V2,990.765153,-9.234847,-0.9234847,False
26011807,2026-09-19 13:17:59+00:00,5000.0,2638.2563597580893,2641.417072362232,3.160712604142871,3.160712604142871,0.1198030885987398,Uniswap V3,SushiSwap V2,-191.508709,-3.83017418,-180.094241,-3.60188482,Uniswap V3 -> SushiSwap V2,4819.905759,-180.094241,-3.60188482,False
26011807,2026-09-19 13:17:59+00:00,10000.0,2638.2563597580893,2641.417072362232,3.160712604142871,3.160712604142871,0.1198030885987398,Uniswap V3,SushiSwap V2,-697.167008,-6.97167008,-675.289717,-6.75289717,Uniswap V3 -> SushiSwap V2,9324.710283,-675.289717,-6.75289717,False
26011808,2026-09-19 13:18:11+00:00,100.0,2638.256357994655,2641.417072362232,3.1607143675768854,3.1607143675768854,0.11980315551970665,Uniswap V3,SushiSwap V2,-0.538614,-0.538614,-0.300204,-0.300204,Uniswap V3 -> SushiSwap V2,99.699796,-0.300204,-0.300204,False
26011808,2026-09-19 13:18:11+00:00,500.0,2638.256357994655,2641.417072362232,3.1607143675768854,3.1607143675768854,0.11980315551970665,Uniswap V3,SushiSwap V2,-4.078674,-0.8157348,-2.890915,-0.578183,Uniswap V3 -> SushiSwap V2,497.109085,-2.890915,-0.578183,False
26011808,2026-09-19 13:18:11+00:00,1000.0,2638.256357994655,2641.417072362232,3.1607143675768854,3.1607143675768854,0.11980315551970665,Uniswap V3,SushiSwap V2,-11.599723,-1.1599723,-9.234846,-0.9234846,Uniswap V3 -> SushiSwap V2,990.765154,-9.234846,-0.9234846,False
26011808,2026-09-19 13:18:11+00:00,5000.0,2638.256357994655,2641.417072362232,3.1607143675768854,3.1607143675768854,0.11980315551970665,Uniswap V3,SushiSwap V2,-191.508712,-3.83017424,-180.094238,-3.60188476,Uniswap V3 -> SushiSwap V2,4819.905762,-180.094238,-3.60188476,False
26011808,2026-09-19 13:18:11+00:00,10000.0,2638.256357994655,2641.417072362232,3.1607143675768854,3.1607143675768854,0.11980315551970665,Uniswap V3,SushiSwap V2,-697.167014,-6.97167014,-675.289711,-6.75289711,Uniswap V3 -> SushiSwap V2,9324.710289,-675.289711,-6.75289711,False
26011809,2026-09-19 13:18:23+00:00,100.0,2638.263995224127,2641.417072362232,3.15307713810507,3.15307713810507,0.11951332936403919,Uniswap V3,SushiSwap V2,-0.538326,-0.538326,-0.300493,-0.300493,Uniswap V3 -> SushiSwap V2,99.699507,-0.300493,-0.300493,False
26011809,2026-09-19 13:18:23+00:00,500.0,2638.263995224127,2641.417072362232,3.15307713810507,3.15307713810507,0.11951332936403919,Uniswap V3,SushiSwap V2,-4.077239,-0.8154478,-2.892349,-0.5784698,Uniswap V3 -> SushiSwap V2,497.107651,-2.892349,-0.5784698,False
26011809,2026-09-19 13:18:23+00:00,1000.0,2638.263995224127,2641.417072362232,3.15307713810507,3.15307713810507,0.11951332936403919,Uniswap V3,SushiSwap V2,-11.596861,-1.1596861,-9.237694,-0.9237694,Uniswap V3 -> SushiSwap V2,990.762306,-9.237694,-0.9237694,False
26011809,2026-09-19 13:18:23+00:00,5000.0,2638.263995224127,2641.417072362232,3.15307713810507,3.15307713810507,0.11951332936403919,Uniswap V3,SushiSwap V2,-191.494792,-3.82989584,-180.10772,-3.6021544,Uniswap V3 -> SushiSwap V2,4819.89228,-180.10772,-3.6021544,False
26011809,2026-09-19 13:18:23+00:00,10000.0,2638.263995224127,2641.417072362232,3.15307713810507,3.15307713810507,0.11951332936403919,Uniswap V3,SushiSwap V2,-697.140085,-6.97140085,-675.31494,-6.7531494,Uniswap V3 -> SushiSwap V2,9324.68506,-675.31494,-6.7531494,False
26011810,2026-09-19 13:18:35+00:00,100.0,2638.94171529169,2641.417072362232,2.475357070542095,2.475357070542095,0.09380112702748672,Uniswap V3,SushiSwap V2,-0.512777,-0.512777,-0.32608,-0.32608,Uniswap V3 -> SushiSwap V2,99.67392,-0.32608,-0.32608,False
26011810,2026-09-19 13:18:35+00:00,500.0,2638.94171529169,2641.417072362232,2.475357070542095,2.475357070542095,0.09380112702748672,Uniswap V3,SushiSwap V2,-3.949862,-0.7899724,-3.019585,-0.603917,Uniswap V3 -> SushiSwap V2,496.980415,-3.019585,-0.603917,False
26011810,2026-09-19 13:18:35+00:00,1000.0,2638.94171529169,2641.417072362232,2.475357070542095,2.475357070542095,0.09380112702748672,Uniswap V3,SushiSwap V2,-11.343024,-1.1343024,-9.490435,-0.9490435,Uniswap V3 -> SushiSwap V2,990.509565,-9.490435,-0.9490435,False
26011810,2026-09-19 13:18:35+00:00,5000.0,2638.94171529169,2641.417072362232,2.475357070542095,2.475357070542095,0.09380112702748672,Uniswap V3,SushiSwap V2,-190.261105,-3.8052221,-181.305258,-3.62610516,Uniswap V3 -> SushiSwap V2,4818.694742,-181.305258,-3.62610516,False
26011810,2026-09-19 13:18:35+00:00,10000.0,2638.94171529169,2641.417072362232,2.475357070542095,2.475357070542095,0.09380112702748672,Uniswap V3,SushiSwap V2,-694.75607,-6.9475607,-677.558889,-6.77558889,Uniswap V3 -> SushiSwap V2,9322.441111,-677.558889,-6.77558889,False
26011811,2026-09-19 13:18:47+00:00,100.0,2638.94171529169,2641.417072362232,2.475357070542095,2.475357070542095,0.09380112702748672,Uniswap V3,SushiSwap V2,-0.512777,-0.512777,-0.32608,-0.32608,Uniswap V3 -> SushiSwap V2,99.67392,-0.32608,-0.32608,False
26011811,2026-09-19 13:18:47+00:00,500.0,2638.94171529169,2641.417072362232,2.475357070542095,2.475357070542095,0.09380112702748672,Uniswap V3,SushiSwap V2,-3.949862,-0.7899724,-3.019585,-0.603917,Uniswap V3 -> SushiSwap V2,496.980415,-3.019585,-0.603917,False
26011811,2026-09-19 13:18:47+00:00,1000.0,2638.94171529169,2641.417072362232,2.475357070542095,2.475357070542095,0.09380112702748672,Uniswap V3,SushiSwap V2,-11.343024,-1.1343024,-9.490435,-0.9490435,Uniswap V3 -> SushiSwap V2,990.509565,-9.490435,-0.9490435,False
26011811,2026-09-19 13:18:47+00:00,5000.0,2638.94171529169,2641.417072362232,2.475357070542095,2.475357070542095,0.09380112702748672,Uniswap V3,SushiSwap V2,-190.261105,-3.8052221,-181.305258,-3.62610516,Uniswap V3 -> SushiSwap V2,4818.694742,-181.305258,-3.62610516,False
26011811,2026-09-19 13:18:47+00:00,10000.0,2638.94171529169,2641.417072362232,2.475357070542095,2.475357070542095,0.09380112702748672,Uniswap V3,SushiSwap V2,-694.75607,-6.9475607,-677.558889,-6.77558889,Uniswap V3 -> SushiSwap V2,9322.441111,-677.558889,-6.77558889,False
26011812,2026-09-19 13:18:59+00:00,100.0,2640.4199364220967,2641.417072362232,0.997135940135506,0.997135940135506,0.03776429371635013,Uniswap V3,SushiSwap V2,-0.457049,-0.457049,-0.381843,-0.381843,Uniswap V3 -> SushiSwap V2,99.618157,-0.381843,-0.381843,False
26011812,2026-09-19 13:18:59+00:00,500.0,2640.4199364220967,2641.417072362232,0.997135940135506,0.997135940135506,0.03776429371635013,Uniswap V3,SushiSwap V2,-3.671996,-0.7343992,-3.296848,-0.6593696,Uniswap V3 -> SushiSwap V2,496.703152,-3.296848,-0.6593696,False
26011812,2026-09-19 13:18:59+00:00,1000.0,2640.4199364220967,2641.417072362232,0.997135940135506,0.997135940135506,0.03776429371635013,Uniswap V3,SushiSwap V2,-10.789222,-1.0789222,-10.041117,-1.0041117,Uniswap V3 -> SushiSwap V2,989.958883,-10.041117,-1.0041117,False
26011812,2026-09-19 13:18:59+00:00,5000.0,2640.4199364220967,2641.417072362232,0.997135940135506,0.997135940135506,0.03776429371635013,Uniswap V3,SushiSwap V2,-187.566926,-3.75133852,-183.911911,-3.67823822,Uniswap V3 -> SushiSwap V2,4816.088089,-183.911911,-3.67823822,False
26011812,2026-09-19 13:18:59+00:00,10000.0,2640.4199364220967,2641.417072362232,0.997135940135506,0.997135940135506,0.03776429371635013,Uniswap V3,SushiSwap V2,-689.543783,-6.89543783,-682.437163,-6.82437163,Uniswap V3 -> SushiSwap V2,9317.562837,-682.437163,-6.82437163,False
26011813,2026-09-19 13:19:11+00:00,100.0,2640.4199364220967,2641.417072362232,0.997135940135506,0.997135940135506,0.03776429371635013,Uniswap V3,SushiSwap V2,-0.457049,-0.457049,-0.381843,-0.381843,Uniswap V3 -> SushiSwap V2,99.618157,-0.381843,-0.381843,False
26011813,2026-09-19 13:19:11+00:00,500.0,2640.4199364220967,2641.417072362232,0.997135940135506,0.997135940135506,0.03776429371635013,Uniswap V3,SushiSwap V2,-3.671996,-0.7343992,-3.296848,-0.6593696,Uniswap V3 -> SushiSwap V2,496.703152,-3.296848,-0.6593696,False
26011813,2026-09-19 13:19:11+00:00,1000.0,2640.4199364220967,2641.417072362232,0.997135940135506,0.997135940135506,0.03776429371635013,Uniswap V3,SushiSwap V2,-10.789222,-1.0789222,-10.041117,-1.0041117,Uniswap V3 -> SushiSwap V2,989.958883,-10.041117,-1.0041117,False
26011813,2026-09-19 13:19:11+00:00,5000.0,2640.4199364220967,2641.417072362232,0.997135940135506,0.997135940135506,0.03776429371635013,Uniswap V3,SushiSwap V2,-187.566926,-3.75133852,-183.911911,-3.67823822,Uniswap V3 -> SushiSwap V2,4816.088089,-183.911911,-3.67823822,False
26011813,2026-09-19 13:19:11+00:00,10000.0,2640.4199364220967,2641.417072362232,0.997135940135506,0.997135940135506,0.03776429371635013,Uniswap V3,SushiSwap V2,-689.543783,-6.89543783,-682.437163,-6.82437163,Uniswap V3 -> SushiSwap V2,9317.562837,-682.437163,-6.82437163,False
26011814,2026-09-19 13:19:23+00:00,100.0,2640.3967509443773,2641.417072362232,1.0203214178548294,1.0203214178548294,0.038642731153562294,Uniswap V3,SushiSwap V2,-0.457923,-0.457923,-0.380968,-0.380968,Uniswap V3 -> SushiSwap V2,99.619032,-0.380968,-0.380968,False
26011814,2026-09-19 13:19:23+00:00,500.0,2640.3967509443773,2641.417072362232,1.0203214178548294,1.0203214178548294,0.038642731153562294,Uniswap V3,SushiSwap V2,-3.676355,-0.735271,-3.292501,-0.6585002,Uniswap V3 -> SushiSwap V2,496.707499,-3.292501,-0.6585002,False
26011814,2026-09-19 13:19:23+00:00,1000.0,2640.3967509443773,2641.417072362232,1.0203214178548294,1.0203214178548294,0.038642731153562294,Uniswap V3,SushiSwap V2,-10.797908,-1.0797908,-10.032485,-1.0032485,Uniswap V3 -> SushiSwap V2,989.967515,-10.032485,-1.0032485,False
26011814,2026-09-19 13:19:23+00:00,5000.0,2640.3967509443773,2641.417072362232,1.0203214178548294,1.0203214178548294,0.038642731153562294,Uniswap V3,SushiSwap V2,-187.609183,-3.75218366,-183.871048,-3.67742096,Uniswap V3 -> SushiSwap V2,4816.128952,-183.871048,-3.67742096,False
26011814,2026-09-19 13:19:23+00:00,10000.0,2640.3967509443773,2641.417072362232,1.0203214178548294,1.0203214178548294,0.038642731153562294,Uniswap V3,SushiSwap V2,-689.625536,-6.89625536,-682.360688,-6.82360688,Uniswap V3 -> SushiSwap V2,9317.639312,-682.360688,-6.82360688,False
26011815,2026-09-19 13:19:35+00:00,100.0,2640.3967509443773,2641.417072362232,1.0203214178548294,1.0203214178548294,0.038642731153562294,Uniswap V3,SushiSwap V2,-0.457923,-0.457923,-0.380968,-0.380968,Uniswap V3 -> SushiSwap V2,99.619032,-0.380968,-0.380968,False
26011815,2026-09-19 13:19:35+00:00,500.0,2640.3967509443773,2641.417072362232,1.0203214178548294,1.0203214178548294,0.038642731153562294,Uniswap V3,SushiSwap V2,-3.676355,-0.735271,-3.292501,-0.6585002,Uniswap V3 -> SushiSwap V2,496.707499,-3.292501,-0.6585002,False
26011815,2026-09-19 13:19:35+00:00,1000.0,2640.3967509443773,2641.417072362232,1.0203214178548294,1.0203214178548294,0.038642731153562294,Uniswap V3,SushiSwap V2,-10.797908,-1.0797908,-10.032485,-1.0032485,Uniswap V3 -> SushiSwap V2,989.967515,-10.032485,-1.0032485,False
26011815,2026-09-19 13:19:35+00:00,5000.0,2640.3967509443773,2641.417072362232,1.0203214178548294,1.0203214178548294,0.038642731153562294,Uniswap V3,SushiSwap V2,-187.609183,-3.75218366,-183.871048,-3.67742096,Uniswap V3 -> SushiSwap V2,4816.128952,-183.871048,-3.67742096,False
26011815,2026-09-19 13:19:35+00:00,10000.0,2640.3967509443773,2641.417072362232,1.0203214178548294,1.0203214178548294,0.038642731153562294,Uniswap V3,SushiSwap V2,-689.625536,-6.89625536,-682.360688,-6.82360688,Uniswap V3 -> SushiSwap V2,9317.639312,-682.360688,-6.82360688,False
26011816,2026-09-19 13:19:47+00:00,100.0,2640.130161165616,2641.417072362232,1.2869111966161002,1.2869111966161002,0.04874423297554124,Uniswap V3,SushiSwap V2,-0.467973,-0.467973,-0.370916,-0.370916,Uniswap V3 -> SushiSwap V2,99.629084,-0.370916,-0.370916,False
26011816,2026-09-19 13:19:47+00:00,500.0,2640.130161165616,2641.417072362232,1.2869111966161002,1.2869111966161002,0.04874423297554124,Uniswap V3,SushiSwap V2,-3.726466,-0.7452932,-3.242521,-0.6485042,Uniswap V3 -> SushiSwap V2,496.757479,-3.242521,-0.6485042,False
26011816,2026-09-19 13:19:47+00:00,1000.0,2640.130161165616,2641.417072362232,1.2869111966161002,1.2869111966161002,0.04874423297554124,Uniswap V3,SushiSwap V2,-10.897784,-1.0897784,-9.933215,-0.9933215,Uniswap V3 -> SushiSwap V2,990.066785,-9.933215,-0.9933215,False
26011816,2026-09-19 13:19:47+00:00,5000.0,2640.130161165616,2641.417072362232,1.2869111966161002,1.2869111966161002,0.04874423297554124,Uniswap V3,SushiSwap V2,-188.095065,-3.7619013,-183.401151,-3.66802302,Uniswap V3 -> SushiSwap V2,4816.598849,-183.401151,-3.66802302,False
26011816,2026-09-19 13:19:47+00:00,10000.0,2640.130161165616,2641.417072362232,1.2869111966161002,1.2869111966161002,0.04874423297554124,Uniswap V3,SushiSwap V2,-690.565546,-6.90565546,-681.481279,-6.81481279,Uniswap V3 -> SushiSwap V2,9318.518721,-681.481279,-6.81481279,False
26011817,2026-09-19 13:19:59+00:00,100.0,2639.3934158715733,2641.417072362232,2.0236564906588175,2.0236564906588175,0.07667127145539883,Uniswap V3,SushiSwap V2,-0.495748,-0.495748,-0.343126,-0.343126,Uniswap V3 -> SushiSwap V2,99.656874,-0.343126,-0.343126,False
26011817,2026-09-19 13:19:59+00:00,500.0,2639.3934158715733,2641.417072362232,2.0236564906588175,2.0236564906588175,0.07667127145539883,Uniswap V3,SushiSwap V2,-3.864954,-0.7729908,-3.104341,-0.6208682,Uniswap V3 -> SushiSwap V2,496.895659,-3.104341,-0.6208682,False
26011817,2026-09-19 13:19:59+00:00,1000.0,2639.3934158715733,2641.417072362232,2.0236564906588175,2.0236564906588175,0.07667127145539883,Uniswap V3,SushiSwap V2,-11.173798,-1.1173798,-9.658772,-0.9658772,Uniswap V3 -> SushiSwap V2,990.341228,-9.658772,-0.9658772,False
26011817,2026-09-19 13:19:59+00:00,5000.0,2639.3934158715733,2641.417072362232,2.0236564906588175,2.0236564906588175,0.07667127145539883,Uniswap V3,SushiSwap V2,-189.437844,-3.78875688,-182.102073,-3.64204146,Uniswap V3 -> SushiSwap V2,4817.897927,-182.102073,-3.64204146,False
26011817,2026-09-19 13:19:59+00:00,10000.0,2639.3934158715733,2641.417072362232,2.0236564906588175,2.0236564906588175,0.07667127145539883,Uniswap V3,SushiSwap V2,-693.163349,-6.93163349,-679.050087,-6.79050087,Uniswap V3 -> SushiSwap V2,9320.949913,-679.050087,-6.79050087,False
26011818,2026-09-19 13:20:11+00:00,100.0,2639.1861707466796,2641.417072362232,2.2309016155522374,2.2309016155522374,0.08452990699481688,Uniswap V3,SushiSwap V2,-0.503561,-0.503561,-0.335306,-0.335306,Uniswap V3 -> SushiSwap V2,99.664694,-0.335306,-0.335306,False
26011818,2026-09-19 13:20:11+00:00,500.0,2639.1861707466796,2641.417072362232,2.2309016155522374,2.2309016155522374,0.08452990699481688,Uniswap V3,SushiSwap V2,-3.903911,-0.7807822,-3.065458,-0.6130916,Uniswap V3 -> SushiSwap V2,496.934542,-3.065458,-0.6130916,False
26011818,2026-09-19 13:20:11+00:00,1000.0,2639.1861707466796,2641.417072362232,2.2309016155522374,2.2309016155522374,0.08452990699481688,Uniswap V3,SushiSwap V2,-11.251441,-1.1251441,-9.581544,-0.9581544,Uniswap V3 -> SushiSwap V2,990.418456,-9.581544,-0.9581544,False
26011818,2026-09-19 13:20:11+00:00,5000.0,2639.1861707466796,2641.417072362232,2.2309016155522374,2.2309016155522374,0.08452990699481688,Uniswap V3,SushiSwap V2,-189.815565,-3.7963113,-181.736518,-3.63473036,Uniswap V3 -> SushiSwap V2,4818.263482,-181.736518,-3.63473036,False
26011818,2026-09-19 13:20:11+00:00,10000.0,2639.1861707466796,2641.417072362232,2.2309016155522374,2.2309016155522374,0.08452990699481688,Uniswap V3,SushiSwap V2,-693.894107,-6.93894107,-678.365969,-6.78365969,Uniswap V3 -> SushiSwap V2,9321.634031,-678.365969,-6.78365969,False
26011819,2026-09-19 13:20:23+00:00,100.0,2639.1861707466796,2641.417072362232,2.2309016155522374,2.2309016155522374,0.08452990699481688,Uniswap V3,SushiSwap V2,-0.503561,-0.503561,-0.335306,-0.335306,Uniswap V3 -> SushiSwap V2,99.664694,-0.335306,-0.335306,False
26011819,2026-09-19 13:20:23+00:00,500.0,2639.1861707466796,2641.417072362232,2.2309016155522374,2.2309016155522374,0.08452990699481688,Uniswap V3,SushiSwap V2,-3.903911,-0.7807822,-3.065458,-0.6130916,Uniswap V3 -> SushiSwap V2,496.934542,-3.065458,-0.6130916,False
26011819,2026-09-19 13:20:23+00:00,1000.0,2639.1861707466796,2641.417072362232,2.2309016155522374,2.2309016155522374,0.08452990699481688,Uniswap V3,SushiSwap V2,-11.251441,-1.1251441,-9.581544,-0.9581544,Uniswap V3 -> SushiSwap V2,990.418456,-9.581544,-0.9581544,False
26011819,2026-09-19 13:20:23+00:00,5000.0,2639.1861707466796,2641.417072362232,2.2309016155522374,2.2309016155522374,0.08452990699481688,Uniswap V3,SushiSwap V2,-189.815565,-3.7963113,-181.736518,-3.63473036,Uniswap V3 -> SushiSwap V2,4818.263482,-181.736518,-3.63473036,False
26011819,2026-09-19 13:20:23+00:00,10000.0,2639.1861707466796,2641.417072362232,2.2309016155522374,2.2309016155522374,0.08452990699481688,Uniswap V3,SushiSwap V2,-693.894107,-6.93894107,-678.365969,-6.78365969,Uniswap V3 -> SushiSwap V2,9321.634031,-678.365969,-6.78365969,False
26011820,2026-09-19 13:20:35+00:00,100.0,2638.873100162497,2641.417072362232,2.543972199735063,2.543972199735063,0.0964037338354167,Uniswap V3,SushiSwap V2,-0.515364,-0.515364,-0.32349,-0.32349,Uniswap V3 -> SushiSwap V2,99.67651,-0.32349,-0.32349,False
26011820,2026-09-19 13:20:35+00:00,500.0,2638.873100162497,2641.417072362232,2.543972199735063,2.543972199735063,0.0964037338354167,Uniswap V3,SushiSwap V2,-3.96276,-0.792552,-3.006708,-0.6013416,Uniswap V3 -> SushiSwap V2,496.993292,-3.006708,-0.6013416,False
26011820,2026-09-19 13:20:35+00:00,1000.0,2638.873100162497,2641.417072362232,2.543972199735063,2.543972199735063,0.0964037338354167,Uniswap V3,SushiSwap V2,-11.36873,-1.136873,-9.464859,-0.9464859,Uniswap V3 -> SushiSwap V2,990.535141,-9.464859,-0.9464859,False
26011820,2026-09-19 13:20:35+00:00,5000.0,2638.873100162497,2641.417072362232,2.543972199735063,2.543972199735063,0.0964037338354167,Uniswap V3,SushiSwap V2,-190.386161,-3.80772322,-181.184195,-3.6236839,Uniswap V3 -> SushiSwap V2,4818.815805,-181.184195,-3.6236839,False
26011820,2026-09-19 13:20:35+00:00,10000.0,2638.873100162497,2641.417072362232,2.543972199735063,2.543972199735063,0.0964037338354167,Uniswap V3,SushiSwap V2,-694.99801,-6.9499801,-677.332329,-6.77332329,Uniswap V3 -> SushiSwap V2,9322.667671,-677.332329,-6.77332329,False
26011821,2026-09-19 13:20:47+00:00,100.0,2638.873100162497,2641.417072362232,2.543972199735063,2.543972199735063,0.0964037338354167,Uniswap V3,SushiSwap V2,-0.515364,-0.515364,-0.32349,-0.32349,Uniswap V3 -> SushiSwap V2,99.67651,-0.32349,-0.32349,False
26011821,2026-09-19 13:20:47+00:00,500.0,2638.873100162497,2641.417072362232,2.543972199735063,2.543972199735063,0.0964037338354167,Uniswap V3,SushiSwap V2,-3.96276,-0.792552,-3.006708,-0.6013416,Uniswap V3 -> SushiSwap V2,496.993292,-3.006708,-0.6013416,False
26011821,2026-09-19 13:20:47+00:00,1000.0,2638.873100162497,2641.417072362232,2.543972199735063,2.543972199735063,0.0964037338354167,Uniswap V3,SushiSwap V2,-11.36873,-1.136873,-9.464859,-0.9464859,Uniswap V3 -> SushiSwap V2,990.535141,-9.464859,-0.9464859,False
26011821,2026-09-19 13:20:47+00:00,5000.0,2638.873100162497,2641.417072362232,2.543972199735063,2.543972199735063,0.0964037338354167,Uniswap V3,SushiSwap V2,-190.386161,-3.80772322,-181.184195,-3.6236839,Uniswap V3 -> SushiSwap V2,4818.815805,-181.184195,-3.6236839,False
26011821,2026-09-19 13:20:47+00:00,10000.0,2638.873100162497,2641.417072362232,2.543972199735063,2.543972199735063,0.0964037338354167,Uniswap V3,SushiSwap V2,-694.99801,-6.9499801,-677.332329,-6.77332329,Uniswap V3 -> SushiSwap V2,9322.667671,-677.332329,-6.77332329,False
26011822,2026-09-19 13:20:59+00:00,100.0,2638.873100162497,2641.417072362232,2.543972199735063,2.543972199735063,0.0964037338354167,Uniswap V3,SushiSwap V2,-0.515364,-0.515364,-0.32349,-0.32349,Uniswap V3 -> SushiSwap V2,99.67651,-0.32349,-0.32349,False
26011822,2026-09-19 13:20:59+00:00,500.0,2638.873100162497,2641.417072362232,2.543972199735063,2.543972199735063,0.0964037338354167,Uniswap V3,SushiSwap V2,-3.96276,-0.792552,-3.006708,-0.6013416,Uniswap V3 -> SushiSwap V2,496.993292,-3.006708,-0.6013416,False
26011822,2026-09-19 13:20:59+00:00,1000.0,2638.873100162497,2641.417072362232,2.543972199735063,2.543972199735063,0.0964037338354167,Uniswap V3,SushiSwap V2,-11.36873,-1.136873,-9.464859,-0.9464859,Uniswap V3 -> SushiSwap V2,990.535141,-9.464859,-0.9464859,False
26011822,2026-09-19 13:20:59+00:00,5000.0,2638.873100162497,2641.417072362232,2.543972199735063,2.543972199735063,0.0964037338354167,Uniswap V3,SushiSwap V2,-190.386161,-3.80772322,-181.184195,-3.6236839,Uniswap V3 -> SushiSwap V2,4818.815805,-181.184195,-3.6236839,False
26011822,2026-09-19 13:20:59+00:00,10000.0,2638.873100162497,2641.417072362232,2.543972199735063,2.543972199735063,0.0964037338354167,Uniswap V3,SushiSwap V2,-694.99801,-6.9499801,-677.332329,-6.77332329,Uniswap V3 -> SushiSwap V2,9322.667671,-677.332329,-6.77332329,False
26011823,2026-09-19 13:21:11+00:00,100.0,2638.873100162497,2641.417072362232,2.543972199735063,2.543972199735063,0.0964037338354167,Uniswap V3,SushiSwap V2,-0.515364,-0.515364,-0.32349,-0.32349,Uniswap V3 -> SushiSwap V2,99.67651,-0.32349,-0.32349,False
26011823,2026-09-19 13:21:11+00:00,500.0,2638.873100162497,2641.417072362232,2.543972199735063,2.543972199735063,0.0964037338354167,Uniswap V3,SushiSwap V2,-3.96276,-0.792552,-3.006708,-0.6013416,Uniswap V3 -> SushiSwap V2,496.993292,-3.006708,-0.6013416,False
26011823,2026-09-19 13:21:11+00:00,1000.0,2638.873100162497,2641.417072362232,2.543972199735063,2.543972199735063,0.0964037338354167,Uniswap V3,SushiSwap V2,-11.36873,-1.136873,-9.464859,-0.9464859,Uniswap V3 -> SushiSwap V2,990.535141,-9.464859,-0.9464859,False
26011823,2026-09-19 13:21:11+00:00,5000.0,2638.873100162497,2641.417072362232,2.543972199735063,2.543972199735063,0.0964037338354167,Uniswap V3,SushiSwap V2,-190.386161,-3.80772322,-181.184195,-3.6236839,Uniswap V3 -> SushiSwap V2,4818.815805,-181.184195,-3.6236839,False
26011823,2026-09-19 13:21:11+00:00,10000.0,2638.873100162497,2641.417072362232,2.543972199735063,2.543972199735063,0.0964037338354167,Uniswap V3,SushiSwap V2,-694.99801,-6.9499801,-677.332329,-6.77332329,Uniswap V3 -> SushiSwap V2,9322.667671,-677.332329,-6.77332329,False
26011824,2026-09-19 13:21:23+00:00,100.0,2638.846556708545,2641.417072362232,2.5705156536870106,2.5705156536870106,0.09741057687314854,Uniswap V3,SushiSwap V2,-0.516364,-0.516364,-0.322488,-0.322488,Uniswap V3 -> SushiSwap V2,99.677512,-0.322488,-0.322488,False
26011824,2026-09-19 13:21:23+00:00,500.0,2638.846556708545,2641.417072362232,2.5705156536870106,2.5705156536870106,0.09741057687314854,Uniswap V3,SushiSwap V2,-3.967749,-0.7935498,-3.001726,-0.6003452,Uniswap V3 -> SushiSwap V2,496.998274,-3.001726,-0.6003452,False
26011824,2026-09-19 13:21:23+00:00,1000.0,2638.846556708545,2641.417072362232,2.5705156536870106,2.5705156536870106,0.09741057687314854,Uniswap V3,SushiSwap V2,-11.378674,-1.1378674,-9.454964,-0.9454964,Uniswap V3 -> SushiSwap V2,990.545036,-9.454964,-0.9454964,False
26011824,2026-09-19 13:21:23+00:00,5000.0,2638.846556708545,2641.417072362232,2.5705156536870106,2.5705156536870106,0.09741057687314854,Uniswap V3,SushiSwap V2,-190.434539,-3.80869078,-181.137361,-3.62274722,Uniswap V3 -> SushiSwap V2,4818.862639,-181.137361,-3.62274722,False
26011824,2026-09-19 13:21:23+00:00,10000.0,2638.846556708545,2641.417072362232,2.5705156536870106,2.5705156536870106,0.09741057687314854,Uniswap V3,SushiSwap V2,-695.091604,-6.95091604,-677.244682,-6.77244682,Uniswap V3 -> SushiSwap V2,9322.755318,-677.244682,-6.77244682,False
26011825,2026-09-19 13:21:35+00:00,100.0,2638.8466157616617,2641.417072362232,2.5704566005704232,2.5704566005704232,0.09740833685509612,Uniswap V3,SushiSwap V2,-0.516362,-0.516362,-0.32249,-0.32249,Uniswap V3 -> SushiSwap V2,99.67751,-0.32249,-0.32249,False
26011825,2026-09-19 13:21:35+00:00,500.0,2638.8466157616617,2641.417072362232,2.5704566005704232,2.5704566005704232,0.09740833685509612,Uniswap V3,SushiSwap V2,-3.967738,-0.7935476,-3.001737,-0.6003474,Uniswap V3 -> SushiSwap V2,496.998263,-3.001737,-0.6003474,False
26011825,2026-09-19 13:21:35+00:00,1000.0,2638.8466157616617,2641.417072362232,2.5704566005704232,2.5704566005704232,0.09740833685509612,Uniswap V3,SushiSwap V2,-11.378652,-1.1378652,-9.454986,-0.9454986,Uniswap V3 -> SushiSwap V2,990.545014,-9.454986,-0.9454986,False
26011825,2026-09-19 13:21:35+00:00,5000.0,2638.8466157616617,2641.417072362232,2.5704566005704232,2.5704566005704232,0.09740833685509612,Uniswap V3,SushiSwap V2,-190.434431,-3.80868862,-181.137466,-3.62274932,Uniswap V3 -> SushiSwap V2,4818.862534,-181.137466,-3.62274932,False
26011825,2026-09-19 13:21:35+00:00,10000.0,2638.8466157616617,2641.417072362232,2.5704566005704232,2.5704566005704232,0.09740833685509612,Uniswap V3,SushiSwap V2,-695.091396,-6.95091396,-677.244877,-6.77244877,Uniswap V3 -> SushiSwap V2,9322.755123,-677.244877,-6.77244877,False
26011826,2026-09-19 13:21:47+00:00,100.0,2638.571999756924,2641.417072362232,2.8450726053080078,2.8450726053080078,0.10782622591197463,Uniswap V3,SushiSwap V2,-0.526715,-0.526715,-0.312123,-0.312123,Uniswap V3 -> SushiSwap V2,99.687877,-0.312123,-0.312123,False
26011826,2026-09-19 13:21:47+00:00,500.0,2638.571999756924,2641.417072362232,2.8450726053080078,2.8450726053080078,0.10782622591197463,Uniswap V3,SushiSwap V2,-4.019342,-0.8038684,-2.950175,-0.590035,Uniswap V3 -> SushiSwap V2,497.049825,-2.950175,-0.590035,False
26011826,2026-09-19 13:21:47+00:00,1000.0,2638.571999756924,2641.417072362232,2.8450726053080078,2.8450726053080078,0.10782622591197463,Uniswap V3,SushiSwap V2,-11.48147,-1.148147,-9.352544,-0.9352544,Uniswap V3 -> SushiSwap V2,990.647456,-9.352544,-0.9352544,False
26011826,2026-09-19 13:21:47+00:00,5000.0,2638.571999756924,2641.417072362232,2.8450726053080078,2.8450726053080078,0.10782622591197463,Uniswap V3,SushiSwap V2,-190.933429,-3.81866858,-180.651985,-3.6130397,Uniswap V3 -> SushiSwap V2,4819.348015,-180.651985,-3.6130397,False
26011826,2026-09-19 13:21:47+00:00,10000.0,2638.571999756924,2641.417072362232,2.8450726053080078,2.8450726053080078,0.10782622591197463,Uniswap V3,SushiSwap V2,-696.054044,-6.96054044,-676.336157,-6.76336157,Uniswap V3 -> SushiSwap V2,9323.663843,-676.336157,-6.76336157,False
26011827,2026-09-19 13:21:59+00:00,100.0,2637.8057350999034,2641.417072362232,3.6113372623285946,3.6113372623285946,0.13690686976203045,Uniswap V3,SushiSwap V2,-0.555602,-0.555602,-0.283184,-0.283184,Uniswap V3 -> SushiSwap V2,99.716816,-0.283184,-0.283184,False
26011827,2026-09-19 13:21:59+00:00,500.0,2637.8057350999034,2641.417072362232,3.6113372623285946,3.6113372623285946,0.13690686976203045,Uniswap V3,SushiSwap V2,-4.163379,-0.8326758,-2.806289,-0.5612578,Uniswap V3 -> SushiSwap V2,497.193711,-2.806289,-0.5612578,False
26011827,2026-09-19 13:21:59+00:00,1000.0,2637.8057350999034,2641.417072362232,3.6113372623285946,3.6113372623285946,0.13690686976203045,Uniswap V3,SushiSwap V2,-11.768544,-1.1768544,-9.066767,-0.9066767,Uniswap V3 -> SushiSwap V2,990.933233,-9.066767,-0.9066767,False
26011827,2026-09-19 13:21:59+00:00,5000.0,2637.8057350999034,2641.417072362232,3.6113372623285946,3.6113372623285946,0.13690686976203045,Uniswap V3,SushiSwap V2,-192.330009,-3.84660018,-179.298662,-3.58597324,Uniswap V3 -> SushiSwap V2,4820.701338,-179.298662,-3.58597324,False
26011827,2026-09-19 13:21:59+00:00,10000.0,2637.8057350999034,2641.417072362232,3.6113372623285946,3.6113372623285946,0.13690686976203045,Uniswap V3,SushiSwap V2,-698.755936,-6.98755936,-673.800872,-6.73800872,Uniswap V3 -> SushiSwap V2,9326.199128,-673.800872,-6.73800872,False
26011828,2026-09-19 13:22:11+00:00,100.0,2637.8057350999034,2641.417072362232,3.6113372623285946,3.6113372623285946,0.13690686976203045,Uniswap V3,SushiSwap V2,-0.555602,-0.555602,-0.283184,-0.283184,Uniswap V3 -> SushiSwap V2,99.716816,-0.283184,-0.283184,False
26011828,2026-09-19 13:22:11+00:00,500.0,2637.8057350999034,2641.417072362232,3.6113372623285946,3.6113372623285946,0.13690686976203045,Uniswap V3,SushiSwap V2,-4.163379,-0.8326758,-2.806289,-0.5612578,Uniswap V3 -> SushiSwap V2,497.193711,-2.806289,-0.5612578,False
26011828,2026-09-19 13:22:11+00:00,1000.0,2637.8057350999034,2641.417072362232,3.6113372623285946,3.6113372623285946,0.13690686976203045,Uniswap V3,SushiSwap V2,-11.768544,-1.1768544,-9.066767,-0.9066767,Uniswap V3 -> SushiSwap V2,990.933233,-9.066767,-0.9066767,False
26011828,2026-09-19 13:22:11+00:00,5000.0,2637.8057350999034,2641.417072362232,3.6113372623285946,3.6113372623285946,0.13690686976203045,Uniswap V3,SushiSwap V2,-192.330009,-3.84660018,-179.298662,-3.58597324,Uniswap V3 -> SushiSwap V2,4820.701338,-179.298662,-3.58597324,False
26011828,2026-09-19 13:22:11+00:00,10000.0,2637.8057350999034,2641.417072362232,3.6113372623285946,3.6113372623285946,0.13690686976203045,Uniswap V3,SushiSwap V2,-698.755936,-6.98755936,-673.800872,-6.73800872,Uniswap V3 -> SushiSwap V2,9326.199128,-673.800872,-6.73800872,False
26011829,2026-09-19 13:22:23+00:00,100.0,2637.8057350999034,2641.417072362232,3.6113372623285946,3.6113372623285946,0.13690686976203045,Uniswap V3,SushiSwap V2,-0.555602,-0.555602,-0.283184,-0.283184,Uniswap V3 -> SushiSwap V2,99.716816,-0.283184,-0.283184,False
26011829,2026-09-19 13:22:23+00:00,500.0,2637.8057350999034,2641.417072362232,3.6113372623285946,3.6113372623285946,0.13690686976203045,Uniswap V3,SushiSwap V2,-4.163379,-0.8326758,-2.806289,-0.5612578,Uniswap V3 -> SushiSwap V2,497.193711,-2.806289,-0.5612578,False
26011829,2026-09-19 13:22:23+00:00,1000.0,2637.8057350999034,2641.417072362232,3.6113372623285946,3.6113372623285946,0.13690686976203045,Uniswap V3,SushiSwap V2,-11.768544,-1.1768544,-9.066767,-0.9066767,Uniswap V3 -> SushiSwap V2,990.933233,-9.066767,-0.9066767,False
26011829,2026-09-19 13:22:23+00:00,5000.0,2637.8057350999034,2641.417072362232,3.6113372623285946,3.6113372623285946,0.13690686976203045,Uniswap V3,SushiSwap V2,-192.330009,-3.84660018,-179.298662,-3.58597324,Uniswap V3 -> SushiSwap V2,4820.701338,-179.298662,-3.58597324,False
26011829,2026-09-19 13:22:23+00:00,10000.0,2637.8057350999034,2641.417072362232,3.6113372623285946,3.6113372623285946,0.13690686976203045,Uniswap V3,SushiSwap V2,-698.755936,-6.98755936,-673.800872,-6.73800872,Uniswap V3 -> SushiSwap V2,9326.199128,-673.800872,-6.73800872,False
26011830,2026-09-19 13:22:35+00:00,100.0,2637.8057333432953,2641.417072362232,3.6113390189367625,3.6113390189367625,0.13690693644673976,Uniswap V3,SushiSwap V2,-0.555602,-0.555602,-0.283184,-0.283184,Uniswap V3 -> SushiSwap V2,99.716816,-0.283184,-0.283184,False
26011830,2026-09-19 13:22:35+00:00,500.0,2637.8057333432953,2641.417072362232,3.6113390189367625,3.6113390189367625,0.13690693644673976,Uniswap V3,SushiSwap V2,-4.16338,-0.832676,-2.806288,-0.5612576,Uniswap V3 -> SushiSwap V2,497.193712,-2.806288,-0.5612576,False
26011830,2026-09-19 13:22:35+00:00,1000.0,2637.8057333432953,2641.417072362232,3.6113390189367625,3.6113390189367625,0.13690693644673976,Uniswap V3,SushiSwap V2,-11.768545,-1.1768545,-9.066766,-0.9066766,Uniswap V3 -> SushiSwap V2,990.933234,-9.066766,-0.9066766,False
26011830,2026-09-19 13:22:35+00:00,5000.0,2637.8057333432953,2641.417072362232,3.6113390189367625,3.6113390189367625,0.13690693644673976,Uniswap V3,SushiSwap V2,-192.330012,-3.84660024,-179.298659,-3.58597318,Uniswap V3 -> SushiSwap V2,4820.701341,-179.298659,-3.58597318,False
26011830,2026-09-19 13:22:35+00:00,10000.0,2637.8057333432953,2641.417072362232,3.6113390189367625,3.6113390189367625,0.13690693644673976,Uniswap V3,SushiSwap V2,-698.755943,-6.98755943,-673.800866,-6.73800866,Uniswap V3 -> SushiSwap V2,9326.199134,-673.800866,-6.73800866,False
26011831,2026-09-19 13:22:47+00:00,100.0,2637.4091858730676,2641.417072362232,4.007886489164262,4.007886489164262,0.15196301395445097,Uniswap V3,SushiSwap V2,-0.570552,-0.570552,-0.268202,-0.268202,Uniswap V3 -> SushiSwap V2,99.731798,-0.268202,-0.268202,False
26011831,2026-09-19 13:22:47+00:00,500.0,2637.4091858730676,2641.417072362232,4.007886489164262,4.007886489164262,0.15196301395445097,Uniswap V3,SushiSwap V2,-4.23792,-0.847584,-2.731793,-0.5463586,Uniswap V3 -> SushiSwap V2,497.268207,-2.731793,-0.5463586,False
26011831,2026-09-19 13:22:47+00:00,1000.0,2637.4091858730676,2641.417072362232,4.007886489164262,4.007886489164262,0.15196301395445097,Uniswap V3,SushiSwap V2,-11.917108,-1.1917108,-8.918809,-0.8918809,Uniswap V3 -> SushiSwap V2,991.081191,-8.918809,-0.8918809,False
26011831,2026-09-19 13:22:47+00:00,5000.0,2637.4091858730676,2641.417072362232,4.007886489164262,4.007886489164262,0.15196301395445097,Uniswap V3,SushiSwap V2,-193.052753,-3.86105506,-178.598336,-3.57196672,Uniswap V3 -> SushiSwap V2,4821.401664,-178.598336,-3.57196672,False
26011831,2026-09-19 13:22:47+00:00,10000.0,2637.4091858730676,2641.417072362232,4.007886489164262,4.007886489164262,0.15196301395445097,Uniswap V3,SushiSwap V2,-700.154192,-7.00154192,-672.490296,-6.72490296,Uniswap V3 -> SushiSwap V2,9327.509704,-672.490296,-6.72490296,False
26011832,2026-09-19 13:22:59+00:00,100.0,2637.4091858730676,2641.417072362232,4.007886489164262,4.007886489164262,0.15196301395445097,Uniswap V3,SushiSwap V2,-0.570552,-0.570552,-0.268202,-0.268202,Uniswap V3 -> SushiSwap V2,99.731798,-0.268202,-0.268202,False
26011832,2026-09-19 13:22:59+00:00,500.0,2637.4091858730676,2641.417072362232,4.007886489164262,4.007886489164262,0.15196301395445097,Uniswap V3,SushiSwap V2,-4.23792,-0.847584,-2.731793,-0.5463586,Uniswap V3 -> SushiSwap V2,497.268207,-2.731793,-0.5463586,False
26011832,2026-09-19 13:22:59+00:00,1000.0,2637.4091858730676,2641.417072362232,4.007886489164262,4.007886489164262,0.15196301395445097,Uniswap V3,SushiSwap V2,-11.917108,-1.1917108,-8.918809,-0.8918809,Uniswap V3 -> SushiSwap V2,991.081191,-8.918809,-0.8918809,False
26011832,2026-09-19 13:22:59+00:00,5000.0,2637.4091858730676,2641.417072362232,4.007886489164262,4.007886489164262,0.15196301395445097,Uniswap V3,SushiSwap V2,-193.052753,-3.86105506,-178.598336,-3.57196672,Uniswap V3 -> SushiSwap V2,4821.401664,-178.598336,-3.57196672,False
26011832,2026-09-19 13:22:59+00:00,10000.0,2637.4091858730676,2641.417072362232,4.007886489164262,4.007886489164262,0.15196301395445097,Uniswap V3,SushiSwap V2,-700.154192,-7.00154192,-672.490296,-6.72490296,Uniswap V3 -> SushiSwap V2,9327.509704,-672.490296,-6.72490296,False
26011833,2026-09-19 13:23:11+00:00,100.0,2637.4091858730676,2641.417072362232,4.007886489164262,4.007886489164262,0.15196301395445097,Uniswap V3,SushiSwap V2,-0.570552,-0.570552,-0.268202,-0.268202,Uniswap V3 -> SushiSwap V2,99.731798,-0.268202,-0.268202,False
26011833,2026-09-19 13:23:11+00:00,500.0,2637.4091858730676,2641.417072362232,4.007886489164262,4.007886489164262,0.15196301395445097,Uniswap V3,SushiSwap V2,-4.23792,-0.847584,-2.731793,-0.5463586,Uniswap V3 -> SushiSwap V2,497.268207,-2.731793,-0.5463586,False
26011833,2026-09-19 13:23:11+00:00,1000.0,2637.4091858730676,2641.417072362232,4.007886489164262,4.007886489164262,0.15196301395445097,Uniswap V3,SushiSwap V2,-11.917108,-1.1917108,-8.918809,-0.8918809,Uniswap V3 -> SushiSwap V2,991.081191,-8.918809,-0.8918809,False
26011833,2026-09-19 13:23:11+00:00,5000.0,2637.4091858730676,2641.417072362232,4.007886489164262,4.007886489164262,0.15196301395445097,Uniswap V3,SushiSwap V2,-193.052753,-3.86105506,-178.598336,-3.57196672,Uniswap V3 -> SushiSwap V2,4821.401664,-178.598336,-3.57196672,False
26011833,2026-09-19 13:23:11+00:00,10000.0,2637.4091858730676,2641.417072362232,4.007886489164262,4.007886489164262,0.15196301395445097,Uniswap V3,SushiSwap V2,-700.154192,-7.00154192,-672.490296,-6.72490296,Uniswap V3 -> SushiSwap V2,9327.509704,-672.490296,-6.72490296,False
26011834,2026-09-19 13:23:23+00:00,100.0,2637.4091858730676,2641.417072362232,4.007886489164262,4.007886489164262,0.15196301395445097,Uniswap V3,SushiSwap V2,-0.570552,-0.570552,-0.268202,-0.268202,Uniswap V3 -> SushiSwap V2,99.731798,-0.268202,-0.268202,False
26011834,2026-09-19 13:23:23+00:00,500.0,2637.4091858730676,2641.417072362232,4.007886489164262,4.007886489164262,0.15196301395445097,Uniswap V3,SushiSwap V2,-4.23792,-0.847584,-2.731793,-0.5463586,Uniswap V3 -> SushiSwap V2,497.268207,-2.731793,-0.5463586,False
26011834,2026-09-19 13:23:23+00:00,1000.0,2637.4091858730676,2641.417072362232,4.007886489164262,4.007886489164262,0.15196301395445097,Uniswap V3,SushiSwap V2,-11.917108,-1.1917108,-8.918809,-0.8918809,Uniswap V3 -> SushiSwap V2,991.081191,-8.918809,-0.8918809,False
26011834,2026-09-19 13:23:23+00:00,5000.0,2637.4091858730676,2641.417072362232,4.007886489164262,4.007886489164262,0.15196301395445097,Uniswap V3,SushiSwap V2,-193.052753,-3.86105506,-178.598336,-3.57196672,Uniswap V3 -> SushiSwap V2,4821.401664,-178.598336,-3.57196672,False
26011834,2026-09-19 13:23:23+00:00,10000.0,2637.4091858730676,2641.417072362232,4.007886489164262,4.007886489164262,0.15196301395445097,Uniswap V3,SushiSwap V2,-700.154192,-7.00154192,-672.490296,-6.72490296,Uniswap V3 -> SushiSwap V2,9327.509704,-672.490296,-6.72490296,False
26011835,2026-09-19 13:23:35+00:00,100.0,2637.4091858730676,2641.417072362232,4.007886489164262,4.007886489164262,0.15196301395445097,Uniswap V3,SushiSwap V2,-0.570552,-0.570552,-0.268202,-0.268202,Uniswap V3 -> SushiSwap V2,99.731798,-0.268202,-0.268202,False
26011835,2026-09-19 13:23:35+00:00,500.0,2637.4091858730676,2641.417072362232,4.007886489164262,4.007886489164262,0.15196301395445097,Uniswap V3,SushiSwap V2,-4.23792,-0.847584,-2.731793,-0.5463586,Uniswap V3 -> SushiSwap V2,497.268207,-2.731793,-0.5463586,False
26011835,2026-09-19 13:23:35+00:00,1000.0,2637.4091858730676,2641.417072362232,4.007886489164262,4.007886489164262,0.15196301395445097,Uniswap V3,SushiSwap V2,-11.917108,-1.1917108,-8.918809,-0.8918809,Uniswap V3 -> SushiSwap V2,991.081191,-8.918809,-0.8918809,False
26011835,2026-09-19 13:23:35+00:00,5000.0,2637.4091858730676,2641.417072362232,4.007886489164262,4.007886489164262,0.15196301395445097,Uniswap V3,SushiSwap V2,-193.052753,-3.86105506,-178.598336,-3.57196672,Uniswap V3 -> SushiSwap V2,4821.401664,-178.598336,-3.57196672,False
26011835,2026-09-19 13:23:35+00:00,10000.0,2637.4091858730676,2641.417072362232,4.007886489164262,4.007886489164262,0.15196301395445097,Uniswap V3,SushiSwap V2,-700.154192,-7.00154192,-672.490296,-6.72490296,Uniswap V3 -> SushiSwap V2,9327.509704,-672.490296,-6.72490296,False
26011836,2026-09-19 13:23:47+00:00,100.0,2636.443486642676,2641.417072362232,4.973585719556199,4.973585719556199,0.1886475376678644,Uniswap V3,SushiSwap V2,-0.606959,-0.606959,-0.231697,-0.231697,Uniswap V3 -> SushiSwap V2,99.768303,-0.231697,-0.231697,False
26011836,2026-09-19 13:23:47+00:00,500.0,2636.443486642676,2641.417072362232,4.973585719556199,4.973585719556199,0.1886475376678644,Uniswap V3,SushiSwap V2,-4.419445,-0.883889,-2.550285,-0.510057,Uniswap V3 -> SushiSwap V2,497.449715,-2.550285,-0.510057,False
26011836,2026-09-19 13:23:47+00:00,1000.0,2636.443486642676,2641.417072362232,4.973585719556199,4.973585719556199,0.1886475376678644,Uniswap V3,SushiSwap V2,-12.278898,-1.2278898,-8.55831,-0.855831,Uniswap V3 -> SushiSwap V2,991.44169,-8.55831,-0.855831,False
26011836,2026-09-19 13:23:47+00:00,5000.0,2636.443486642676,2641.417072362232,4.973585719556199,4.973585719556199,0.1886475376678644,Uniswap V3,SushiSwap V2,-194.81282,-3.8962564,-176.892009,-3.53784018,Uniswap V3 -> SushiSwap V2,4823.107991,-176.892009,-3.53784018,False
26011836,2026-09-19 13:23:47+00:00,10000.0,2636.443486642676,2641.417072362232,4.973585719556199,4.973585719556199,0.1886475376678644,Uniswap V3,SushiSwap V2,-703.559302,-7.03559302,-669.297166,-6.69297166,Uniswap V3 -> SushiSwap V2,9330.702834,-669.297166,-6.69297166,False
26011837,2026-09-19 13:23:59+00:00,100.0,2636.4302079851814,2641.417072362232,4.986864377050813,4.986864377050813,0.1891521483082189,Uniswap V3,SushiSwap V2,-0.607459,-0.607459,-0.231195,-0.231195,Uniswap V3 -> SushiSwap V2,99.768805,-0.231195,-0.231195,False
26011837,2026-09-19 13:23:59+00:00,500.0,2636.4302079851814,2641.417072362232,4.986864377050813,4.986864377050813,0.1891521483082189,Uniswap V3,SushiSwap V2,-4.421941,-0.8843882,-2.547788,-0.5095576,Uniswap V3 -> SushiSwap V2,497.452212,-2.547788,-0.5095576,False
26011837,2026-09-19 13:23:59+00:00,1000.0,2636.4302079851814,2641.417072362232,4.986864377050813,4.986864377050813,0.1891521483082189,Uniswap V3,SushiSwap V2,-12.283873,-1.2283873,-8.553351,-0.8553351,Uniswap V3 -> SushiSwap V2,991.446649,-8.553351,-0.8553351,False
26011837,2026-09-19 13:23:59+00:00,5000.0,2636.4302079851814,2641.417072362232,4.986864377050813,4.986864377050813,0.1891521483082189,Uniswap V3,SushiSwap V2,-194.837021,-3.89674042,-176.868539,-3.53737078,Uniswap V3 -> SushiSwap V2,4823.131461,-176.868539,-3.53737078,False
26011837,2026-09-19 13:23:59+00:00,10000.0,2636.4302079851814,2641.417072362232,4.986864377050813,4.986864377050813,0.1891521483082189,Uniswap V3,SushiSwap V2,-703.606123,-7.03606123,-669.253244,-6.69253244,Uniswap V3 -> SushiSwap V2,9330.746756,-669.253244,-6.69253244,False
26011838,2026-09-19 13:24:11+00:00,100.0,2636.430652583368,2641.417072362232,4.986419778864018,4.986419778864018,0.18913525276979914,Uniswap V3,SushiSwap V2,-0.607443,-0.607443,-0.231211,-0.231211,Uniswap V3 -> SushiSwap V2,99.768789,-0.231211,-0.231211,False
26011838,2026-09-19 13:24:11+00:00,500.0,2636.430652583368,2641.417072362232,4.986419778864018,4.986419778864018,0.18913525276979914,Uniswap V3,SushiSwap V2,-4.421858,-0.8843716,-2.547872,-0.5095744,Uniswap V3 -> SushiSwap V2,497.452128,-2.547872,-0.5095744,False
26011838,2026-09-19 13:24:11+00:00,1000.0,2636.430652583368,2641.417072362232,4.986419778864018,4.986419778864018,0.18913525276979914,Uniswap V3,SushiSwap V2,-12.283706,-1.2283706,-8.553517,-0.8553517,Uniswap V3 -> SushiSwap V2,991.446483,-8.553517,-0.8553517,False
26011838,2026-09-19 13:24:11+00:00,5000.0,2636.430652583368,2641.417072362232,4.986419778864018,4.986419778864018,0.18913525276979914,Uniswap V3,SushiSwap V2,-194.836211,-3.89672422,-176.869324,-3.53738648,Uniswap V3 -> SushiSwap V2,4823.130676,-176.869324,-3.53738648,False
26011838,2026-09-19 13:24:11+00:00,10000.0,2636.430652583368,2641.417072362232,4.986419778864018,4.986419778864018,0.18913525276979914,Uniswap V3,SushiSwap V2,-703.604556,-7.03604556,-669.254715,-6.69254715,Uniswap V3 -> SushiSwap V2,9330.745285,-669.254715,-6.69254715,False
26011839,2026-09-19 13:24:23+00:00,100.0,2636.430652583368,2641.417072362232,4.986419778864018,4.986419778864018,0.18913525276979914,Uniswap V3,SushiSwap V2,-0.607443,-0.607443,-0.231211,-0.231211,Uniswap V3 -> SushiSwap V2,99.768789,-0.231211,-0.231211,False
26011839,2026-09-19 13:24:23+00:00,500.0,2636.430652583368,2641.417072362232,4.986419778864018,4.986419778864018,0.18913525276979914,Uniswap V3,SushiSwap V2,-4.421858,-0.8843716,-2.547872,-0.5095744,Uniswap V3 -> SushiSwap V2,497.452128,-2.547872,-0.5095744,False
26011839,2026-09-19 13:24:23+00:00,1000.0,2636.430652583368,2641.417072362232,4.986419778864018,4.986419778864018,0.18913525276979914,Uniswap V3,SushiSwap V2,-12.283706,-1.2283706,-8.553517,-0.8553517,Uniswap V3 -> SushiSwap V2,991.446483,-8.553517,-0.8553517,False
26011839,2026-09-19 13:24:23+00:00,5000.0,2636.430652583368,2641.417072362232,4.986419778864018,4.986419778864018,0.18913525276979914,Uniswap V3,SushiSwap V2,-194.836211,-3.89672422,-176.869324,-3.53738648,Uniswap V3 -> SushiSwap V2,4823.130676,-176.869324,-3.53738648,False
26011839,2026-09-19 13:24:23+00:00,10000.0,2636.430652583368,2641.417072362232,4.986419778864018,4.986419778864018,0.18913525276979914,Uniswap V3,SushiSwap V2,-703.604556,-7.03604556,-669.254715,-6.69254715,Uniswap V3 -> SushiSwap V2,9330.745285,-669.254715,-6.69254715,False
26011840,2026-09-19 13:24:35+00:00,100.0,2636.430652583368,2641.417072362232,4.986419778864018,4.986419778864018,0.18913525276979914,Uniswap V3,SushiSwap V2,-0.607443,-0.607443,-0.231211,-0.231211,Uniswap V3 -> SushiSwap V2,99.768789,-0.231211,-0.231211,False
26011840,2026-09-19 13:24:35+00:00,500.0,2636.430652583368,2641.417072362232,4.986419778864018,4.986419778864018,0.18913525276979914,Uniswap V3,SushiSwap V2,-4.421858,-0.8843716,-2.547872,-0.5095744,Uniswap V3 -> SushiSwap V2,497.452128,-2.547872,-0.5095744,False
26011840,2026-09-19 13:24:35+00:00,1000.0,2636.430652583368,2641.417072362232,4.986419778864018,4.986419778864018,0.18913525276979914,Uniswap V3,SushiSwap V2,-12.283706,-1.2283706,-8.553517,-0.8553517,Uniswap V3 -> SushiSwap V2,991.446483,-8.553517,-0.8553517,False
26011840,2026-09-19 13:24:35+00:00,5000.0,2636.430652583368,2641.417072362232,4.986419778864018,4.986419778864018,0.18913525276979914,Uniswap V3,SushiSwap V2,-194.836211,-3.89672422,-176.869324,-3.53738648,Uniswap V3 -> SushiSwap V2,4823.130676,-176.869324,-3.53738648,False
26011840,2026-09-19 13:24:35+00:00,10000.0,2636.430652583368,2641.417072362232,4.986419778864018,4.986419778864018,0.18913525276979914,Uniswap V3,SushiSwap V2,-703.604556,-7.03604556,-669.254715,-6.69254715,Uniswap V3 -> SushiSwap V2,9330.745285,-669.254715,-6.69254715,False
26011841,2026-09-19 13:24:47+00:00,100.0,2636.430652583368,2641.417072362232,4.986419778864018,4.986419778864018,0.18913525276979914,Uniswap V3,SushiSwap V2,-0.607443,-0.607443,-0.231211,-0.231211,Uniswap V3 -> SushiSwap V2,99.768789,-0.231211,-0.231211,False
26011841,2026-09-19 13:24:47+00:00,500.0,2636.430652583368,2641.417072362232,4.986419778864018,4.986419778864018,0.18913525276979914,Uniswap V3,SushiSwap V2,-4.421858,-0.8843716,-2.547872,-0.5095744,Uniswap V3 -> SushiSwap V2,497.452128,-2.547872,-0.5095744,False
26011841,2026-09-19 13:24:47+00:00,1000.0,2636.430652583368,2641.417072362232,4.986419778864018,4.986419778864018,0.18913525276979914,Uniswap V3,SushiSwap V2,-12.283706,-1.2283706,-8.553517,-0.8553517,Uniswap V3 -> SushiSwap V2,991.446483,-8.553517,-0.8553517,False
26011841,2026-09-19 13:24:47+00:00,5000.0,2636.430652583368,2641.417072362232,4.986419778864018,4.986419778864018,0.18913525276979914,Uniswap V3,SushiSwap V2,-194.836211,-3.89672422,-176.869324,-3.53738648,Uniswap V3 -> SushiSwap V2,4823.130676,-176.869324,-3.53738648,False
26011841,2026-09-19 13:24:47+00:00,10000.0,2636.430652583368,2641.417072362232,4.986419778864018,4.986419778864018,0.18913525276979914,Uniswap V3,SushiSwap V2,-703.604556,-7.03604556,-669.254715,-6.69254715,Uniswap V3 -> SushiSwap V2,9330.745285,-669.254715,-6.69254715,False
26011842,2026-09-19 13:24:59+00:00,100.0,2636.430652583368,2641.417072362232,4.986419778864018,4.986419778864018,0.18913525276979914,Uniswap V3,SushiSwap V2,-0.607443,-0.607443,-0.231211,-0.231211,Uniswap V3 -> SushiSwap V2,99.768789,-0.231211,-0.231211,False
26011842,2026-09-19 13:24:59+00:00,500.0,2636.430652583368,2641.417072362232,4.986419778864018,4.986419778864018,0.18913525276979914,Uniswap V3,SushiSwap V2,-4.421858,-0.8843716,-2.547872,-0.5095744,Uniswap V3 -> SushiSwap V2,497.452128,-2.547872,-0.5095744,False
26011842,2026-09-19 13:24:59+00:00,1000.0,2636.430652583368,2641.417072362232,4.986419778864018,4.986419778864018,0.18913525276979914,Uniswap V3,SushiSwap V2,-12.283706,-1.2283706,-8.553517,-0.8553517,Uniswap V3 -> SushiSwap V2,991.446483,-8.553517,-0.8553517,False
26011842,2026-09-19 13:24:59+00:00,5000.0,2636.430652583368,2641.417072362232,4.986419778864018,4.986419778864018,0.18913525276979914,Uniswap V3,SushiSwap V2,-194.836211,-3.89672422,-176.869324,-3.53738648,Uniswap V3 -> SushiSwap V2,4823.130676,-176.869324,-3.53738648,False
26011842,2026-09-19 13:24:59+00:00,10000.0,2636.430652583368,2641.417072362232,4.986419778864018,4.986419778864018,0.18913525276979914,Uniswap V3,SushiSwap V2,-703.604556,-7.03604556,-669.254715,-6.69254715,Uniswap V3 -> SushiSwap V2,9330.745285,-669.254715,-6.69254715,False
26011843,2026-09-19 13:25:11+00:00,100.0,2636.318620655139,2641.417072362232,5.0984517070929485,5.0984517070929485,0.19339284967861572,Uniswap V3,SushiSwap V2,-0.611666,-0.611666,-0.226975,-0.226975,Uniswap V3 -> SushiSwap V2,99.773025,-0.226975,-0.226975,False
26011843,2026-09-19 13:25:11+00:00,500.0,2636.318620655139,2641.417072362232,5.0984517070929485,5.0984517070929485,0.19339284967861572,Uniswap V3,SushiSwap V2,-4.442917,-0.8885834,-2.526806,-0.5053612,Uniswap V3 -> SushiSwap V2,497.473194,-2.526806,-0.5053612,False
26011843,2026-09-19 13:25:11+00:00,1000.0,2636.318620655139,2641.417072362232,5.0984517070929485,5.0984517070929485,0.19339284967861572,Uniswap V3,SushiSwap V2,-12.325678,-1.2325678,-8.511678,-0.8511678,Uniswap V3 -> SushiSwap V2,991.488322,-8.511678,-0.8511678,False
26011843,2026-09-19 13:25:11+00:00,5000.0,2636.318620655139,2641.417072362232,5.0984517070929485,5.0984517070929485,0.19339284967861572,Uniswap V3,SushiSwap V2,-195.040398,-3.90080796,-176.671291,-3.53342582,Uniswap V3 -> SushiSwap V2,4823.328709,-176.671291,-3.53342582,False
26011843,2026-09-19 13:25:11+00:00,10000.0,2636.318620655139,2641.417072362232,5.0984517070929485,5.0984517070929485,0.19339284967861572,Uniswap V3,SushiSwap V2,-703.999587,-7.03999587,-668.884131,-6.68884131,Uniswap V3 -> SushiSwap V2,9331.115869,-668.884131,-6.68884131,False
26011844,2026-09-19 13:25:23+00:00,100.0,2636.318620655139,2641.417072362232,5.0984517070929485,5.0984517070929485,0.19339284967861572,Uniswap V3,SushiSwap V2,-0.611666,-0.611666,-0.226975,-0.226975,Uniswap V3 -> SushiSwap V2,99.773025,-0.226975,-0.226975,False
26011844,2026-09-19 13:25:23+00:00,500.0,2636.318620655139,2641.417072362232,5.0984517070929485,5.0984517070929485,0.19339284967861572,Uniswap V3,SushiSwap V2,-4.442917,-0.8885834,-2.526806,-0.5053612,Uniswap V3 -> SushiSwap V2,497.473194,-2.526806,-0.5053612,False
26011844,2026-09-19 13:25:23+00:00,1000.0,2636.318620655139,2641.417072362232,5.0984517070929485,5.0984517070929485,0.19339284967861572,Uniswap V3,SushiSwap V2,-12.325678,-1.2325678,-8.511678,-0.8511678,Uniswap V3 -> SushiSwap V2,991.488322,-8.511678,-0.8511678,False
26011844,2026-09-19 13:25:23+00:00,5000.0,2636.318620655139,2641.417072362232,5.0984517070929485,5.0984517070929485,0.19339284967861572,Uniswap V3,SushiSwap V2,-195.040398,-3.90080796,-176.671291,-3.53342582,Uniswap V3 -> SushiSwap V2,4823.328709,-176.671291,-3.53342582,False
26011844,2026-09-19 13:25:23+00:00,10000.0,2636.318620655139,2641.417072362232,5.0984517070929485,5.0984517070929485,0.19339284967861572,Uniswap V3,SushiSwap V2,-703.999587,-7.03999587,-668.884131,-6.68884131,Uniswap V3 -> SushiSwap V2,9331.115869,-668.884131,-6.68884131,False
26011845,2026-09-19 13:25:35+00:00,100.0,2636.318620655139,2641.417072362232,5.0984517070929485,5.0984517070929485,0.19339284967861572,Uniswap V3,SushiSwap V2,-0.611666,-0.611666,-0.226975,-0.226975,Uniswap V3 -> SushiSwap V2,99.773025,-0.226975,-0.226975,False
26011845,2026-09-19 13:25:35+00:00,500.0,2636.318620655139,2641.417072362232,5.0984517070929485,5.0984517070929485,0.19339284967861572,Uniswap V3,SushiSwap V2,-4.442917,-0.8885834,-2.526806,-0.5053612,Uniswap V3 -> SushiSwap V2,497.473194,-2.526806,-0.5053612,False
26011845,2026-09-19 13:25:35+00:00,1000.0,2636.318620655139,2641.417072362232,5.0984517070929485,5.0984517070929485,0.19339284967861572,Uniswap V3,SushiSwap V2,-12.325678,-1.2325678,-8.511678,-0.8511678,Uniswap V3 -> SushiSwap V2,991.488322,-8.511678,-0.8511678,False
26011845,2026-09-19 13:25:35+00:00,5000.0,2636.318620655139,2641.417072362232,5.0984517070929485,5.0984517070929485,0.19339284967861572,Uniswap V3,SushiSwap V2,-195.040398,-3.90080796,-176.671291,-3.53342582,Uniswap V3 -> SushiSwap V2,4823.328709,-176.671291,-3.53342582,False
26011845,2026-09-19 13:25:35+00:00,10000.0,2636.318620655139,2641.417072362232,5.0984517070929485,5.0984517070929485,0.19339284967861572,Uniswap V3,SushiSwap V2,-703.999587,-7.03999587,-668.884131,-6.68884131,Uniswap V3 -> SushiSwap V2,9331.115869,-668.884131,-6.68884131,False
26011846,2026-09-19 13:25:47+00:00,100.0,2636.3186189080907,2641.417072362232,5.098453454141207,5.098453454141207,0.19339291607525355,Uniswap V3,SushiSwap V2,-0.611666,-0.611666,-0.226975,-0.226975,Uniswap V3 -> SushiSwap V2,99.773025,-0.226975,-0.226975,False
26011846,2026-09-19 13:25:47+00:00,500.0,2636.3186189080907,2641.417072362232,5.098453454141207,5.098453454141207,0.19339291607525355,Uniswap V3,SushiSwap V2,-4.442917,-0.8885834,-2.526805,-0.505361,Uniswap V3 -> SushiSwap V2,497.473195,-2.526805,-0.505361,False
26011846,2026-09-19 13:25:47+00:00,1000.0,2636.3186189080907,2641.417072362232,5.098453454141207,5.098453454141207,0.19339291607525355,Uniswap V3,SushiSwap V2,-12.325678,-1.2325678,-8.511677,-0.8511677,Uniswap V3 -> SushiSwap V2,991.488323,-8.511677,-0.8511677,False
26011846,2026-09-19 13:25:47+00:00,5000.0,2636.3186189080907,2641.417072362232,5.098453454141207,5.098453454141207,0.19339291607525355,Uniswap V3,SushiSwap V2,-195.040401,-3.90080802,-176.671288,-3.53342576,Uniswap V3 -> SushiSwap V2,4823.328712,-176.671288,-3.53342576,False
26011846,2026-09-19 13:25:47+00:00,10000.0,2636.3186189080907,2641.417072362232,5.098453454141207,5.098453454141207,0.19339291607525355,Uniswap V3,SushiSwap V2,-703.999593,-7.03999593,-668.884125,-6.68884125,Uniswap V3 -> SushiSwap V2,9331.115875,-668.884125,-6.68884125,False
26011847,2026-09-19 13:25:59+00:00,100.0,2636.3186189080907,2641.417072362232,5.098453454141207,5.098453454141207,0.19339291607525355,Uniswap V3,SushiSwap V2,-0.611666,-0.611666,-0.226975,-0.226975,Uniswap V3 -> SushiSwap V2,99.773025,-0.226975,-0.226975,False
26011847,2026-09-19 13:25:59+00:00,500.0,2636.3186189080907,2641.417072362232,5.098453454141207,5.098453454141207,0.19339291607525355,Uniswap V3,SushiSwap V2,-4.442917,-0.8885834,-2.526805,-0.505361,Uniswap V3 -> SushiSwap V2,497.473195,-2.526805,-0.505361,False
26011847,2026-09-19 13:25:59+00:00,1000.0,2636.3186189080907,2641.417072362232,5.098453454141207,5.098453454141207,0.19339291607525355,Uniswap V3,SushiSwap V2,-12.325678,-1.2325678,-8.511677,-0.8511677,Uniswap V3 -> SushiSwap V2,991.488323,-8.511677,-0.8511677,False
26011847,2026-09-19 13:25:59+00:00,5000.0,2636.3186189080907,2641.417072362232,5.098453454141207,5.098453454141207,0.19339291607525355,Uniswap V3,SushiSwap V2,-195.040401,-3.90080802,-176.671288,-3.53342576,Uniswap V3 -> SushiSwap V2,4823.328712,-176.671288,-3.53342576,False
26011847,2026-09-19 13:25:59+00:00,10000.0,2636.3186189080907,2641.417072362232,5.098453454141207,5.098453454141207,0.19339291607525355,Uniswap V3,SushiSwap V2,-703.999593,-7.03999593,-668.884125,-6.68884125,Uniswap V3 -> SushiSwap V2,9331.115875,-668.884125,-6.68884125,False
26011848,2026-09-19 13:26:11+00:00,100.0,2635.999125211738,2641.417072362232,5.4179471504943155,5.4179471504943155,0.20553675828929258,Uniswap V3,SushiSwap V2,-0.623711,-0.623711,-0.21489,-0.21489,Uniswap V3 -> SushiSwap V2,99.78511,-0.21489,-0.21489,False
26011848,2026-09-19 13:26:11+00:00,500.0,2635.999125211738,2641.417072362232,5.4179471504943155,5.4179471504943155,0.20553675828929258,Uniswap V3,SushiSwap V2,-4.502973,-0.9005946,-2.46672,-0.493344,Uniswap V3 -> SushiSwap V2,497.53328,-2.46672,-0.493344,False
26011848,2026-09-19 13:26:11+00:00,1000.0,2635.999125211738,2641.417072362232,5.4179471504943155,5.4179471504943155,0.20553675828929258,Uniswap V3,SushiSwap V2,-12.445374,-1.2445374,-8.39234,-0.839234,Uniswap V3 -> SushiSwap V2,991.60766,-8.39234,-0.839234,False
26011848,2026-09-19 13:26:11+00:00,5000.0,2635.999125211738,2641.417072362232,5.4179471504943155,5.4179471504943155,0.20553675828929258,Uniswap V3,SushiSwap V2,-195.622708,-3.91245416,-176.106447,-3.52212894,Uniswap V3 -> SushiSwap V2,4823.893553,-176.106447,-3.52212894,False
26011848,2026-09-19 13:26:11+00:00,10000.0,2635.999125211738,2641.417072362232,5.4179471504943155,5.4179471504943155,0.20553675828929258,Uniswap V3,SushiSwap V2,-705.126155,-7.05126155,-667.827129,-6.67827129,Uniswap V3 -> SushiSwap V2,9332.172871,-667.827129,-6.67827129,False
26011849,2026-09-19 13:26:23+00:00,100.0,2635.999125211738,2641.417072362232,5.4179471504943155,5.4179471504943155,0.20553675828929258,Uniswap V3,SushiSwap V2,-0.623711,-0.623711,-0.21489,-0.21489,Uniswap V3 -> SushiSwap V2,99.78511,-0.21489,-0.21489,False
26011849,2026-09-19 13:26:23+00:00,500.0,2635.999125211738,2641.417072362232,5.4179471504943155,5.4179471504943155,0.20553675828929258,Uniswap V3,SushiSwap V2,-4.502973,-0.9005946,-2.46672,-0.493344,Uniswap V3 -> SushiSwap V2,497.53328,-2.46672,-0.493344,False
26011849,2026-09-19 13:26:23+00:00,1000.0,2635.999125211738,2641.417072362232,5.4179471504943155,5.4179471504943155,0.20553675828929258,Uniswap V3,SushiSwap V2,-12.445374,-1.2445374,-8.39234,-0.839234,Uniswap V3 -> SushiSwap V2,991.60766,-8.39234,-0.839234,False
26011849,2026-09-19 13:26:23+00:00,5000.0,2635.999125211738,2641.417072362232,5.4179471504943155,5.4179471504943155,0.20553675828929258,Uniswap V3,SushiSwap V2,-195.622708,-3.91245416,-176.106447,-3.52212894,Uniswap V3 -> SushiSwap V2,4823.893553,-176.106447,-3.52212894,False
26011849,2026-09-19 13:26:23+00:00,10000.0,2635.999125211738,2641.417072362232,5.4179471504943155,5.4179471504943155,0.20553675828929258,Uniswap V3,SushiSwap V2,-705.126155,-7.05126155,-667.827129,-6.67827129,Uniswap V3 -> SushiSwap V2,9332.172871,-667.827129,-6.67827129,False
26011850,2026-09-19 13:26:35+00:00,100.0,2635.999125211738,2641.417072362232,5.4179471504943155,5.4179471504943155,0.20553675828929258,Uniswap V3,SushiSwap V2,-0.623711,-0.623711,-0.21489,-0.21489,Uniswap V3 -> SushiSwap V2,99.78511,-0.21489,-0.21489,False
26011850,2026-09-19 13:26:35+00:00,500.0,2635.999125211738,2641.417072362232,5.4179471504943155,5.4179471504943155,0.20553675828929258,Uniswap V3,SushiSwap V2,-4.502973,-0.9005946,-2.46672,-0.493344,Uniswap V3 -> SushiSwap V2,497.53328,-2.46672,-0.493344,False
26011850,2026-09-19 13:26:35+00:00,1000.0,2635.999125211738,2641.417072362232,5.4179471504943155,5.4179471504943155,0.20553675828929258,Uniswap V3,SushiSwap V2,-12.445374,-1.2445374,-8.39234,-0.839234,Uniswap V3 -> SushiSwap V2,991.60766,-8.39234,-0.839234,False
26011850,2026-09-19 13:26:35+00:00,5000.0,2635.999125211738,2641.417072362232,5.4179471504943155,5.4179471504943155,0.20553675828929258,Uniswap V3,SushiSwap V2,-195.622708,-3.91245416,-176.106447,-3.52212894,Uniswap V3 -> SushiSwap V2,4823.893553,-176.106447,-3.52212894,False
26011850,2026-09-19 13:26:35+00:00,10000.0,2635.999125211738,2641.417072362232,5.4179471504943155,5.4179471504943155,0.20553675828929258,Uniswap V3,SushiSwap V2,-705.126155,-7.05126155,-667.827129,-6.67827129,Uniswap V3 -> SushiSwap V2,9332.172871,-667.827129,-6.67827129,False
26011851,2026-09-19 13:26:47+00:00,100.0,2635.883777970269,2641.417072362232,5.533294391963248,5.533294391963248,0.20992178935233996,Uniswap V3,SushiSwap V2,-0.62806,-0.62806,-0.210526,-0.210526,Uniswap V3 -> SushiSwap V2,99.789474,-0.210526,-0.210526,False
26011851,2026-09-19 13:26:47+00:00,500.0,2635.883777970269,2641.417072362232,5.533294391963248,5.533294391963248,0.20992178935233996,Uniswap V3,SushiSwap V2,-4.524655,-0.904931,-2.445024,-0.4890048,Uniswap V3 -> SushiSwap V2,497.554976,-2.445024,-0.4890048,False
26011851,2026-09-19 13:26:47+00:00,1000.0,2635.883777970269,2641.417072362232,5.533294391963248,5.533294391963248,0.20992178935233996,Uniswap V3,SushiSwap V2,-12.488588,-1.2488588,-8.349249,-0.8349249,Uniswap V3 -> SushiSwap V2,991.650751,-8.349249,-0.8349249,False
26011851,2026-09-19 13:26:47+00:00,5000.0,2635.883777970269,2641.417072362232,5.533294391963248,5.533294391963248,0.20992178935233996,Uniswap V3,SushiSwap V2,-195.832938,-3.91665876,-175.902493,-3.51804986,Uniswap V3 -> SushiSwap V2,4824.097507,-175.902493,-3.51804986,False
26011851,2026-09-19 13:26:47+00:00,10000.0,2635.883777970269,2641.417072362232,5.533294391963248,5.533294391963248,0.20992178935233996,Uniswap V3,SushiSwap V2,-705.532878,-7.05532878,-667.44547,-6.6744547,Uniswap V3 -> SushiSwap V2,9332.55453,-667.44547,-6.6744547,False
26011852,2026-09-19 13:26:59+00:00,100.0,2635.883777970269,2641.417072362232,5.533294391963248,5.533294391963248,0.20992178935233996,Uniswap V3,SushiSwap V2,-0.62806,-0.62806,-0.210526,-0.210526,Uniswap V3 -> SushiSwap V2,99.789474,-0.210526,-0.210526,False
26011852,2026-09-19 13:26:59+00:00,500.0,2635.883777970269,2641.417072362232,5.533294391963248,5.533294391963248,0.20992178935233996,Uniswap V3,SushiSwap V2,-4.524655,-0.904931,-2.445024,-0.4890048,Uniswap V3 -> SushiSwap V2,497.554976,-2.445024,-0.4890048,False
26011852,2026-09-19 13:26:59+00:00,1000.0,2635.883777970269,2641.417072362232,5.533294391963248,5.533294391963248,0.20992178935233996,Uniswap V3,SushiSwap V2,-12.488588,-1.2488588,-8.349249,-0.8349249,Uniswap V3 -> SushiSwap V2,991.650751,-8.349249,-0.8349249,False
26011852,2026-09-19 13:26:59+00:00,5000.0,2635.883777970269,2641.417072362232,5.533294391963248,5.533294391963248,0.20992178935233996,Uniswap V3,SushiSwap V2,-195.832938,-3.91665876,-175.902493,-3.51804986,Uniswap V3 -> SushiSwap V2,4824.097507,-175.902493,-3.51804986,False
26011852,2026-09-19 13:26:59+00:00,10000.0,2635.883777970269,2641.417072362232,5.533294391963248,5.533294391963248,0.20992178935233996,Uniswap V3,SushiSwap V2,-705.532878,-7.05532878,-667.44547,-6.6744547,Uniswap V3 -> SushiSwap V2,9332.55453,-667.44547,-6.6744547,False
26011853,2026-09-19 13:27:11+00:00,100.0,2635.8884113504737,2641.417072362232,5.528661011758528,5.528661011758528,0.2097456397604468,Uniswap V3,SushiSwap V2,-0.627885,-0.627885,-0.210702,-0.210702,Uniswap V3 -> SushiSwap V2,99.789298,-0.210702,-0.210702,False
26011853,2026-09-19 13:27:11+00:00,500.0,2635.8884113504737,2641.417072362232,5.528661011758528,5.528661011758528,0.2097456397604468,Uniswap V3,SushiSwap V2,-4.523784,-0.9047568,-2.445895,-0.489179,Uniswap V3 -> SushiSwap V2,497.554105,-2.445895,-0.489179,False
26011853,2026-09-19 13:27:11+00:00,1000.0,2635.8884113504737,2641.417072362232,5.528661011758528,5.528661011758528,0.2097456397604468,Uniswap V3,SushiSwap V2,-12.486852,-1.2486852,-8.35098,-0.835098,Uniswap V3 -> SushiSwap V2,991.64902,-8.35098,-0.835098,False
26011853,2026-09-19 13:27:11+00:00,5000.0,2635.8884113504737,2641.417072362232,5.528661011758528,5.528661011758528,0.2097456397604468,Uniswap V3,SushiSwap V2,-195.824493,-3.91648986,-175.910686,-3.51821372,Uniswap V3 -> SushiSwap V2,4824.089314,-175.910686,-3.51821372,False
26011853,2026-09-19 13:27:11+00:00,10000.0,2635.8884113504737,2641.417072362232,5.528661011758528,5.528661011758528,0.2097456397604468,Uniswap V3,SushiSwap V2,-705.51654,-7.0551654,-667.460802,-6.67460802,Uniswap V3 -> SushiSwap V2,9332.539198,-667.460802,-6.67460802,False
26011854,2026-09-19 13:27:23+00:00,100.0,2635.8884113504737,2641.417072362232,5.528661011758528,5.528661011758528,0.2097456397604468,Uniswap V3,SushiSwap V2,-0.627885,-0.627885,-0.210702,-0.210702,Uniswap V3 -> SushiSwap V2,99.789298,-0.210702,-0.210702,False
26011854,2026-09-19 13:27:23+00:00,500.0,2635.8884113504737,2641.417072362232,5.528661011758528,5.528661011758528,0.2097456397604468,Uniswap V3,SushiSwap V2,-4.523784,-0.9047568,-2.445895,-0.489179,Uniswap V3 -> SushiSwap V2,497.554105,-2.445895,-0.489179,False
26011854,2026-09-19 13:27:23+00:00,1000.0,2635.8884113504737,2641.417072362232,5.528661011758528,5.528661011758528,0.2097456397604468,Uniswap V3,SushiSwap V2,-12.486852,-1.2486852,-8.35098,-0.835098,Uniswap V3 -> SushiSwap V2,991.64902,-8.35098,-0.835098,False
26011854,2026-09-19 13:27:23+00:00,5000.0,2635.8884113504737,2641.417072362232,5.528661011758528,5.528661011758528,0.2097456397604468,Uniswap V3,SushiSwap V2,-195.824493,-3.91648986,-175.910686,-3.51821372,Uniswap V3 -> SushiSwap V2,4824.089314,-175.910686,-3.51821372,False
26011854,2026-09-19 13:27:23+00:00,10000.0,2635.8884113504737,2641.417072362232,5.528661011758528,5.528661011758528,0.2097456397604468,Uniswap V3,SushiSwap V2,-705.51654,-7.0551654,-667.460802,-6.67460802,Uniswap V3 -> SushiSwap V2,9332.539198,-667.460802,-6.67460802,False
26011855,2026-09-19 13:27:35+00:00,100.0,2635.8884113504737,2641.417072362232,5.528661011758528,5.528661011758528,0.2097456397604468,Uniswap V3,SushiSwap V2,-0.627885,-0.627885,-0.210702,-0.210702,Uniswap V3 -> SushiSwap V2,99.789298,-0.210702,-0.210702,False
26011855,2026-09-19 13:27:35+00:00,500.0,2635.8884113504737,2641.417072362232,5.528661011758528,5.528661011758528,0.2097456397604468,Uniswap V3,SushiSwap V2,-4.523784,-0.9047568,-2.445895,-0.489179,Uniswap V3 -> SushiSwap V2,497.554105,-2.445895,-0.489179,False
26011855,2026-09-19 13:27:35+00:00,1000.0,2635.8884113504737,2641.417072362232,5.528661011758528,5.528661011758528,0.2097456397604468,Uniswap V3,SushiSwap V2,-12.486852,-1.2486852,-8.35098,-0.835098,Uniswap V3 -> SushiSwap V2,991.64902,-8.35098,-0.835098,False
26011855,2026-09-19 13:27:35+00:00,5000.0,2635.8884113504737,2641.417072362232,5.528661011758528,5.528661011758528,0.2097456397604468,Uniswap V3,SushiSwap V2,-195.824493,-3.91648986,-175.910686,-3.51821372,Uniswap V3 -> SushiSwap V2,4824.089314,-175.910686,-3.51821372,False
26011855,2026-09-19 13:27:35+00:00,10000.0,2635.8884113504737,2641.417072362232,5.528661011758528,5.528661011758528,0.2097456397604468,Uniswap V3,SushiSwap V2,-705.51654,-7.0551654,-667.460802,-6.67460802,Uniswap V3 -> SushiSwap V2,9332.539198,-667.460802,-6.67460802,False
26011856,2026-09-19 13:27:47+00:00,100.0,2635.8294083208293,2641.417072362232,5.587664041402929,5.587664041402929,0.21198883447326677,Uniswap V3,SushiSwap V2,-0.630109,-0.630109,-0.20847,-0.20847,Uniswap V3 -> SushiSwap V2,99.79153,-0.20847,-0.20847,False
26011856,2026-09-19 13:27:47+00:00,500.0,2635.8294083208293,2641.417072362232,5.587664041402929,5.587664041402929,0.21198883447326677,Uniswap V3,SushiSwap V2,-4.534875,-0.906975,-2.434796,-0.4869592,Uniswap V3 -> SushiSwap V2,497.565204,-2.434796,-0.4869592,False
26011856,2026-09-19 13:27:47+00:00,1000.0,2635.8294083208293,2641.417072362232,5.587664041402929,5.587664041402929,0.21198883447326677,Uniswap V3,SushiSwap V2,-12.508957,-1.2508957,-8.328936,-0.8328936,Uniswap V3 -> SushiSwap V2,991.671064,-8.328936,-0.8328936,False
26011856,2026-09-19 13:27:47+00:00,5000.0,2635.8294083208293,2641.417072362232,5.587664041402929,5.587664041402929,0.21198883447326677,Uniswap V3,SushiSwap V2,-195.932031,-3.91864062,-175.806349,-3.51612698,Uniswap V3 -> SushiSwap V2,4824.193651,-175.806349,-3.51612698,False
26011856,2026-09-19 13:27:47+00:00,10000.0,2635.8294083208293,2641.417072362232,5.587664041402929,5.587664041402929,0.21198883447326677,Uniswap V3,SushiSwap V2,-705.724588,-7.05724588,-667.265561,-6.67265561,Uniswap V3 -> SushiSwap V2,9332.734439,-667.265561,-6.67265561,False
26011857,2026-09-19 13:27:59+00:00,100.0,2635.461119850698,2641.417072362232,5.955952511533693,5.955952511533693,0.22599280507963265,Uniswap V3,SushiSwap V2,-0.643994,-0.643994,-0.194534,-0.194534,Uniswap V3 -> SushiSwap V2,99.805466,-0.194534,-0.194534,False
26011857,2026-09-19 13:27:59+00:00,500.0,2635.461119850698,2641.417072362232,5.955952511533693,5.955952511533693,0.22599280507963265,Uniswap V3,SushiSwap V2,-4.604104,-0.9208208,-2.365507,-0.4731014,Uniswap V3 -> SushiSwap V2,497.634493,-2.365507,-0.4731014,False
26011857,2026-09-19 13:27:59+00:00,1000.0,2635.461119850698,2641.417072362232,5.955952511533693,5.955952511533693,0.22599280507963265,Uniswap V3,SushiSwap V2,-12.646933,-1.2646933,-8.19132,-0.819132,Uniswap V3 -> SushiSwap V2,991.80868,-8.19132,-0.819132,False
26011857,2026-09-19 13:27:59+00:00,5000.0,2635.461119850698,2641.417072362232,5.955952511533693,5.955952511533693,0.22599280507963265,Uniswap V3,SushiSwap V2,-196.603267,-3.93206534,-175.154996,-3.50309992,Uniswap V3 -> SushiSwap V2,4824.845004,-175.154996,-3.50309992,False
26011857,2026-09-19 13:27:59+00:00,10000.0,2635.461119850698,2641.417072362232,5.955952511533693,5.955952511533693,0.22599280507963265,Uniswap V3,SushiSwap V2,-707.023194,-7.07023194,-666.046691,-6.66046691,Uniswap V3 -> SushiSwap V2,9333.953309,-666.046691,-6.66046691,False
26011858,2026-09-19 13:28:11+00:00,100.0,2635.461119850698,2641.417072362232,5.955952511533693,5.955952511533693,0.22599280507963265,Uniswap V3,SushiSwap V2,-0.643994,-0.643994,-0.194534,-0.194534,Uniswap V3 -> SushiSwap V2,99.805466,-0.194534,-0.194534,False
26011858,2026-09-19 13:28:11+00:00,500.0,2635.461119850698,2641.417072362232,5.955952511533693,5.955952511533693,0.22599280507963265,Uniswap V3,SushiSwap V2,-4.604104,-0.9208208,-2.365507,-0.4731014,Uniswap V3 -> SushiSwap V2,497.634493,-2.365507,-0.4731014,False
26011858,2026-09-19 13:28:11+00:00,1000.0,2635.461119850698,2641.417072362232,5.955952511533693,5.955952511533693,0.22599280507963265,Uniswap V3,SushiSwap V2,-12.646933,-1.2646933,-8.19132,-0.819132,Uniswap V3 -> SushiSwap V2,991.80868,-8.19132,-0.819132,False
26011858,2026-09-19 13:28:11+00:00,5000.0,2635.461119850698,2641.417072362232,5.955952511533693,5.955952511533693,0.22599280507963265,Uniswap V3,SushiSwap V2,-196.603267,-3.93206534,-175.154996,-3.50309992,Uniswap V3 -> SushiSwap V2,4824.845004,-175.154996,-3.50309992,False
26011858,2026-09-19 13:28:11+00:00,10000.0,2635.461119850698,2641.417072362232,5.955952511533693,5.955952511533693,0.22599280507963265,Uniswap V3,SushiSwap V2,-707.023194,-7.07023194,-666.046691,-6.66046691,Uniswap V3 -> SushiSwap V2,9333.953309,-666.046691,-6.66046691,False
26011859,2026-09-19 13:28:23+00:00,100.0,2635.461119850698,2641.417072362232,5.955952511533693,5.955952511533693,0.22599280507963265,Uniswap V3,SushiSwap V2,-0.643994,-0.643994,-0.194534,-0.194534,Uniswap V3 -> SushiSwap V2,99.805466,-0.194534,-0.194534,False
26011859,2026-09-19 13:28:23+00:00,500.0,2635.461119850698,2641.417072362232,5.955952511533693,5.955952511533693,0.22599280507963265,Uniswap V3,SushiSwap V2,-4.604104,-0.9208208,-2.365507,-0.4731014,Uniswap V3 -> SushiSwap V2,497.634493,-2.365507,-0.4731014,False
26011859,2026-09-19 13:28:23+00:00,1000.0,2635.461119850698,2641.417072362232,5.955952511533693,5.955952511533693,0.22599280507963265,Uniswap V3,SushiSwap V2,-12.646933,-1.2646933,-8.19132,-0.819132,Uniswap V3 -> SushiSwap V2,991.80868,-8.19132,-0.819132,False
26011859,2026-09-19 13:28:23+00:00,5000.0,2635.461119850698,2641.417072362232,5.955952511533693,5.955952511533693,0.22599280507963265,Uniswap V3,SushiSwap V2,-196.603267,-3.93206534,-175.154996,-3.50309992,Uniswap V3 -> SushiSwap V2,4824.845004,-175.154996,-3.50309992,False
26011859,2026-09-19 13:28:23+00:00,10000.0,2635.461119850698,2641.417072362232,5.955952511533693,5.955952511533693,0.22599280507963265,Uniswap V3,SushiSwap V2,-707.023194,-7.07023194,-666.046691,-6.66046691,Uniswap V3 -> SushiSwap V2,9333.953309,-666.046691,-6.66046691,False
26011860,2026-09-19 13:28:35+00:00,100.0,2635.057239077448,2641.417072362232,6.359833284784214,6.359833284784214,0.2413546541027259,Uniswap V3,SushiSwap V2,-0.65922,-0.65922,-0.179248,-0.179248,Uniswap V3 -> SushiSwap V2,99.820752,-0.179248,-0.179248,False
26011860,2026-09-19 13:28:35+00:00,500.0,2635.057239077448,2641.417072362232,6.359833284784214,6.359833284784214,0.2413546541027259,Uniswap V3,SushiSwap V2,-4.680026,-0.9360052,-2.289503,-0.4579006,Uniswap V3 -> SushiSwap V2,497.710497,-2.289503,-0.4579006,False
26011860,2026-09-19 13:28:35+00:00,1000.0,2635.057239077448,2641.417072362232,6.359833284784214,6.359833284784214,0.2413546541027259,Uniswap V3,SushiSwap V2,-12.798256,-1.2798256,-8.040373,-0.8040373,Uniswap V3 -> SushiSwap V2,991.959627,-8.040373,-0.8040373,False
26011860,2026-09-19 13:28:35+00:00,5000.0,2635.057239077448,2641.417072362232,6.359833284784214,6.359833284784214,0.2413546541027259,Uniswap V3,SushiSwap V2,-197.339689,-3.94679378,-174.440811,-3.48881622,Uniswap V3 -> SushiSwap V2,4825.559189,-174.440811,-3.48881622,False
26011860,2026-09-19 13:28:35+00:00,10000.0,2635.057239077448,2641.417072362232,6.359833284784214,6.359833284784214,0.2413546541027259,Uniswap V3,SushiSwap V2,-708.44848,-7.0844848,-664.710852,-6.64710852,Uniswap V3 -> SushiSwap V2,9335.289148,-664.710852,-6.64710852,False
26011861,2026-09-19 13:28:47+00:00,100.0,2634.8670764805925,2641.417072362232,6.549995881639533,6.549995881639533,0.24858923397336616,Uniswap V3,SushiSwap V2,-0.666389,-0.666389,-0.172048,-0.172048,Uniswap V3 -> SushiSwap V2,99.827952,-0.172048,-0.172048,False
26011861,2026-09-19 13:28:47+00:00,500.0,2634.8670764805925,2641.417072362232,6.549995881639533,6.549995881639533,0.24858923397336616,Uniswap V3,SushiSwap V2,-4.715771,-0.9431542,-2.253708,-0.4507416,Uniswap V3 -> SushiSwap V2,497.746292,-2.253708,-0.4507416,False
26011861,2026-09-19 13:28:47+00:00,1000.0,2634.8670764805925,2641.417072362232,6.549995881639533,6.549995881639533,0.24858923397336616,Uniswap V3,SushiSwap V2,-12.869499,-1.2869499,-7.96928,-0.796928,Uniswap V3 -> SushiSwap V2,992.03072,-7.96928,-0.796928,False
26011861,2026-09-19 13:28:47+00:00,5000.0,2634.8670764805925,2641.417072362232,6.549995881639533,6.549995881639533,0.24858923397336616,Uniswap V3,SushiSwap V2,-197.686276,-3.95372552,-174.104323,-3.48208646,Uniswap V3 -> SushiSwap V2,4825.895677,-174.104323,-3.48208646,False
26011861,2026-09-19 13:28:47+00:00,10000.0,2634.8670764805925,2641.417072362232,6.549995881639533,6.549995881639533,0.24858923397336616,Uniswap V3,SushiSwap V2,-709.119004,-7.09119004,-664.081194,-6.64081194,Uniswap V3 -> SushiSwap V2,9335.918806,-664.081194,-6.64081194,False
26011862,2026-09-19 13:28:59+00:00,100.0,2634.1742090238963,2641.417072362232,7.242863338335783,7.242863338335783,0.27495764378543724,Uniswap V3,SushiSwap V2,-0.69251,-0.69251,-0.145809,-0.145809,Uniswap V3 -> SushiSwap V2,99.854191,-0.145809,-0.145809,False
26011862,2026-09-19 13:28:59+00:00,500.0,2634.1742090238963,2641.417072362232,7.242863338335783,7.242863338335783,0.27495764378543724,Uniswap V3,SushiSwap V2,-4.846011,-0.9692022,-2.123243,-0.4246486,Uniswap V3 -> SushiSwap V2,497.876757,-2.123243,-0.4246486,False
26011862,2026-09-19 13:28:59+00:00,1000.0,2634.1742090238963,2641.417072362232,7.242863338335783,7.242863338335783,0.27495764378543724,Uniswap V3,SushiSwap V2,-13.129075,-1.3129075,-7.710161,-0.7710161,Uniswap V3 -> SushiSwap V2,992.289839,-7.710161,-0.7710161,False
26011862,2026-09-19 13:28:59+00:00,5000.0,2634.1742090238963,2641.417072362232,7.242863338335783,7.242863338335783,0.27495764378543724,Uniswap V3,SushiSwap V2,-198.949084,-3.97898168,-172.877911,-3.45755822,Uniswap V3 -> SushiSwap V2,4827.122089,-172.877911,-3.45755822,False
26011862,2026-09-19 13:28:59+00:00,10000.0,2634.1742090238963,2641.417072362232,7.242863338335783,7.242863338335783,0.27495764378543724,Uniswap V3,SushiSwap V2,-711.562094,-7.11562094,-661.786283,-6.61786283,Uniswap V3 -> SushiSwap V2,9338.213717,-661.786283,-6.61786283,False
26011863,2026-09-19 13:29:11+00:00,100.0,2634.1742090238963,2641.417072362232,7.242863338335783,7.242863338335783,0.27495764378543724,Uniswap V3,SushiSwap V2,-0.69251,-0.69251,-0.145809,-0.145809,Uniswap V3 -> SushiSwap V2,99.854191,-0.145809,-0.145809,False
26011863,2026-09-19 13:29:11+00:00,500.0,2634.1742090238963,2641.417072362232,7.242863338335783,7.242863338335783,0.27495764378543724,Uniswap V3,SushiSwap V2,-4.846011,-0.9692022,-2.123243,-0.4246486,Uniswap V3 -> SushiSwap V2,497.876757,-2.123243,-0.4246486,False
26011863,2026-09-19 13:29:11+00:00,1000.0,2634.1742090238963,2641.417072362232,7.242863338335783,7.242863338335783,0.27495764378543724,Uniswap V3,SushiSwap V2,-13.129075,-1.3129075,-7.710161,-0.7710161,Uniswap V3 -> SushiSwap V2,992.289839,-7.710161,-0.7710161,False
26011863,2026-09-19 13:29:11+00:00,5000.0,2634.1742090238963,2641.417072362232,7.242863338335783,7.242863338335783,0.27495764378543724,Uniswap V3,SushiSwap V2,-198.949084,-3.97898168,-172.877911,-3.45755822,Uniswap V3 -> SushiSwap V2,4827.122089,-172.877911,-3.45755822,False
26011863,2026-09-19 13:29:11+00:00,10000.0,2634.1742090238963,2641.417072362232,7.242863338335783,7.242863338335783,0.27495764378543724,Uniswap V3,SushiSwap V2,-711.562094,-7.11562094,-661.786283,-6.61786283,Uniswap V3 -> SushiSwap V2,9338.213717,-661.786283,-6.61786283,False
26011864,2026-09-19 13:29:23+00:00,100.0,2634.1742090238963,2641.417072362232,7.242863338335783,7.242863338335783,0.27495764378543724,Uniswap V3,SushiSwap V2,-0.69251,-0.69251,-0.145809,-0.145809,Uniswap V3 -> SushiSwap V2,99.854191,-0.145809,-0.145809,False
26011864,2026-09-19 13:29:23+00:00,500.0,2634.1742090238963,2641.417072362232,7.242863338335783,7.242863338335783,0.27495764378543724,Uniswap V3,SushiSwap V2,-4.846011,-0.9692022,-2.123243,-0.4246486,Uniswap V3 -> SushiSwap V2,497.876757,-2.123243,-0.4246486,False
26011864,2026-09-19 13:29:23+00:00,1000.0,2634.1742090238963,2641.417072362232,7.242863338335783,7.242863338335783,0.27495764378543724,Uniswap V3,SushiSwap V2,-13.129075,-1.3129075,-7.710161,-0.7710161,Uniswap V3 -> SushiSwap V2,992.289839,-7.710161,-0.7710161,False
26011864,2026-09-19 13:29:23+00:00,5000.0,2634.1742090238963,2641.417072362232,7.242863338335783,7.242863338335783,0.27495764378543724,Uniswap V3,SushiSwap V2,-198.949084,-3.97898168,-172.877911,-3.45755822,Uniswap V3 -> SushiSwap V2,4827.122089,-172.877911,-3.45755822,False
26011864,2026-09-19 13:29:23+00:00,10000.0,2634.1742090238963,2641.417072362232,7.242863338335783,7.242863338335783,0.27495764378543724,Uniswap V3,SushiSwap V2,-711.562094,-7.11562094,-661.786283,-6.61786283,Uniswap V3 -> SushiSwap V2,9338.213717,-661.786283,-6.61786283,False
26011865,2026-09-19 13:29:35+00:00,100.0,2634.1742090238963,2641.417072362232,7.242863338335783,7.242863338335783,0.27495764378543724,Uniswap V3,SushiSwap V2,-0.69251,-0.69251,-0.145809,-0.145809,Uniswap V3 -> SushiSwap V2,99.854191,-0.145809,-0.145809,False
26011865,2026-09-19 13:29:35+00:00,500.0,2634.1742090238963,2641.417072362232,7.242863338335783,7.242863338335783,0.27495764378543724,Uniswap V3,SushiSwap V2,-4.846011,-0.9692022,-2.123243,-0.4246486,Uniswap V3 -> SushiSwap V2,497.876757,-2.123243,-0.4246486,False
26011865,2026-09-19 13:29:35+00:00,1000.0,2634.1742090238963,2641.417072362232,7.242863338335783,7.242863338335783,0.27495764378543724,Uniswap V3,SushiSwap V2,-13.129075,-1.3129075,-7.710161,-0.7710161,Uniswap V3 -> SushiSwap V2,992.289839,-7.710161,-0.7710161,False
26011865,2026-09-19 13:29:35+00:00,5000.0,2634.1742090238963,2641.417072362232,7.242863338335783,7.242863338335783,0.27495764378543724,Uniswap V3,SushiSwap V2,-198.949084,-3.97898168,-172.877911,-3.45755822,Uniswap V3 -> SushiSwap V2,4827.122089,-172.877911,-3.45755822,False
26011865,2026-09-19 13:29:35+00:00,10000.0,2634.1742090238963,2641.417072362232,7.242863338335783,7.242863338335783,0.27495764378543724,Uniswap V3,SushiSwap V2,-711.562094,-7.11562094,-661.786283,-6.61786283,Uniswap V3 -> SushiSwap V2,9338.213717,-661.786283,-6.61786283,False
26011866,2026-09-19 13:29:47+00:00,100.0,2634.1742090238963,2641.417072362232,7.242863338335783,7.242863338335783,0.27495764378543724,Uniswap V3,SushiSwap V2,-0.69251,-0.69251,-0.145809,-0.145809,Uniswap V3 -> SushiSwap V2,99.854191,-0.145809,-0.145809,False
26011866,2026-09-19 13:29:47+00:00,500.0,2634.1742090238963,2641.417072362232,7.242863338335783,7.242863338335783,0.27495764378543724,Uniswap V3,SushiSwap V2,-4.846011,-0.9692022,-2.123243,-0.4246486,Uniswap V3 -> SushiSwap V2,497.876757,-2.123243,-0.4246486,False
26011866,2026-09-19 13:29:47+00:00,1000.0,2634.1742090238963,2641.417072362232,7.242863338335783,7.242863338335783,0.27495764378543724,Uniswap V3,SushiSwap V2,-13.129075,-1.3129075,-7.710161,-0.7710161,Uniswap V3 -> SushiSwap V2,992.289839,-7.710161,-0.7710161,False
26011866,2026-09-19 13:29:47+00:00,5000.0,2634.1742090238963,2641.417072362232,7.242863338335783,7.242863338335783,0.27495764378543724,Uniswap V3,SushiSwap V2,-198.949084,-3.97898168,-172.877911,-3.45755822,Uniswap V3 -> SushiSwap V2,4827.122089,-172.877911,-3.45755822,False
26011866,2026-09-19 13:29:47+00:00,10000.0,2634.1742090238963,2641.417072362232,7.242863338335783,7.242863338335783,0.27495764378543724,Uniswap V3,SushiSwap V2,-711.562094,-7.11562094,-661.786283,-6.61786283,Uniswap V3 -> SushiSwap V2,9338.213717,-661.786283,-6.61786283,False
26011867,2026-09-19 13:29:59+00:00,100.0,2634.1742090238963,2641.417072362232,7.242863338335783,7.242863338335783,0.27495764378543724,Uniswap V3,SushiSwap V2,-0.69251,-0.69251,-0.145809,-0.145809,Uniswap V3 -> SushiSwap V2,99.854191,-0.145809,-0.145809,False
26011867,2026-09-19 13:29:59+00:00,500.0,2634.1742090238963,2641.417072362232,7.242863338335783,7.242863338335783,0.27495764378543724,Uniswap V3,SushiSwap V2,-4.846011,-0.9692022,-2.123243,-0.4246486,Uniswap V3 -> SushiSwap V2,497.876757,-2.123243,-0.4246486,False
26011867,2026-09-19 13:29:59+00:00,1000.0,2634.1742090238963,2641.417072362232,7.242863338335783,7.242863338335783,0.27495764378543724,Uniswap V3,SushiSwap V2,-13.129075,-1.3129075,-7.710161,-0.7710161,Uniswap V3 -> SushiSwap V2,992.289839,-7.710161,-0.7710161,False
26011867,2026-09-19 13:29:59+00:00,5000.0,2634.1742090238963,2641.417072362232,7.242863338335783,7.242863338335783,0.27495764378543724,Uniswap V3,SushiSwap V2,-198.949084,-3.97898168,-172.877911,-3.45755822,Uniswap V3 -> SushiSwap V2,4827.122089,-172.877911,-3.45755822,False
26011867,2026-09-19 13:29:59+00:00,10000.0,2634.1742090238963,2641.417072362232,7.242863338335783,7.242863338335783,0.27495764378543724,Uniswap V3,SushiSwap V2,-711.562094,-7.11562094,-661.786283,-6.61786283,Uniswap V3 -> SushiSwap V2,9338.213717,-661.786283,-6.61786283,False
26011868,2026-09-19 13:30:11+00:00,100.0,2632.124831920008,2641.417072362232,9.292240442224085,9.292240442224085,0.35303190523246747,Uniswap V3,SushiSwap V2,-0.76977,-0.76977,-0.068117,-0.068117,Uniswap V3 -> SushiSwap V2,99.931883,-0.068117,-0.068117,False
26011868,2026-09-19 13:30:11+00:00,500.0,2632.124831920008,2641.417072362232,9.292240442224085,9.292240442224085,0.35303190523246747,Uniswap V3,SushiSwap V2,-5.231234,-1.0462468,-1.736943,-0.3473886,Uniswap V3 -> SushiSwap V2,498.263057,-1.736943,-0.3473886,False
26011868,2026-09-19 13:30:11+00:00,1000.0,2632.124831920008,2641.417072362232,9.292240442224085,9.292240442224085,0.35303190523246747,Uniswap V3,SushiSwap V2,-13.896835,-1.3896835,-6.942919,-0.6942919,Uniswap V3 -> SushiSwap V2,993.057081,-6.942919,-0.6942919,False
26011868,2026-09-19 13:30:11+00:00,5000.0,2632.124831920008,2641.417072362232,9.292240442224085,9.292240442224085,0.35303190523246747,Uniswap V3,SushiSwap V2,-202.683769,-4.05367538,-169.246275,-3.3849255,Uniswap V3 -> SushiSwap V2,4830.753725,-169.246275,-3.3849255,False
26011868,2026-09-19 13:30:11+00:00,10000.0,2632.124831920008,2641.417072362232,9.292240442224085,9.292240442224085,0.35303190523246747,Uniswap V3,SushiSwap V2,-718.786541,-7.18786541,-654.989948,-6.54989948,Uniswap V3 -> SushiSwap V2,9345.010052,-654.989948,-6.54989948,False
26011869,2026-09-19 13:30:23+00:00,100.0,2631.8986550130517,2641.417072362232,9.51841734918018,9.51841734918018,0.3616559220869003,Uniswap V3,SushiSwap V2,-0.778297,-0.778297,-0.059535,-0.059535,Uniswap V3 -> SushiSwap V2,99.940465,-0.059535,-0.059535,False
26011869,2026-09-19 13:30:23+00:00,500.0,2631.8986550130517,2641.417072362232,9.51841734918018,9.51841734918018,0.3616559220869003,Uniswap V3,SushiSwap V2,-5.273749,-1.0547498,-1.694274,-0.3388548,Uniswap V3 -> SushiSwap V2,498.305726,-1.694274,-0.3388548,False
26011869,2026-09-19 13:30:23+00:00,1000.0,2631.8986550130517,2641.417072362232,9.51841734918018,9.51841734918018,0.3616559220869003,Uniswap V3,SushiSwap V2,-13.98157,-1.398157,-6.858173,-0.6858173,Uniswap V3 -> SushiSwap V2,993.141827,-6.858173,-0.6858173,False
26011869,2026-09-19 13:30:23+00:00,5000.0,2631.8986550130517,2641.417072362232,9.51841734918018,9.51841734918018,0.3616559220869003,Uniswap V3,SushiSwap V2,-203.095995,-4.0619199,-168.845193,-3.37690386,Uniswap V3 -> SushiSwap V2,4831.154807,-168.845193,-3.37690386,False
26011869,2026-09-19 13:30:23+00:00,10000.0,2631.8986550130517,2641.417072362232,9.51841734918018,9.51841734918018,0.3616559220869003,Uniswap V3,SushiSwap V2,-719.584054,-7.19584054,-654.239471,-6.54239471,Uniswap V3 -> SushiSwap V2,9345.760529,-654.239471,-6.54239471,False
26011870,2026-09-19 13:30:35+00:00,100.0,2631.8986550130517,2641.417072362232,9.51841734918018,9.51841734918018,0.3616559220869003,Uniswap V3,SushiSwap V2,-0.778297,-0.778297,-0.059535,-0.059535,Uniswap V3 -> SushiSwap V2,99.940465,-0.059535,-0.059535,False
26011870,2026-09-19 13:30:35+00:00,500.0,2631.8986550130517,2641.417072362232,9.51841734918018,9.51841734918018,0.3616559220869003,Uniswap V3,SushiSwap V2,-5.273749,-1.0547498,-1.694274,-0.3388548,Uniswap V3 -> SushiSwap V2,498.305726,-1.694274,-0.3388548,False
26011870,2026-09-19 13:30:35+00:00,1000.0,2631.8986550130517,2641.417072362232,9.51841734918018,9.51841734918018,0.3616559220869003,Uniswap V3,SushiSwap V2,-13.98157,-1.398157,-6.858173,-0.6858173,Uniswap V3 -> SushiSwap V2,993.141827,-6.858173,-0.6858173,False
26011870,2026-09-19 13:30:35+00:00,5000.0,2631.8986550130517,2641.417072362232,9.51841734918018,9.51841734918018,0.3616559220869003,Uniswap V3,SushiSwap V2,-203.095995,-4.0619199,-168.845193,-3.37690386,Uniswap V3 -> SushiSwap V2,4831.154807,-168.845193,-3.37690386,False
26011870,2026-09-19 13:30:35+00:00,10000.0,2631.8986550130517,2641.417072362232,9.51841734918018,9.51841734918018,0.3616559220869003,Uniswap V3,SushiSwap V2,-719.584054,-7.19584054,-654.239471,-6.54239471,Uniswap V3 -> SushiSwap V2,9345.760529,-654.239471,-6.54239471,False
26011871,2026-09-19 13:30:47+00:00,100.0,2630.629233874202,2637.968771503085,7.339537628883113,7.339537628883113,0.27900311964806873,Uniswap V3,SushiSwap V2,-0.696561,-0.696561,-0.141829,-0.141829,Uniswap V3 -> SushiSwap V2,99.858171,-0.141829,-0.141829,False
26011871,2026-09-19 13:30:47+00:00,500.0,2630.629233874202,2637.968771503085,7.339537628883113,7.339537628883113,0.27900311964806873,Uniswap V3,SushiSwap V2,-4.867105,-0.973421,-2.104353,-0.4208706,Uniswap V3 -> SushiSwap V2,497.895647,-2.104353,-0.4208706,False
26011871,2026-09-19 13:30:47+00:00,1000.0,2630.629233874202,2637.968771503085,7.339537628883113,7.339537628883113,0.27900311964806873,Uniswap V3,SushiSwap V2,-13.173328,-1.3173328,-7.674882,-0.7674882,Uniswap V3 -> SushiSwap V2,992.325118,-7.674882,-0.7674882,False
26011871,2026-09-19 13:30:47+00:00,5000.0,2630.629233874202,2637.968771503085,7.339537628883113,7.339537628883113,0.27900311964806873,Uniswap V3,SushiSwap V2,-199.24787,-3.9849574,-172.795688,-3.45591376,Uniswap V3 -> SushiSwap V2,4827.204312,-172.795688,-3.45591376,False
26011871,2026-09-19 13:30:47+00:00,10000.0,2630.629233874202,2637.968771503085,7.339537628883113,7.339537628883113,0.27900311964806873,Uniswap V3,SushiSwap V2,-712.330188,-7.12330188,-661.83087,-6.6183087,Uniswap V3 -> SushiSwap V2,9338.16913,-661.83087,-6.6183087,False
26011872,2026-09-19 13:30:59+00:00,100.0,2630.629233874202,2637.968771503085,7.339537628883113,7.339537628883113,0.27900311964806873,Uniswap V3,SushiSwap V2,-0.696561,-0.696561,-0.141829,-0.141829,Uniswap V3 -> SushiSwap V2,99.858171,-0.141829,-0.141829,False
26011872,2026-09-19 13:30:59+00:00,500.0,2630.629233874202,2637.968771503085,7.339537628883113,7.339537628883113,0.27900311964806873,Uniswap V3,SushiSwap V2,-4.867105,-0.973421,-2.104353,-0.4208706,Uniswap V3 -> SushiSwap V2,497.895647,-2.104353,-0.4208706,False
26011872,2026-09-19 13:30:59+00:00,1000.0,2630.629233874202,2637.968771503085,7.339537628883113,7.339537628883113,0.27900311964806873,Uniswap V3,SushiSwap V2,-13.173328,-1.3173328,-7.674882,-0.7674882,Uniswap V3 -> SushiSwap V2,992.325118,-7.674882,-0.7674882,False
26011872,2026-09-19 13:30:59+00:00,5000.0,2630.629233874202,2637.968771503085,7.339537628883113,7.339537628883113,0.27900311964806873,Uniswap V3,SushiSwap V2,-199.24787,-3.9849574,-172.795688,-3.45591376,Uniswap V3 -> SushiSwap V2,4827.204312,-172.795688,-3.45591376,False
26011872,2026-09-19 13:30:59+00:00,10000.0,2630.629233874202,2637.968771503085,7.339537628883113,7.339537628883113,0.27900311964806873,Uniswap V3,SushiSwap V2,-712.330188,-7.12330188,-661.83087,-6.6183087,Uniswap V3 -> SushiSwap V2,9338.16913,-661.83087,-6.6183087,False
26011873,2026-09-19 13:31:11+00:00,100.0,2630.629233874202,2637.968771503085,7.339537628883113,7.339537628883113,0.27900311964806873,Uniswap V3,SushiSwap V2,-0.696561,-0.696561,-0.141829,-0.141829,Uniswap V3 -> SushiSwap V2,99.858171,-0.141829,-0.141829,False
26011873,2026-09-19 13:31:11+00:00,500.0,2630.629233874202,2637.968771503085,7.339537628883113,7.339537628883113,0.27900311964806873,Uniswap V3,SushiSwap V2,-4.867105,-0.973421,-2.104353,-0.4208706,Uniswap V3 -> SushiSwap V2,497.895647,-2.104353,-0.4208706,False
26011873,2026-09-19 13:31:11+00:00,1000.0,2630.629233874202,2637.968771503085,7.339537628883113,7.339537628883113,0.27900311964806873,Uniswap V3,SushiSwap V2,-13.173328,-1.3173328,-7.674882,-0.7674882,Uniswap V3 -> SushiSwap V2,992.325118,-7.674882,-0.7674882,False
26011873,2026-09-19 13:31:11+00:00,5000.0,2630.629233874202,2637.968771503085,7.339537628883113,7.339537628883113,0.27900311964806873,Uniswap V3,SushiSwap V2,-199.24787,-3.9849574,-172.795688,-3.45591376,Uniswap V3 -> SushiSwap V2,4827.204312,-172.795688,-3.45591376,False
26011873,2026-09-19 13:31:11+00:00,10000.0,2630.629233874202,2637.968771503085,7.339537628883113,7.339537628883113,0.27900311964806873,Uniswap V3,SushiSwap V2,-712.330188,-7.12330188,-661.83087,-6.6183087,Uniswap V3 -> SushiSwap V2,9338.16913,-661.83087,-6.6183087,False
26011874,2026-09-19 13:31:23+00:00,100.0,2630.629233874202,2637.968771503085,7.339537628883113,7.339537628883113,0.27900311964806873,Uniswap V3,SushiSwap V2,-0.696561,-0.696561,-0.141829,-0.141829,Uniswap V3 -> SushiSwap V2,99.858171,-0.141829,-0.141829,False
26011874,2026-09-19 13:31:23+00:00,500.0,2630.629233874202,2637.968771503085,7.339537628883113,7.339537628883113,0.27900311964806873,Uniswap V3,SushiSwap V2,-4.867105,-0.973421,-2.104353,-0.4208706,Uniswap V3 -> SushiSwap V2,497.895647,-2.104353,-0.4208706,False
26011874,2026-09-19 13:31:23+00:00,1000.0,2630.629233874202,2637.968771503085,7.339537628883113,7.339537628883113,0.27900311964806873,Uniswap V3,SushiSwap V2,-13.173328,-1.3173328,-7.674882,-0.7674882,Uniswap V3 -> SushiSwap V2,992.325118,-7.674882,-0.7674882,False
26011874,2026-09-19 13:31:23+00:00,5000.0,2630.629233874202,2637.968771503085,7.339537628883113,7.339537628883113,0.27900311964806873,Uniswap V3,SushiSwap V2,-199.24787,-3.9849574,-172.795688,-3.45591376,Uniswap V3 -> SushiSwap V2,4827.204312,-172.795688,-3.45591376,False
26011874,2026-09-19 13:31:23+00:00,10000.0,2630.629233874202,2637.968771503085,7.339537628883113,7.339537628883113,0.27900311964806873,Uniswap V3,SushiSwap V2,-712.330188,-7.12330188,-661.83087,-6.6183087,Uniswap V3 -> SushiSwap V2,9338.16913,-661.83087,-6.6183087,False
26011875,2026-09-19 13:31:35+00:00,100.0,2633.2892666895405,2637.968771503085,4.67950481354475,4.67950481354475,0.17770568819534308,Uniswap V3,SushiSwap V2,-0.596148,-0.596148,-0.24263,-0.24263,Uniswap V3 -> SushiSwap V2,99.75737,-0.24263,-0.24263,False
26011875,2026-09-19 13:31:35+00:00,500.0,2633.2892666895405,2637.968771503085,4.67950481354475,4.67950481354475,0.17770568819534308,Uniswap V3,SushiSwap V2,-4.36644,-0.873288,-2.605553,-0.5211106,Uniswap V3 -> SushiSwap V2,497.394447,-2.605553,-0.5211106,False
26011875,2026-09-19 13:31:35+00:00,1000.0,2633.2892666895405,2637.968771503085,4.67950481354475,4.67950481354475,0.17770568819534308,Uniswap V3,SushiSwap V2,-12.175482,-1.2175482,-8.670324,-0.8670324,Uniswap V3 -> SushiSwap V2,991.329676,-8.670324,-0.8670324,False
26011875,2026-09-19 13:31:35+00:00,5000.0,2633.2892666895405,2637.968771503085,4.67950481354475,4.67950481354475,0.17770568819534308,Uniswap V3,SushiSwap V2,-194.393697,-3.88787394,-177.507312,-3.55014624,Uniswap V3 -> SushiSwap V2,4822.492688,-177.507312,-3.55014624,False
26011875,2026-09-19 13:31:35+00:00,10000.0,2633.2892666895405,2637.968771503085,4.67950481354475,4.67950481354475,0.17770568819534308,Uniswap V3,SushiSwap V2,-702.939603,-7.02939603,-670.648163,-6.70648163,Uniswap V3 -> SushiSwap V2,9329.351837,-670.648163,-6.70648163,False
26011876,2026-09-19 13:31:47+00:00,100.0,2634.3983019696243,2637.968771503085,3.5704695334605994,3.5704695334605994,0.13553263873542265,Uniswap V3,SushiSwap V2,-0.554283,-0.554283,-0.284597,-0.284597,Uniswap V3 -> SushiSwap V2,99.715403,-0.284597,-0.284597,False
26011876,2026-09-19 13:31:47+00:00,500.0,2634.3983019696243,2637.968771503085,3.5704695334605994,3.5704695334605994,0.13553263873542265,Uniswap V3,SushiSwap V2,-4.157705,-0.831541,-2.814222,-0.5628444,Uniswap V3 -> SushiSwap V2,497.185778,-2.814222,-0.5628444,False
26011876,2026-09-19 13:31:47+00:00,1000.0,2634.3983019696243,2637.968771503085,3.5704695334605994,3.5704695334605994,0.13553263873542265,Uniswap V3,SushiSwap V2,-11.759471,-1.1759471,-9.084776,-0.9084776,Uniswap V3 -> SushiSwap V2,990.915224,-9.084776,-0.9084776,False
26011876,2026-09-19 13:31:47+00:00,5000.0,2634.3983019696243,2637.968771503085,3.5704695334605994,3.5704695334605994,0.13553263873542265,Uniswap V3,SushiSwap V2,-192.370266,-3.84740532,-179.469193,-3.58938386,Uniswap V3 -> SushiSwap V2,4820.530807,-179.469193,-3.58938386,False
26011876,2026-09-19 13:31:47+00:00,10000.0,2634.3983019696243,2637.968771503085,3.5704695334605994,3.5704695334605994,0.13553263873542265,Uniswap V3,SushiSwap V2,-699.025915,-6.99025915,-674.319497,-6.74319497,Uniswap V3 -> SushiSwap V2,9325.680503,-674.319497,-6.74319497,False
26011877,2026-09-19 13:31:59+00:00,100.0,2635.302207347501,2637.968771503085,2.666564155584011,2.666564155584011,0.10118627564418793,Uniswap V3,SushiSwap V2,-0.520162,-0.520162,-0.318776,-0.318776,Uniswap V3 -> SushiSwap V2,99.681224,-0.318776,-0.318776,False
26011877,2026-09-19 13:31:59+00:00,500.0,2635.302207347501,2637.968771503085,2.666564155584011,2.666564155584011,0.10118627564418793,Uniswap V3,SushiSwap V2,-3.987573,-0.7975146,-2.984162,-0.5968324,Uniswap V3 -> SushiSwap V2,497.015838,-2.984162,-0.5968324,False
26011877,2026-09-19 13:31:59+00:00,1000.0,2635.302207347501,2637.968771503085,2.666564155584011,2.666564155584011,0.10118627564418793,Uniswap V3,SushiSwap V2,-11.42039,-1.142039,-9.422298,-0.9422298,Uniswap V3 -> SushiSwap V2,990.577702,-9.422298,-0.9422298,False
26011877,2026-09-19 13:31:59+00:00,5000.0,2635.302207347501,2637.968771503085,2.666564155584011,2.666564155584011,0.10118627564418793,Uniswap V3,SushiSwap V2,-190.720707,-3.81441414,-181.066749,-3.62133498,Uniswap V3 -> SushiSwap V2,4818.933251,-181.066749,-3.62133498,False
26011877,2026-09-19 13:31:59+00:00,10000.0,2635.302207347501,2637.968771503085,2.666564155584011,2.666564155584011,0.10118627564418793,Uniswap V3,SushiSwap V2,-695.834664,-6.95834664,-677.309054,-6.77309054,Uniswap V3 -> SushiSwap V2,9322.690946,-677.309054,-6.77309054,False
26011878,2026-09-19 13:32:11+00:00,100.0,2635.302207347501,2637.968771503085,2.666564155584011,2.666564155584011,0.10118627564418793,Uniswap V3,SushiSwap V2,-0.520162,-0.520162,-0.318776,-0.318776,Uniswap V3 -> SushiSwap V2,99.681224,-0.318776,-0.318776,False
26011878,2026-09-19 13:32:11+00:00,500.0,2635.302207347501,2637.968771503085,2.666564155584011,2.666564155584011,0.10118627564418793,Uniswap V3,SushiSwap V2,-3.987573,-0.7975146,-2.984162,-0.5968324,Uniswap V3 -> SushiSwap V2,497.015838,-2.984162,-0.5968324,False
26011878,2026-09-19 13:32:11+00:00,1000.0,2635.302207347501,2637.968771503085,2.666564155584011,2.666564155584011,0.10118627564418793,Uniswap V3,SushiSwap V2,-11.42039,-1.142039,-9.422298,-0.9422298,Uniswap V3 -> SushiSwap V2,990.577702,-9.422298,-0.9422298,False
26011878,2026-09-19 13:32:11+00:00,5000.0,2635.302207347501,2637.968771503085,2.666564155584011,2.666564155584011,0.10118627564418793,Uniswap V3,SushiSwap V2,-190.720707,-3.81441414,-181.066749,-3.62133498,Uniswap V3 -> SushiSwap V2,4818.933251,-181.066749,-3.62133498,False
26011878,2026-09-19 13:32:11+00:00,10000.0,2635.302207347501,2637.968771503085,2.666564155584011,2.666564155584011,0.10118627564418793,Uniswap V3,SushiSwap V2,-695.834664,-6.95834664,-677.309054,-6.77309054,Uniswap V3 -> SushiSwap V2,9322.690946,-677.309054,-6.77309054,False
26011879,2026-09-19 13:32:23+00:00,100.0,2635.302207347501,2637.968771503085,2.666564155584011,2.666564155584011,0.10118627564418793,Uniswap V3,SushiSwap V2,-0.520162,-0.520162,-0.318776,-0.318776,Uniswap V3 -> SushiSwap V2,99.681224,-0.318776,-0.318776,False
26011879,2026-09-19 13:32:23+00:00,500.0,2635.302207347501,2637.968771503085,2.666564155584011,2.666564155584011,0.10118627564418793,Uniswap V3,SushiSwap V2,-3.987573,-0.7975146,-2.984162,-0.5968324,Uniswap V3 -> SushiSwap V2,497.015838,-2.984162,-0.5968324,False
26011879,2026-09-19 13:32:23+00:00,1000.0,2635.302207347501,2637.968771503085,2.666564155584011,2.666564155584011,0.10118627564418793,Uniswap V3,SushiSwap V2,-11.42039,-1.142039,-9.422298,-0.9422298,Uniswap V3 -> SushiSwap V2,990.577702,-9.422298,-0.9422298,False
26011879,2026-09-19 13:32:23+00:00,5000.0,2635.302207347501,2637.968771503085,2.666564155584011,2.666564155584011,0.10118627564418793,Uniswap V3,SushiSwap V2,-190.720707,-3.81441414,-181.066749,-3.62133498,Uniswap V3 -> SushiSwap V2,4818.933251,-181.066749,-3.62133498,False
26011879,2026-09-19 13:32:23+00:00,10000.0,2635.302207347501,2637.968771503085,2.666564155584011,2.666564155584011,0.10118627564418793,Uniswap V3,SushiSwap V2,-695.834664,-6.95834664,-677.309054,-6.77309054,Uniswap V3 -> SushiSwap V2,9322.690946,-677.309054,-6.77309054,False
26011880,2026-09-19 13:32:35+00:00,100.0,2635.299255591571,2637.968771503085,2.6695159115136287,2.6695159115136287,0.10129839735845773,Uniswap V3,SushiSwap V2,-0.520273,-0.520273,-0.318664,-0.318664,Uniswap V3 -> SushiSwap V2,99.681336,-0.318664,-0.318664,False
26011880,2026-09-19 13:32:35+00:00,500.0,2635.299255591571,2637.968771503085,2.6695159115136287,2.6695159115136287,0.10129839735845773,Uniswap V3,SushiSwap V2,-3.988129,-0.7976258,-2.983607,-0.5967214,Uniswap V3 -> SushiSwap V2,497.016393,-2.983607,-0.5967214,False
26011880,2026-09-19 13:32:35+00:00,1000.0,2635.299255591571,2637.968771503085,2.6695159115136287,2.6695159115136287,0.10129839735845773,Uniswap V3,SushiSwap V2,-11.421497,-1.1421497,-9.421196,-0.9421196,Uniswap V3 -> SushiSwap V2,990.578804,-9.421196,-0.9421196,False
26011880,2026-09-19 13:32:35+00:00,5000.0,2635.299255591571,2637.968771503085,2.6695159115136287,2.6695159115136287,0.10129839735845773,Uniswap V3,SushiSwap V2,-190.726094,-3.81452188,-181.061534,-3.62123068,Uniswap V3 -> SushiSwap V2,4818.938466,-181.061534,-3.62123068,False
26011880,2026-09-19 13:32:35+00:00,10000.0,2635.299255591571,2637.968771503085,2.6695159115136287,2.6695159115136287,0.10129839735845773,Uniswap V3,SushiSwap V2,-695.845085,-6.95845085,-677.299295,-6.77299295,Uniswap V3 -> SushiSwap V2,9322.700705,-677.299295,-6.77299295,False
26011881,2026-09-19 13:32:47+00:00,100.0,2635.299255591571,2637.968771503085,2.6695159115136287,2.6695159115136287,0.10129839735845773,Uniswap V3,SushiSwap V2,-0.520273,-0.520273,-0.318664,-0.318664,Uniswap V3 -> SushiSwap V2,99.681336,-0.318664,-0.318664,False
26011881,2026-09-19 13:32:47+00:00,500.0,2635.299255591571,2637.968771503085,2.6695159115136287,2.6695159115136287,0.10129839735845773,Uniswap V3,SushiSwap V2,-3.988123,-0.7976246,-2.983601,-0.5967202,Uniswap V3 -> SushiSwap V2,497.016399,-2.983601,-0.5967202,False
26011881,2026-09-19 13:32:47+00:00,1000.0,2635.299255591571,2637.968771503085,2.6695159115136287,2.6695159115136287,0.10129839735845773,Uniswap V3,SushiSwap V2,-11.421474,-1.1421474,-9.421172,-0.9421172,Uniswap V3 -> SushiSwap V2,990.578828,-9.421172,-0.9421172,False
26011881,2026-09-19 13:32:47+00:00,5000.0,2635.299255591571,2637.968771503085,2.6695159115136287,2.6695159115136287,0.10129839735845773,Uniswap V3,SushiSwap V2,-190.725536,-3.81451072,-181.060973,-3.62121946,Uniswap V3 -> SushiSwap V2,4818.939027,-181.060973,-3.62121946,False
26011881,2026-09-19 13:32:47+00:00,10000.0,2635.299255591571,2637.968771503085,2.6695159115136287,2.6695159115136287,0.10129839735845773,Uniswap V3,SushiSwap V2,-695.843,-6.95843,-677.297197,-6.77297197,Uniswap V3 -> SushiSwap V2,9322.702803,-677.297197,-6.77297197,False
26011882,2026-09-19 13:32:59+00:00,100.0,2635.299255591571,2637.968771503085,2.6695159115136287,2.6695159115136287,0.10129839735845773,Uniswap V3,SushiSwap V2,-0.520273,-0.520273,-0.318664,-0.318664,Uniswap V3 -> SushiSwap V2,99.681336,-0.318664,-0.318664,False
26011882,2026-09-19 13:32:59+00:00,500.0,2635.299255591571,2637.968771503085,2.6695159115136287,2.6695159115136287,0.10129839735845773,Uniswap V3,SushiSwap V2,-3.988123,-0.7976246,-2.983601,-0.5967202,Uniswap V3 -> SushiSwap V2,497.016399,-2.983601,-0.5967202,False
26011882,2026-09-19 13:32:59+00:00,1000.0,2635.299255591571,2637.968771503085,2.6695159115136287,2.6695159115136287,0.10129839735845773,Uniswap V3,SushiSwap V2,-11.421474,-1.1421474,-9.421172,-0.9421172,Uniswap V3 -> SushiSwap V2,990.578828,-9.421172,-0.9421172,False
26011882,2026-09-19 13:32:59+00:00,5000.0,2635.299255591571,2637.968771503085,2.6695159115136287,2.6695159115136287,0.10129839735845773,Uniswap V3,SushiSwap V2,-190.725536,-3.81451072,-181.060973,-3.62121946,Uniswap V3 -> SushiSwap V2,4818.939027,-181.060973,-3.62121946,False
26011882,2026-09-19 13:32:59+00:00,10000.0,2635.299255591571,2637.968771503085,2.6695159115136287,2.6695159115136287,0.10129839735845773,Uniswap V3,SushiSwap V2,-695.843,-6.95843,-677.297197,-6.77297197,Uniswap V3 -> SushiSwap V2,9322.702803,-677.297197,-6.77297197,False
26011883,2026-09-19 13:33:11+00:00,100.0,2635.299255591571,2637.968771503085,2.6695159115136287,2.6695159115136287,0.10129839735845773,Uniswap V3,SushiSwap V2,-0.520273,-0.520273,-0.318664,-0.318664,Uniswap V3 -> SushiSwap V2,99.681336,-0.318664,-0.318664,False
26011883,2026-09-19 13:33:11+00:00,500.0,2635.299255591571,2637.968771503085,2.6695159115136287,2.6695159115136287,0.10129839735845773,Uniswap V3,SushiSwap V2,-3.988123,-0.7976246,-2.983601,-0.5967202,Uniswap V3 -> SushiSwap V2,497.016399,-2.983601,-0.5967202,False
26011883,2026-09-19 13:33:11+00:00,1000.0,2635.299255591571,2637.968771503085,2.6695159115136287,2.6695159115136287,0.10129839735845773,Uniswap V3,SushiSwap V2,-11.421474,-1.1421474,-9.421172,-0.9421172,Uniswap V3 -> SushiSwap V2,990.578828,-9.421172,-0.9421172,False
26011883,2026-09-19 13:33:11+00:00,5000.0,2635.299255591571,2637.968771503085,2.6695159115136287,2.6695159115136287,0.10129839735845773,Uniswap V3,SushiSwap V2,-190.725536,-3.81451072,-181.060973,-3.62121946,Uniswap V3 -> SushiSwap V2,4818.939027,-181.060973,-3.62121946,False
26011883,2026-09-19 13:33:11+00:00,10000.0,2635.299255591571,2637.968771503085,2.6695159115136287,2.6695159115136287,0.10129839735845773,Uniswap V3,SushiSwap V2,-695.843,-6.95843,-677.297197,-6.77297197,Uniswap V3 -> SushiSwap V2,9322.702803,-677.297197,-6.77297197,False
26011884,2026-09-19 13:33:23+00:00,100.0,2635.299255591571,2637.968771503085,2.6695159115136287,2.6695159115136287,0.10129839735845773,Uniswap V3,SushiSwap V2,-0.520273,-0.520273,-0.318664,-0.318664,Uniswap V3 -> SushiSwap V2,99.681336,-0.318664,-0.318664,False
26011884,2026-09-19 13:33:23+00:00,500.0,2635.299255591571,2637.968771503085,2.6695159115136287,2.6695159115136287,0.10129839735845773,Uniswap V3,SushiSwap V2,-3.988123,-0.7976246,-2.983601,-0.5967202,Uniswap V3 -> SushiSwap V2,497.016399,-2.983601,-0.5967202,False
26011884,2026-09-19 13:33:23+00:00,1000.0,2635.299255591571,2637.968771503085,2.6695159115136287,2.6695159115136287,0.10129839735845773,Uniswap V3,SushiSwap V2,-11.421474,-1.1421474,-9.421172,-0.9421172,Uniswap V3 -> SushiSwap V2,990.578828,-9.421172,-0.9421172,False
26011884,2026-09-19 13:33:23+00:00,5000.0,2635.299255591571,2637.968771503085,2.6695159115136287,2.6695159115136287,0.10129839735845773,Uniswap V3,SushiSwap V2,-190.725536,-3.81451072,-181.060973,-3.62121946,Uniswap V3 -> SushiSwap V2,4818.939027,-181.060973,-3.62121946,False
26011884,2026-09-19 13:33:23+00:00,10000.0,2635.299255591571,2637.968771503085,2.6695159115136287,2.6695159115136287,0.10129839735845773,Uniswap V3,SushiSwap V2,-695.843,-6.95843,-677.297197,-6.77297197,Uniswap V3 -> SushiSwap V2,9322.702803,-677.297197,-6.77297197,False
26011885,2026-09-19 13:33:35+00:00,100.0,2635.299255591571,2637.968771503085,2.6695159115136287,2.6695159115136287,0.10129839735845773,Uniswap V3,SushiSwap V2,-0.520273,-0.520273,-0.318664,-0.318664,Uniswap V3 -> SushiSwap V2,99.681336,-0.318664,-0.318664,False
26011885,2026-09-19 13:33:35+00:00,500.0,2635.299255591571,2637.968771503085,2.6695159115136287,2.6695159115136287,0.10129839735845773,Uniswap V3,SushiSwap V2,-3.988123,-0.7976246,-2.983601,-0.5967202,Uniswap V3 -> SushiSwap V2,497.016399,-2.983601,-0.5967202,False
26011885,2026-09-19 13:33:35+00:00,1000.0,2635.299255591571,2637.968771503085,2.6695159115136287,2.6695159115136287,0.10129839735845773,Uniswap V3,SushiSwap V2,-11.421474,-1.1421474,-9.421172,-0.9421172,Uniswap V3 -> SushiSwap V2,990.578828,-9.421172,-0.9421172,False
26011885,2026-09-19 13:33:35+00:00,5000.0,2635.299255591571,2637.968771503085,2.6695159115136287,2.6695159115136287,0.10129839735845773,Uniswap V3,SushiSwap V2,-190.725536,-3.81451072,-181.060973,-3.62121946,Uniswap V3 -> SushiSwap V2,4818.939027,-181.060973,-3.62121946,False
26011885,2026-09-19 13:33:35+00:00,10000.0,2635.299255591571,2637.968771503085,2.6695159115136287,2.6695159115136287,0.10129839735845773,Uniswap V3,SushiSwap V2,-695.843,-6.95843,-677.297197,-6.77297197,Uniswap V3 -> SushiSwap V2,9322.702803,-677.297197,-6.77297197,False
26011886,2026-09-19 13:33:47+00:00,100.0,2635.299255591571,2637.968771503085,2.6695159115136287,2.6695159115136287,0.10129839735845773,Uniswap V3,SushiSwap V2,-0.520273,-0.520273,-0.318664,-0.318664,Uniswap V3 -> SushiSwap V2,99.681336,-0.318664,-0.318664,False
26011886,2026-09-19 13:33:47+00:00,500.0,2635.299255591571,2637.968771503085,2.6695159115136287,2.6695159115136287,0.10129839735845773,Uniswap V3,SushiSwap V2,-3.988123,-0.7976246,-2.983601,-0.5967202,Uniswap V3 -> SushiSwap V2,497.016399,-2.983601,-0.5967202,False
26011886,2026-09-19 13:33:47+00:00,1000.0,2635.299255591571,2637.968771503085,2.6695159115136287,2.6695159115136287,0.10129839735845773,Uniswap V3,SushiSwap V2,-11.421474,-1.1421474,-9.421172,-0.9421172,Uniswap V3 -> SushiSwap V2,990.578828,-9.421172,-0.9421172,False
26011886,2026-09-19 13:33:47+00:00,5000.0,2635.299255591571,2637.968771503085,2.6695159115136287,2.6695159115136287,0.10129839735845773,Uniswap V3,SushiSwap V2,-190.725536,-3.81451072,-181.060973,-3.62121946,Uniswap V3 -> SushiSwap V2,4818.939027,-181.060973,-3.62121946,False
26011886,2026-09-19 13:33:47+00:00,10000.0,2635.299255591571,2637.968771503085,2.6695159115136287,2.6695159115136287,0.10129839735845773,Uniswap V3,SushiSwap V2,-695.843,-6.95843,-677.297197,-6.77297197,Uniswap V3 -> SushiSwap V2,9322.702803,-677.297197,-6.77297197,False
26011887,2026-09-19 13:33:59+00:00,100.0,2635.299255591571,2637.968771503085,2.6695159115136287,2.6695159115136287,0.10129839735845773,Uniswap V3,SushiSwap V2,-0.520273,-0.520273,-0.318664,-0.318664,Uniswap V3 -> SushiSwap V2,99.681336,-0.318664,-0.318664,False
26011887,2026-09-19 13:33:59+00:00,500.0,2635.299255591571,2637.968771503085,2.6695159115136287,2.6695159115136287,0.10129839735845773,Uniswap V3,SushiSwap V2,-3.988123,-0.7976246,-2.983601,-0.5967202,Uniswap V3 -> SushiSwap V2,497.016399,-2.983601,-0.5967202,False
26011887,2026-09-19 13:33:59+00:00,1000.0,2635.299255591571,2637.968771503085,2.6695159115136287,2.6695159115136287,0.10129839735845773,Uniswap V3,SushiSwap V2,-11.421474,-1.1421474,-9.421172,-0.9421172,Uniswap V3 -> SushiSwap V2,990.578828,-9.421172,-0.9421172,False
26011887,2026-09-19 13:33:59+00:00,5000.0,2635.299255591571,2637.968771503085,2.6695159115136287,2.6695159115136287,0.10129839735845773,Uniswap V3,SushiSwap V2,-190.725536,-3.81451072,-181.060973,-3.62121946,Uniswap V3 -> SushiSwap V2,4818.939027,-181.060973,-3.62121946,False
26011887,2026-09-19 13:33:59+00:00,10000.0,2635.299255591571,2637.968771503085,2.6695159115136287,2.6695159115136287,0.10129839735845773,Uniswap V3,SushiSwap V2,-695.843,-6.95843,-677.297197,-6.77297197,Uniswap V3 -> SushiSwap V2,9322.702803,-677.297197,-6.77297197,False
26011888,2026-09-19 13:34:11+00:00,100.0,2635.299255591571,2637.968771503085,2.6695159115136287,2.6695159115136287,0.10129839735845773,Uniswap V3,SushiSwap V2,-0.520273,-0.520273,-0.318664,-0.318664,Uniswap V3 -> SushiSwap V2,99.681336,-0.318664,-0.318664,False
26011888,2026-09-19 13:34:11+00:00,500.0,2635.299255591571,2637.968771503085,2.6695159115136287,2.6695159115136287,0.10129839735845773,Uniswap V3,SushiSwap V2,-3.988123,-0.7976246,-2.983601,-0.5967202,Uniswap V3 -> SushiSwap V2,497.016399,-2.983601,-0.5967202,False
26011888,2026-09-19 13:34:11+00:00,1000.0,2635.299255591571,2637.968771503085,2.6695159115136287,2.6695159115136287,0.10129839735845773,Uniswap V3,SushiSwap V2,-11.421474,-1.1421474,-9.421172,-0.9421172,Uniswap V3 -> SushiSwap V2,990.578828,-9.421172,-0.9421172,False
26011888,2026-09-19 13:34:11+00:00,5000.0,2635.299255591571,2637.968771503085,2.6695159115136287,2.6695159115136287,0.10129839735845773,Uniswap V3,SushiSwap V2,-190.725536,-3.81451072,-181.060973,-3.62121946,Uniswap V3 -> SushiSwap V2,4818.939027,-181.060973,-3.62121946,False
26011888,2026-09-19 13:34:11+00:00,10000.0,2635.299255591571,2637.968771503085,2.6695159115136287,2.6695159115136287,0.10129839735845773,Uniswap V3,SushiSwap V2,-695.843,-6.95843,-677.297197,-6.77297197,Uniswap V3 -> SushiSwap V2,9322.702803,-677.297197,-6.77297197,False
26011889,2026-09-19 13:34:23+00:00,100.0,2635.279010177146,2637.968771503085,2.689761325938762,2.689761325938762,0.10206742115545304,Uniswap V3,SushiSwap V2,-0.521037,-0.521037,-0.317899,-0.317899,Uniswap V3 -> SushiSwap V2,99.682101,-0.317899,-0.317899,False
26011889,2026-09-19 13:34:23+00:00,500.0,2635.279010177146,2637.968771503085,2.689761325938762,2.689761325938762,0.10206742115545304,Uniswap V3,SushiSwap V2,-3.991933,-0.7983866,-2.979796,-0.5959592,Uniswap V3 -> SushiSwap V2,497.020204,-2.979796,-0.5959592,False
26011889,2026-09-19 13:34:23+00:00,1000.0,2635.279010177146,2637.968771503085,2.689761325938762,2.689761325938762,0.10206742115545304,Uniswap V3,SushiSwap V2,-11.429068,-1.1429068,-9.413615,-0.9413615,Uniswap V3 -> SushiSwap V2,990.586385,-9.413615,-0.9413615,False
26011889,2026-09-19 13:34:23+00:00,5000.0,2635.279010177146,2637.968771503085,2.689761325938762,2.689761325938762,0.10206742115545304,Uniswap V3,SushiSwap V2,-190.762483,-3.81524966,-181.025203,-3.62050406,Uniswap V3 -> SushiSwap V2,4818.974797,-181.025203,-3.62050406,False
26011889,2026-09-19 13:34:23+00:00,10000.0,2635.279010177146,2637.968771503085,2.689761325938762,2.689761325938762,0.10206742115545304,Uniswap V3,SushiSwap V2,-695.914476,-6.95914476,-677.230259,-6.77230259,Uniswap V3 -> SushiSwap V2,9322.769741,-677.230259,-6.77230259,False
26011890,2026-09-19 13:34:35+00:00,100.0,2635.279010177146,2637.968771503085,2.689761325938762,2.689761325938762,0.10206742115545304,Uniswap V3,SushiSwap V2,-0.521037,-0.521037,-0.317899,-0.317899,Uniswap V3 -> SushiSwap V2,99.682101,-0.317899,-0.317899,False
26011890,2026-09-19 13:34:35+00:00,500.0,2635.279010177146,2637.968771503085,2.689761325938762,2.689761325938762,0.10206742115545304,Uniswap V3,SushiSwap V2,-3.991933,-0.7983866,-2.979796,-0.5959592,Uniswap V3 -> SushiSwap V2,497.020204,-2.979796,-0.5959592,False
26011890,2026-09-19 13:34:35+00:00,1000.0,2635.279010177146,2637.968771503085,2.689761325938762,2.689761325938762,0.10206742115545304,Uniswap V3,SushiSwap V2,-11.429068,-1.1429068,-9.413615,-0.9413615,Uniswap V3 -> SushiSwap V2,990.586385,-9.413615,-0.9413615,False
26011890,2026-09-19 13:34:35+00:00,5000.0,2635.279010177146,2637.968771503085,2.689761325938762,2.689761325938762,0.10206742115545304,Uniswap V3,SushiSwap V2,-190.762483,-3.81524966,-181.025203,-3.62050406,Uniswap V3 -> SushiSwap V2,4818.974797,-181.025203,-3.62050406,False
26011890,2026-09-19 13:34:35+00:00,10000.0,2635.279010177146,2637.968771503085,2.689761325938762,2.689761325938762,0.10206742115545304,Uniswap V3,SushiSwap V2,-695.914476,-6.95914476,-677.230259,-6.77230259,Uniswap V3 -> SushiSwap V2,9322.769741,-677.230259,-6.77230259,False
26011891,2026-09-19 13:34:47+00:00,100.0,2635.280155982403,2637.968771503085,2.688615520682046,2.688615520682046,0.10202389732941923,Uniswap V3,SushiSwap V2,-0.520994,-0.520994,-0.317942,-0.317942,Uniswap V3 -> SushiSwap V2,99.682058,-0.317942,-0.317942,False
26011891,2026-09-19 13:34:47+00:00,500.0,2635.280155982403,2637.968771503085,2.688615520682046,2.688615520682046,0.10202389732941923,Uniswap V3,SushiSwap V2,-3.991718,-0.7983436,-2.980011,-0.5960022,Uniswap V3 -> SushiSwap V2,497.019989,-2.980011,-0.5960022,False
26011891,2026-09-19 13:34:47+00:00,1000.0,2635.280155982403,2637.968771503085,2.688615520682046,2.688615520682046,0.10202389732941923,Uniswap V3,SushiSwap V2,-11.428638,-1.1428638,-9.414043,-0.9414043,Uniswap V3 -> SushiSwap V2,990.585957,-9.414043,-0.9414043,False
26011891,2026-09-19 13:34:47+00:00,5000.0,2635.280155982403,2637.968771503085,2.688615520682046,2.688615520682046,0.10202389732941923,Uniswap V3,SushiSwap V2,-190.760392,-3.81520784,-181.027227,-3.62054454,Uniswap V3 -> SushiSwap V2,4818.972773,-181.027227,-3.62054454,False
26011891,2026-09-19 13:34:47+00:00,10000.0,2635.280155982403,2637.968771503085,2.688615520682046,2.688615520682046,0.10202389732941923,Uniswap V3,SushiSwap V2,-695.910431,-6.95910431,-677.234047,-6.77234047,Uniswap V3 -> SushiSwap V2,9322.765953,-677.234047,-6.77234047,False
26011892,2026-09-19 13:34:59+00:00,100.0,2635.52477742902,2637.968771503085,2.4439940740649546,2.4439940740649546,0.09273272992899328,Uniswap V3,SushiSwap V2,-0.51176,-0.51176,-0.327188,-0.327188,Uniswap V3 -> SushiSwap V2,99.672812,-0.327188,-0.327188,False
26011892,2026-09-19 13:34:59+00:00,500.0,2635.52477742902,2637.968771503085,2.4439940740649546,2.4439940740649546,0.09273272992899328,Uniswap V3,SushiSwap V2,-3.945675,-0.789135,-3.025983,-0.6051966,Uniswap V3 -> SushiSwap V2,496.974017,-3.025983,-0.6051966,False
26011892,2026-09-19 13:34:59+00:00,1000.0,2635.52477742902,2637.968771503085,2.4439940740649546,2.4439940740649546,0.09273272992899328,Uniswap V3,SushiSwap V2,-11.336874,-1.1336874,-9.505347,-0.9505347,Uniswap V3 -> SushiSwap V2,990.494653,-9.505347,-0.9505347,False
26011892,2026-09-19 13:34:59+00:00,5000.0,2635.52477742902,2637.968771503085,2.4439940740649546,2.4439940740649546,0.09273272992899328,Uniswap V3,SushiSwap V2,-190.313976,-3.80627952,-181.459395,-3.6291879,Uniswap V3 -> SushiSwap V2,4818.540605,-181.459395,-3.6291879,False
26011892,2026-09-19 13:34:59+00:00,10000.0,2635.52477742902,2637.968771503085,2.4439940740649546,2.4439940740649546,0.09273272992899328,Uniswap V3,SushiSwap V2,-695.046791,-6.95046791,-678.042786,-6.78042786,Uniswap V3 -> SushiSwap V2,9321.957214,-678.042786,-6.78042786,False
26011893,2026-09-19 13:35:11+00:00,100.0,2635.52477742902,2637.968771503085,2.4439940740649546,2.4439940740649546,0.09273272992899328,Uniswap V3,SushiSwap V2,-0.51176,-0.51176,-0.327188,-0.327188,Uniswap V3 -> SushiSwap V2,99.672812,-0.327188,-0.327188,False
26011893,2026-09-19 13:35:11+00:00,500.0,2635.52477742902,2637.968771503085,2.4439940740649546,2.4439940740649546,0.09273272992899328,Uniswap V3,SushiSwap V2,-3.945675,-0.789135,-3.025983,-0.6051966,Uniswap V3 -> SushiSwap V2,496.974017,-3.025983,-0.6051966,False
26011893,2026-09-19 13:35:11+00:00,1000.0,2635.52477742902,2637.968771503085,2.4439940740649546,2.4439940740649546,0.09273272992899328,Uniswap V3,SushiSwap V2,-11.336874,-1.1336874,-9.505347,-0.9505347,Uniswap V3 -> SushiSwap V2,990.494653,-9.505347,-0.9505347,False
26011893,2026-09-19 13:35:11+00:00,5000.0,2635.52477742902,2637.968771503085,2.4439940740649546,2.4439940740649546,0.09273272992899328,Uniswap V3,SushiSwap V2,-190.313976,-3.80627952,-181.459395,-3.6291879,Uniswap V3 -> SushiSwap V2,4818.540605,-181.459395,-3.6291879,False
26011893,2026-09-19 13:35:11+00:00,10000.0,2635.52477742902,2637.968771503085,2.4439940740649546,2.4439940740649546,0.09273272992899328,Uniswap V3,SushiSwap V2,-695.046791,-6.95046791,-678.042786,-6.78042786,Uniswap V3 -> SushiSwap V2,9321.957214,-678.042786,-6.78042786,False
26011894,2026-09-19 13:35:23+00:00,100.0,2635.52477742902,2637.968771503085,2.4439940740649546,2.4439940740649546,0.09273272992899328,Uniswap V3,SushiSwap V2,-0.51176,-0.51176,-0.327188,-0.327188,Uniswap V3 -> SushiSwap V2,99.672812,-0.327188,-0.327188,False
26011894,2026-09-19 13:35:23+00:00,500.0,2635.52477742902,2637.968771503085,2.4439940740649546,2.4439940740649546,0.09273272992899328,Uniswap V3,SushiSwap V2,-3.945675,-0.789135,-3.025983,-0.6051966,Uniswap V3 -> SushiSwap V2,496.974017,-3.025983,-0.6051966,False
26011894,2026-09-19 13:35:23+00:00,1000.0,2635.52477742902,2637.968771503085,2.4439940740649546,2.4439940740649546,0.09273272992899328,Uniswap V3,SushiSwap V2,-11.336874,-1.1336874,-9.505347,-0.9505347,Uniswap V3 -> SushiSwap V2,990.494653,-9.505347,-0.9505347,False
26011894,2026-09-19 13:35:23+00:00,5000.0,2635.52477742902,2637.968771503085,2.4439940740649546,2.4439940740649546,0.09273272992899328,Uniswap V3,SushiSwap V2,-190.313976,-3.80627952,-181.459395,-3.6291879,Uniswap V3 -> SushiSwap V2,4818.540605,-181.459395,-3.6291879,False
26011894,2026-09-19 13:35:23+00:00,10000.0,2635.52477742902,2637.968771503085,2.4439940740649546,2.4439940740649546,0.09273272992899328,Uniswap V3,SushiSwap V2,-695.046791,-6.95046791,-678.042786,-6.78042786,Uniswap V3 -> SushiSwap V2,9321.957214,-678.042786,-6.78042786,False
26011895,2026-09-19 13:35:35+00:00,100.0,2635.524775672799,2637.968771503085,2.443995830286039,2.443995830286039,0.0927327966272726,Uniswap V3,SushiSwap V2,-0.51176,-0.51176,-0.327188,-0.327188,Uniswap V3 -> SushiSwap V2,99.672812,-0.327188,-0.327188,False
26011895,2026-09-19 13:35:35+00:00,500.0,2635.524775672799,2637.968771503085,2.443995830286039,2.443995830286039,0.0927327966272726,Uniswap V3,SushiSwap V2,-3.945676,-0.7891352,-3.025982,-0.6051964,Uniswap V3 -> SushiSwap V2,496.974018,-3.025982,-0.6051964,False
26011895,2026-09-19 13:35:35+00:00,1000.0,2635.524775672799,2637.968771503085,2.443995830286039,2.443995830286039,0.0927327966272726,Uniswap V3,SushiSwap V2,-11.336875,-1.1336875,-9.505346,-0.9505346,Uniswap V3 -> SushiSwap V2,990.494654,-9.505346,-0.9505346,False
26011895,2026-09-19 13:35:35+00:00,5000.0,2635.524775672799,2637.968771503085,2.443995830286039,2.443995830286039,0.0927327966272726,Uniswap V3,SushiSwap V2,-190.313979,-3.80627958,-181.459391,-3.62918782,Uniswap V3 -> SushiSwap V2,4818.540609,-181.459391,-3.62918782,False
26011895,2026-09-19 13:35:35+00:00,10000.0,2635.524775672799,2637.968771503085,2.443995830286039,2.443995830286039,0.0927327966272726,Uniswap V3,SushiSwap V2,-695.046797,-6.95046797,-678.04278,-6.7804278,Uniswap V3 -> SushiSwap V2,9321.95722,-678.04278,-6.7804278,False
26011896,2026-09-19 13:35:47+00:00,100.0,2635.7722562916333,2637.968771503085,2.196515211451859,2.196515211451859,0.08333478760195384,Uniswap V3,SushiSwap V2,-0.502418,-0.502418,-0.33654,-0.33654,Uniswap V3 -> SushiSwap V2,99.66346,-0.33654,-0.33654,False
26011896,2026-09-19 13:35:47+00:00,500.0,2635.7722562916333,2637.968771503085,2.196515211451859,2.196515211451859,0.08333478760195384,Uniswap V3,SushiSwap V2,-3.899095,-0.779819,-3.072482,-0.6144964,Uniswap V3 -> SushiSwap V2,496.927518,-3.072482,-0.6144964,False
26011896,2026-09-19 13:35:47+00:00,1000.0,2635.7722562916333,2637.968771503085,2.196515211451859,2.196515211451859,0.08333478760195384,Uniswap V3,SushiSwap V2,-11.244038,-1.1244038,-9.597701,-0.9597701,Uniswap V3 -> SushiSwap V2,990.402299,-9.597701,-0.9597701,False
26011896,2026-09-19 13:35:47+00:00,5000.0,2635.7722562916333,2637.968771503085,2.196515211451859,2.196515211451859,0.08333478760195384,Uniswap V3,SushiSwap V2,-189.862346,-3.79724692,-181.896531,-3.63793062,Uniswap V3 -> SushiSwap V2,4818.103469,-181.896531,-3.63793062,False
26011896,2026-09-19 13:35:47+00:00,10000.0,2635.7722562916333,2637.968771503085,2.196515211451859,2.196515211451859,0.08333478760195384,Uniswap V3,SushiSwap V2,-694.173063,-6.94173063,-678.860831,-6.78860831,Uniswap V3 -> SushiSwap V2,9321.139169,-678.860831,-6.78860831,False
26011897,2026-09-19 13:35:59+00:00,100.0,2635.773505572675,2637.968771503085,2.195265930410328,2.195265930410328,0.08328735097188718,Uniswap V3,SushiSwap V2,-0.50237,-0.50237,-0.336587,-0.336587,Uniswap V3 -> SushiSwap V2,99.663413,-0.336587,-0.336587,False
26011897,2026-09-19 13:35:59+00:00,500.0,2635.773505572675,2637.968771503085,2.195265930410328,2.195265930410328,0.08328735097188718,Uniswap V3,SushiSwap V2,-3.89886,-0.779772,-3.072717,-0.6145434,Uniswap V3 -> SushiSwap V2,496.927283,-3.072717,-0.6145434,False
26011897,2026-09-19 13:35:59+00:00,1000.0,2635.773505572675,2637.968771503085,2.195265930410328,2.195265930410328,0.08328735097188718,Uniswap V3,SushiSwap V2,-11.243569,-1.1243569,-9.598167,-0.9598167,Uniswap V3 -> SushiSwap V2,990.401833,-9.598167,-0.9598167,False
26011897,2026-09-19 13:35:59+00:00,5000.0,2635.773505572675,2637.968771503085,2.195265930410328,2.195265930410328,0.08328735097188718,Uniswap V3,SushiSwap V2,-189.860066,-3.79720132,-181.898737,-3.63797474,Uniswap V3 -> SushiSwap V2,4818.101263,-181.898737,-3.63797474,False
26011897,2026-09-19 13:35:59+00:00,10000.0,2635.773505572675,2637.968771503085,2.195265930410328,2.195265930410328,0.08328735097188718,Uniswap V3,SushiSwap V2,-694.168653,-6.94168653,-678.86496,-6.7886496,Uniswap V3 -> SushiSwap V2,9321.13504,-678.86496,-6.7886496,False
26011898,2026-09-19 13:36:11+00:00,100.0,2635.773505572675,2637.968771503085,2.195265930410328,2.195265930410328,0.08328735097188718,Uniswap V3,SushiSwap V2,-0.50237,-0.50237,-0.336587,-0.336587,Uniswap V3 -> SushiSwap V2,99.663413,-0.336587,-0.336587,False
26011898,2026-09-19 13:36:11+00:00,500.0,2635.773505572675,2637.968771503085,2.195265930410328,2.195265930410328,0.08328735097188718,Uniswap V3,SushiSwap V2,-3.89886,-0.779772,-3.072717,-0.6145434,Uniswap V3 -> SushiSwap V2,496.927283,-3.072717,-0.6145434,False
26011898,2026-09-19 13:36:11+00:00,1000.0,2635.773505572675,2637.968771503085,2.195265930410328,2.195265930410328,0.08328735097188718,Uniswap V3,SushiSwap V2,-11.243569,-1.1243569,-9.598167,-0.9598167,Uniswap V3 -> SushiSwap V2,990.401833,-9.598167,-0.9598167,False
26011898,2026-09-19 13:36:11+00:00,5000.0,2635.773505572675,2637.968771503085,2.195265930410328,2.195265930410328,0.08328735097188718,Uniswap V3,SushiSwap V2,-189.860066,-3.79720132,-181.898737,-3.63797474,Uniswap V3 -> SushiSwap V2,4818.101263,-181.898737,-3.63797474,False
26011898,2026-09-19 13:36:11+00:00,10000.0,2635.773505572675,2637.968771503085,2.195265930410328,2.195265930410328,0.08328735097188718,Uniswap V3,SushiSwap V2,-694.168653,-6.94168653,-678.86496,-6.7886496,Uniswap V3 -> SushiSwap V2,9321.13504,-678.86496,-6.7886496,False
26011899,2026-09-19 13:36:23+00:00,100.0,2635.773505572675,2637.968771503085,2.195265930410328,2.195265930410328,0.08328735097188718,Uniswap V3,SushiSwap V2,-0.50237,-0.50237,-0.336587,-0.336587,Uniswap V3 -> SushiSwap V2,99.663413,-0.336587,-0.336587,False
26011899,2026-09-19 13:36:23+00:00,500.0,2635.773505572675,2637.968771503085,2.195265930410328,2.195265930410328,0.08328735097188718,Uniswap V3,SushiSwap V2,-3.89886,-0.779772,-3.072717,-0.6145434,Uniswap V3 -> SushiSwap V2,496.927283,-3.072717,-0.6145434,False
26011899,2026-09-19 13:36:23+00:00,1000.0,2635.773505572675,2637.968771503085,2.195265930410328,2.195265930410328,0.08328735097188718,Uniswap V3,SushiSwap V2,-11.243569,-1.1243569,-9.598167,-0.9598167,Uniswap V3 -> SushiSwap V2,990.401833,-9.598167,-0.9598167,False
26011899,2026-09-19 13:36:23+00:00,5000.0,2635.773505572675,2637.968771503085,2.195265930410328,2.195265930410328,0.08328735097188718,Uniswap V3,SushiSwap V2,-189.860066,-3.79720132,-181.898737,-3.63797474,Uniswap V3 -> SushiSwap V2,4818.101263,-181.898737,-3.63797474,False
26011899,2026-09-19 13:36:23+00:00,10000.0,2635.773505572675,2637.968771503085,2.195265930410328,2.195265930410328,0.08328735097188718,Uniswap V3,SushiSwap V2,-694.168653,-6.94168653,-678.86496,-6.7886496,Uniswap V3 -> SushiSwap V2,9321.13504,-678.86496,-6.7886496,False
26011900,2026-09-19 13:36:35+00:00,100.0,2635.6179445762755,2637.968771503085,2.350826926809716,2.350826926809716,0.08919452577136157,Uniswap V3,SushiSwap V2,-0.508243,-0.508243,-0.330709,-0.330709,Uniswap V3 -> SushiSwap V2,99.669291,-0.330709,-0.330709,False
26011900,2026-09-19 13:36:35+00:00,500.0,2635.6179445762755,2637.968771503085,2.350826926809716,2.350826926809716,0.08919452577136157,Uniswap V3,SushiSwap V2,-3.92814,-0.785628,-3.043489,-0.6086978,Uniswap V3 -> SushiSwap V2,496.956511,-3.043489,-0.6086978,False
26011900,2026-09-19 13:36:35+00:00,1000.0,2635.6179445762755,2637.968771503085,2.350826926809716,2.350826926809716,0.08919452577136157,Uniswap V3,SushiSwap V2,-11.301924,-1.1301924,-9.540117,-0.9540117,Uniswap V3 -> SushiSwap V2,990.459883,-9.540117,-0.9540117,False
26011900,2026-09-19 13:36:35+00:00,5000.0,2635.6179445762755,2637.968771503085,2.350826926809716,2.350826926809716,0.08919452577136157,Uniswap V3,SushiSwap V2,-190.143953,-3.80287906,-181.62397,-3.6324794,Uniswap V3 -> SushiSwap V2,4818.37603,-181.62397,-3.6324794,False
26011900,2026-09-19 13:36:35+00:00,10000.0,2635.6179445762755,2637.968771503085,2.350826926809716,2.350826926809716,0.08919452577136157,Uniswap V3,SushiSwap V2,-694.717863,-6.94717863,-678.350767,-6.78350767,Uniswap V3 -> SushiSwap V2,9321.649233,-678.350767,-6.78350767,False
26011901,2026-09-19 13:36:47+00:00,100.0,2635.6179445762755,2637.968771503085,2.350826926809716,2.350826926809716,0.08919452577136157,Uniswap V3,SushiSwap V2,-0.508243,-0.508243,-0.330709,-0.330709,Uniswap V3 -> SushiSwap V2,99.669291,-0.330709,-0.330709,False
26011901,2026-09-19 13:36:47+00:00,500.0,2635.6179445762755,2637.968771503085,2.350826926809716,2.350826926809716,0.08919452577136157,Uniswap V3,SushiSwap V2,-3.92814,-0.785628,-3.043489,-0.6086978,Uniswap V3 -> SushiSwap V2,496.956511,-3.043489,-0.6086978,False
26011901,2026-09-19 13:36:47+00:00,1000.0,2635.6179445762755,2637.968771503085,2.350826926809716,2.350826926809716,0.08919452577136157,Uniswap V3,SushiSwap V2,-11.301924,-1.1301924,-9.540117,-0.9540117,Uniswap V3 -> SushiSwap V2,990.459883,-9.540117,-0.9540117,False
26011901,2026-09-19 13:36:47+00:00,5000.0,2635.6179445762755,2637.968771503085,2.350826926809716,2.350826926809716,0.08919452577136157,Uniswap V3,SushiSwap V2,-190.143953,-3.80287906,-181.62397,-3.6324794,Uniswap V3 -> SushiSwap V2,4818.37603,-181.62397,-3.6324794,False
26011901,2026-09-19 13:36:47+00:00,10000.0,2635.6179445762755,2637.968771503085,2.350826926809716,2.350826926809716,0.08919452577136157,Uniswap V3,SushiSwap V2,-694.717863,-6.94717863,-678.350767,-6.78350767,Uniswap V3 -> SushiSwap V2,9321.649233,-678.350767,-6.78350767,False
26011902,2026-09-19 13:36:59+00:00,100.0,2635.772397449994,2637.968771503085,2.1963740530911315,2.1963740530911315,0.08332942765528757,Uniswap V3,SushiSwap V2,-0.502412,-0.502412,-0.336545,-0.336545,Uniswap V3 -> SushiSwap V2,99.663455,-0.336545,-0.336545,False
26011902,2026-09-19 13:36:59+00:00,500.0,2635.772397449994,2637.968771503085,2.1963740530911315,2.1963740530911315,0.08332942765528757,Uniswap V3,SushiSwap V2,-3.899069,-0.7798138,-3.072509,-0.6145018,Uniswap V3 -> SushiSwap V2,496.927491,-3.072509,-0.6145018,False
26011902,2026-09-19 13:36:59+00:00,1000.0,2635.772397449994,2637.968771503085,2.1963740530911315,2.1963740530911315,0.08332942765528757,Uniswap V3,SushiSwap V2,-11.243985,-1.1243985,-9.597754,-0.9597754,Uniswap V3 -> SushiSwap V2,990.402246,-9.597754,-0.9597754,False
26011902,2026-09-19 13:36:59+00:00,5000.0,2635.772397449994,2637.968771503085,2.1963740530911315,2.1963740530911315,0.08332942765528757,Uniswap V3,SushiSwap V2,-189.862088,-3.79724176,-181.89678,-3.6379356,Uniswap V3 -> SushiSwap V2,4818.10322,-181.89678,-3.6379356,False
26011902,2026-09-19 13:36:59+00:00,10000.0,2635.772397449994,2637.968771503085,2.1963740530911315,2.1963740530911315,0.08332942765528757,Uniswap V3,SushiSwap V2,-694.172565,-6.94172565,-678.861297,-6.78861297,Uniswap V3 -> SushiSwap V2,9321.138703,-678.861297,-6.78861297,False
26011903,2026-09-19 13:37:11+00:00,100.0,2636.370874095931,2637.968771503085,1.5978974071539827,1.5978974071539827,0.06060973525592967,Uniswap V3,SushiSwap V2,-0.47982,-0.47982,-0.359154,-0.359154,Uniswap V3 -> SushiSwap V2,99.640846,-0.359154,-0.359154,False
26011903,2026-09-19 13:37:11+00:00,500.0,2636.370874095931,2637.968771503085,1.5978974071539827,1.5978974071539827,0.06060973525592967,Uniswap V3,SushiSwap V2,-3.786425,-0.757285,-3.184922,-0.6369844,Uniswap V3 -> SushiSwap V2,496.815078,-3.184922,-0.6369844,False
26011903,2026-09-19 13:37:11+00:00,1000.0,2636.370874095931,2637.968771503085,1.5978974071539827,1.5978974071539827,0.06060973525592967,Uniswap V3,SushiSwap V2,-11.019479,-1.1019479,-9.821021,-0.9821021,Uniswap V3 -> SushiSwap V2,990.178979,-9.821021,-0.9821021,False
26011903,2026-09-19 13:37:11+00:00,5000.0,2636.370874095931,2637.968771503085,1.5978974071539827,1.5978974071539827,0.06060973525592967,Uniswap V3,SushiSwap V2,-188.76991,-3.7753982,-182.953574,-3.65907148,Uniswap V3 -> SushiSwap V2,4817.046426,-182.953574,-3.65907148,False
26011903,2026-09-19 13:37:11+00:00,10000.0,2636.370874095931,2637.968771503085,1.5978974071539827,1.5978974071539827,0.06060973525592967,Uniswap V3,SushiSwap V2,-692.059622,-6.92059622,-680.838959,-6.80838959,Uniswap V3 -> SushiSwap V2,9319.161041,-680.838959,-6.80838959,False
26011904,2026-09-19 13:37:23+00:00,100.0,2636.370874095931,2637.968771503085,1.5978974071539827,1.5978974071539827,0.06060973525592967,Uniswap V3,SushiSwap V2,-0.47982,-0.47982,-0.359154,-0.359154,Uniswap V3 -> SushiSwap V2,99.640846,-0.359154,-0.359154,False
26011904,2026-09-19 13:37:23+00:00,500.0,2636.370874095931,2637.968771503085,1.5978974071539827,1.5978974071539827,0.06060973525592967,Uniswap V3,SushiSwap V2,-3.786425,-0.757285,-3.184922,-0.6369844,Uniswap V3 -> SushiSwap V2,496.815078,-3.184922,-0.6369844,False
26011904,2026-09-19 13:37:23+00:00,1000.0,2636.370874095931,2637.968771503085,1.5978974071539827,1.5978974071539827,0.06060973525592967,Uniswap V3,SushiSwap V2,-11.019479,-1.1019479,-9.821021,-0.9821021,Uniswap V3 -> SushiSwap V2,990.178979,-9.821021,-0.9821021,False
26011904,2026-09-19 13:37:23+00:00,5000.0,2636.370874095931,2637.968771503085,1.5978974071539827,1.5978974071539827,0.06060973525592967,Uniswap V3,SushiSwap V2,-188.76991,-3.7753982,-182.953574,-3.65907148,Uniswap V3 -> SushiSwap V2,4817.046426,-182.953574,-3.65907148,False
26011904,2026-09-19 13:37:23+00:00,10000.0,2636.370874095931,2637.968771503085,1.5978974071539827,1.5978974071539827,0.06060973525592967,Uniswap V3,SushiSwap V2,-692.059622,-6.92059622,-680.838959,-6.80838959,Uniswap V3 -> SushiSwap V2,9319.161041,-680.838959,-6.80838959,False
26011905,2026-09-19 13:37:35+00:00,100.0,2636.370874095931,2637.968771503085,1.5978974071539827,1.5978974071539827,0.06060973525592967,Uniswap V3,SushiSwap V2,-0.47982,-0.47982,-0.359154,-0.359154,Uniswap V3 -> SushiSwap V2,99.640846,-0.359154,-0.359154,False
26011905,2026-09-19 13:37:35+00:00,500.0,2636.370874095931,2637.968771503085,1.5978974071539827,1.5978974071539827,0.06060973525592967,Uniswap V3,SushiSwap V2,-3.786425,-0.757285,-3.184922,-0.6369844,Uniswap V3 -> SushiSwap V2,496.815078,-3.184922,-0.6369844,False
26011905,2026-09-19 13:37:35+00:00,1000.0,2636.370874095931,2637.968771503085,1.5978974071539827,1.5978974071539827,0.06060973525592967,Uniswap V3,SushiSwap V2,-11.019479,-1.1019479,-9.821021,-0.9821021,Uniswap V3 -> SushiSwap V2,990.178979,-9.821021,-0.9821021,False
26011905,2026-09-19 13:37:35+00:00,5000.0,2636.370874095931,2637.968771503085,1.5978974071539827,1.5978974071539827,0.06060973525592967,Uniswap V3,SushiSwap V2,-188.76991,-3.7753982,-182.953574,-3.65907148,Uniswap V3 -> SushiSwap V2,4817.046426,-182.953574,-3.65907148,False
26011905,2026-09-19 13:37:35+00:00,10000.0,2636.370874095931,2637.968771503085,1.5978974071539827,1.5978974071539827,0.06060973525592967,Uniswap V3,SushiSwap V2,-692.059622,-6.92059622,-680.838959,-6.80838959,Uniswap V3 -> SushiSwap V2,9319.161041,-680.838959,-6.80838959,False
26011906,2026-09-19 13:37:47+00:00,100.0,2636.37088950906,2637.968771503085,1.5978819940252214,1.5978819940252214,0.060609150267274266,Uniswap V3,SushiSwap V2,-0.47982,-0.47982,-0.359154,-0.359154,Uniswap V3 -> SushiSwap V2,99.640846,-0.359154,-0.359154,False
26011906,2026-09-19 13:37:47+00:00,500.0,2636.37088950906,2637.968771503085,1.5978819940252214,1.5978819940252214,0.060609150267274266,Uniswap V3,SushiSwap V2,-3.786422,-0.7572844,-3.184925,-0.636985,Uniswap V3 -> SushiSwap V2,496.815075,-3.184925,-0.636985,False
26011906,2026-09-19 13:37:47+00:00,1000.0,2636.37088950906,2637.968771503085,1.5978819940252214,1.5978819940252214,0.060609150267274266,Uniswap V3,SushiSwap V2,-11.019473,-1.1019473,-9.821027,-0.9821027,Uniswap V3 -> SushiSwap V2,990.178973,-9.821027,-0.9821027,False
26011906,2026-09-19 13:37:47+00:00,5000.0,2636.37088950906,2637.968771503085,1.5978819940252214,1.5978819940252214,0.060609150267274266,Uniswap V3,SushiSwap V2,-188.769882,-3.77539764,-182.953601,-3.65907202,Uniswap V3 -> SushiSwap V2,4817.046399,-182.953601,-3.65907202,False
26011906,2026-09-19 13:37:47+00:00,10000.0,2636.37088950906,2637.968771503085,1.5978819940252214,1.5978819940252214,0.060609150267274266,Uniswap V3,SushiSwap V2,-692.059568,-6.92059568,-680.83901,-6.8083901,Uniswap V3 -> SushiSwap V2,9319.16099,-680.83901,-6.8083901,False
26011907,2026-09-19 13:37:59+00:00,100.0,2636.365144783875,2637.968771503085,1.6036267192099192,1.6036267192099192,0.060827185580978466,Uniswap V3,SushiSwap V2,-0.480037,-0.480037,-0.358937,-0.358937,Uniswap V3 -> SushiSwap V2,99.641063,-0.358937,-0.358937,False
26011907,2026-09-19 13:37:59+00:00,500.0,2636.365144783875,2637.968771503085,1.6036267192099192,1.6036267192099192,0.060827185580978466,Uniswap V3,SushiSwap V2,-3.787503,-0.7575006,-3.183846,-0.6367692,Uniswap V3 -> SushiSwap V2,496.816154,-3.183846,-0.6367692,False
26011907,2026-09-19 13:37:59+00:00,1000.0,2636.365144783875,2637.968771503085,1.6036267192099192,1.6036267192099192,0.060827185580978466,Uniswap V3,SushiSwap V2,-11.021628,-1.1021628,-9.818884,-0.9818884,Uniswap V3 -> SushiSwap V2,990.181116,-9.818884,-0.9818884,False
26011907,2026-09-19 13:37:59+00:00,5000.0,2636.365144783875,2637.968771503085,1.6036267192099192,1.6036267192099192,0.060827185580978466,Uniswap V3,SushiSwap V2,-188.780366,-3.77560732,-182.943459,-3.65886918,Uniswap V3 -> SushiSwap V2,4817.056541,-182.943459,-3.65886918,False
26011907,2026-09-19 13:37:59+00:00,10000.0,2636.365144783875,2637.968771503085,1.6036267192099192,1.6036267192099192,0.060827185580978466,Uniswap V3,SushiSwap V2,-692.07985,-6.9207985,-680.820031,-6.80820031,Uniswap V3 -> SushiSwap V2,9319.179969,-680.820031,-6.80820031,False
26011908,2026-09-19 13:38:11+00:00,100.0,2636.365144783875,2637.968771503085,1.6036267192099192,1.6036267192099192,0.060827185580978466,Uniswap V3,SushiSwap V2,-0.480037,-0.480037,-0.358937,-0.358937,Uniswap V3 -> SushiSwap V2,99.641063,-0.358937,-0.358937,False
26011908,2026-09-19 13:38:11+00:00,500.0,2636.365144783875,2637.968771503085,1.6036267192099192,1.6036267192099192,0.060827185580978466,Uniswap V3,SushiSwap V2,-3.787503,-0.7575006,-3.183846,-0.6367692,Uniswap V3 -> SushiSwap V2,496.816154,-3.183846,-0.6367692,False
26011908,2026-09-19 13:38:11+00:00,1000.0,2636.365144783875,2637.968771503085,1.6036267192099192,1.6036267192099192,0.060827185580978466,Uniswap V3,SushiSwap V2,-11.021628,-1.1021628,-9.818884,-0.9818884,Uniswap V3 -> SushiSwap V2,990.181116,-9.818884,-0.9818884,False
26011908,2026-09-19 13:38:11+00:00,5000.0,2636.365144783875,2637.968771503085,1.6036267192099192,1.6036267192099192,0.060827185580978466,Uniswap V3,SushiSwap V2,-188.780366,-3.77560732,-182.943459,-3.65886918,Uniswap V3 -> SushiSwap V2,4817.056541,-182.943459,-3.65886918,False
26011908,2026-09-19 13:38:11+00:00,10000.0,2636.365144783875,2637.968771503085,1.6036267192099192,1.6036267192099192,0.060827185580978466,Uniswap V3,SushiSwap V2,-692.07985,-6.9207985,-680.820031,-6.80820031,Uniswap V3 -> SushiSwap V2,9319.179969,-680.820031,-6.80820031,False
26011909,2026-09-19 13:38:23+00:00,100.0,2636.3669998497453,2637.968771503085,1.6017716533396513,1.6017716533396513,0.060756778302525453,Uniswap V3,SushiSwap V2,-0.479967,-0.479967,-0.359007,-0.359007,Uniswap V3 -> SushiSwap V2,99.640993,-0.359007,-0.359007,False
26011909,2026-09-19 13:38:23+00:00,500.0,2636.3669998497453,2637.968771503085,1.6017716533396513,1.6017716533396513,0.060756778302525453,Uniswap V3,SushiSwap V2,-3.787154,-0.7574308,-3.184194,-0.6368388,Uniswap V3 -> SushiSwap V2,496.815806,-3.184194,-0.6368388,False
26011909,2026-09-19 13:38:23+00:00,1000.0,2636.3669998497453,2637.968771503085,1.6017716533396513,1.6017716533396513,0.060756778302525453,Uniswap V3,SushiSwap V2,-11.020932,-1.1020932,-9.819576,-0.9819576,Uniswap V3 -> SushiSwap V2,990.180424,-9.819576,-0.9819576,False
26011909,2026-09-19 13:38:23+00:00,5000.0,2636.3669998497453,2637.968771503085,1.6017716533396513,1.6017716533396513,0.060756778302525453,Uniswap V3,SushiSwap V2,-188.77698,-3.7755396,-182.946734,-3.65893468,Uniswap V3 -> SushiSwap V2,4817.053266,-182.946734,-3.65893468,False
26011909,2026-09-19 13:38:23+00:00,10000.0,2636.3669998497453,2637.968771503085,1.6017716533396513,1.6017716533396513,0.060756778302525453,Uniswap V3,SushiSwap V2,-692.0733,-6.920733,-680.82616,-6.8082616,Uniswap V3 -> SushiSwap V2,9319.17384,-680.82616,-6.8082616,False
26011910,2026-09-19 13:38:35+00:00,100.0,2636.3669998497453,2637.968771503085,1.6017716533396513,1.6017716533396513,0.060756778302525453,Uniswap V3,SushiSwap V2,-0.479967,-0.479967,-0.359007,-0.359007,Uniswap V3 -> SushiSwap V2,99.640993,-0.359007,-0.359007,False
26011910,2026-09-19 13:38:35+00:00,500.0,2636.3669998497453,2637.968771503085,1.6017716533396513,1.6017716533396513,0.060756778302525453,Uniswap V3,SushiSwap V2,-3.787154,-0.7574308,-3.184194,-0.6368388,Uniswap V3 -> SushiSwap V2,496.815806,-3.184194,-0.6368388,False
26011910,2026-09-19 13:38:35+00:00,1000.0,2636.3669998497453,2637.968771503085,1.6017716533396513,1.6017716533396513,0.060756778302525453,Uniswap V3,SushiSwap V2,-11.020932,-1.1020932,-9.819576,-0.9819576,Uniswap V3 -> SushiSwap V2,990.180424,-9.819576,-0.9819576,False
26011910,2026-09-19 13:38:35+00:00,5000.0,2636.3669998497453,2637.968771503085,1.6017716533396513,1.6017716533396513,0.060756778302525453,Uniswap V3,SushiSwap V2,-188.77698,-3.7755396,-182.946734,-3.65893468,Uniswap V3 -> SushiSwap V2,4817.053266,-182.946734,-3.65893468,False
26011910,2026-09-19 13:38:35+00:00,10000.0,2636.3669998497453,2637.968771503085,1.6017716533396513,1.6017716533396513,0.060756778302525453,Uniswap V3,SushiSwap V2,-692.0733,-6.920733,-680.82616,-6.8082616,Uniswap V3 -> SushiSwap V2,9319.17384,-680.82616,-6.8082616,False
26011911,2026-09-19 13:38:47+00:00,100.0,2636.3669998497453,2637.968771503085,1.6017716533396513,1.6017716533396513,0.060756778302525453,Uniswap V3,SushiSwap V2,-0.479967,-0.479967,-0.359007,-0.359007,Uniswap V3 -> SushiSwap V2,99.640993,-0.359007,-0.359007,False
26011911,2026-09-19 13:38:47+00:00,500.0,2636.3669998497453,2637.968771503085,1.6017716533396513,1.6017716533396513,0.060756778302525453,Uniswap V3,SushiSwap V2,-3.787154,-0.7574308,-3.184194,-0.6368388,Uniswap V3 -> SushiSwap V2,496.815806,-3.184194,-0.6368388,False
26011911,2026-09-19 13:38:47+00:00,1000.0,2636.3669998497453,2637.968771503085,1.6017716533396513,1.6017716533396513,0.060756778302525453,Uniswap V3,SushiSwap V2,-11.020932,-1.1020932,-9.819576,-0.9819576,Uniswap V3 -> SushiSwap V2,990.180424,-9.819576,-0.9819576,False
26011911,2026-09-19 13:38:47+00:00,5000.0,2636.3669998497453,2637.968771503085,1.6017716533396513,1.6017716533396513,0.060756778302525453,Uniswap V3,SushiSwap V2,-188.77698,-3.7755396,-182.946734,-3.65893468,Uniswap V3 -> SushiSwap V2,4817.053266,-182.946734,-3.65893468,False
26011911,2026-09-19 13:38:47+00:00,10000.0,2636.3669998497453,2637.968771503085,1.6017716533396513,1.6017716533396513,0.060756778302525453,Uniswap V3,SushiSwap V2,-692.0733,-6.920733,-680.82616,-6.8082616,Uniswap V3 -> SushiSwap V2,9319.17384,-680.82616,-6.8082616,False
26011912,2026-09-19 13:38:59+00:00,100.0,2636.3642156682736,2637.968771503085,1.6045558348112328,1.6045558348112328,0.06086244932605054,Uniswap V3,SushiSwap V2,-0.480072,-0.480072,-0.358902,-0.358902,Uniswap V3 -> SushiSwap V2,99.641098,-0.358902,-0.358902,False
26011912,2026-09-19 13:38:59+00:00,500.0,2636.3642156682736,2637.968771503085,1.6045558348112328,1.6045558348112328,0.06086244932605054,Uniswap V3,SushiSwap V2,-3.787678,-0.7575356,-3.183671,-0.6367342,Uniswap V3 -> SushiSwap V2,496.816329,-3.183671,-0.6367342,False
26011912,2026-09-19 13:38:59+00:00,1000.0,2636.3642156682736,2637.968771503085,1.6045558348112328,1.6045558348112328,0.06086244932605054,Uniswap V3,SushiSwap V2,-11.021976,-1.1021976,-9.818538,-0.9818538,Uniswap V3 -> SushiSwap V2,990.181462,-9.818538,-0.9818538,False
26011912,2026-09-19 13:38:59+00:00,5000.0,2636.3642156682736,2637.968771503085,1.6045558348112328,1.6045558348112328,0.06086244932605054,Uniswap V3,SushiSwap V2,-188.782061,-3.77564122,-182.941819,-3.65883638,Uniswap V3 -> SushiSwap V2,4817.058181,-182.941819,-3.65883638,False
26011912,2026-09-19 13:38:59+00:00,10000.0,2636.3642156682736,2637.968771503085,1.6045558348112328,1.6045558348112328,0.06086244932605054,Uniswap V3,SushiSwap V2,-692.08313,-6.9208313,-680.816961,-6.80816961,Uniswap V3 -> SushiSwap V2,9319.183039,-680.816961,-6.80816961,False
26011913,2026-09-19 13:39:11+00:00,100.0,2636.3642139110425,2637.968771503085,1.604557592042362,1.604557592042362,0.060862516020197495,Uniswap V3,SushiSwap V2,-0.480072,-0.480072,-0.358902,-0.358902,Uniswap V3 -> SushiSwap V2,99.641098,-0.358902,-0.358902,False
26011913,2026-09-19 13:39:11+00:00,500.0,2636.3642139110425,2637.968771503085,1.604557592042362,1.604557592042362,0.060862516020197495,Uniswap V3,SushiSwap V2,-3.787678,-0.7575356,-3.183671,-0.6367342,Uniswap V3 -> SushiSwap V2,496.816329,-3.183671,-0.6367342,False
26011913,2026-09-19 13:39:11+00:00,1000.0,2636.3642139110425,2637.968771503085,1.604557592042362,1.604557592042362,0.060862516020197495,Uniswap V3,SushiSwap V2,-11.021977,-1.1021977,-9.818537,-0.9818537,Uniswap V3 -> SushiSwap V2,990.181463,-9.818537,-0.9818537,False
26011913,2026-09-19 13:39:11+00:00,5000.0,2636.3642139110425,2637.968771503085,1.604557592042362,1.604557592042362,0.060862516020197495,Uniswap V3,SushiSwap V2,-188.782064,-3.77564128,-182.941816,-3.65883632,Uniswap V3 -> SushiSwap V2,4817.058184,-182.941816,-3.65883632,False
26011913,2026-09-19 13:39:11+00:00,10000.0,2636.3642139110425,2637.968771503085,1.604557592042362,1.604557592042362,0.060862516020197495,Uniswap V3,SushiSwap V2,-692.083136,-6.92083136,-680.816955,-6.80816955,Uniswap V3 -> SushiSwap V2,9319.183045,-680.816955,-6.80816955,False
26011914,2026-09-19 13:39:23+00:00,100.0,2636.3642139110425,2637.968771503085,1.604557592042362,1.604557592042362,0.060862516020197495,Uniswap V3,SushiSwap V2,-0.480072,-0.480072,-0.358902,-0.358902,Uniswap V3 -> SushiSwap V2,99.641098,-0.358902,-0.358902,False
26011914,2026-09-19 13:39:23+00:00,500.0,2636.3642139110425,2637.968771503085,1.604557592042362,1.604557592042362,0.060862516020197495,Uniswap V3,SushiSwap V2,-3.787678,-0.7575356,-3.183671,-0.6367342,Uniswap V3 -> SushiSwap V2,496.816329,-3.183671,-0.6367342,False
26011914,2026-09-19 13:39:23+00:00,1000.0,2636.3642139110425,2637.968771503085,1.604557592042362,1.604557592042362,0.060862516020197495,Uniswap V3,SushiSwap V2,-11.021977,-1.1021977,-9.818537,-0.9818537,Uniswap V3 -> SushiSwap V2,990.181463,-9.818537,-0.9818537,False
26011914,2026-09-19 13:39:23+00:00,5000.0,2636.3642139110425,2637.968771503085,1.604557592042362,1.604557592042362,0.060862516020197495,Uniswap V3,SushiSwap V2,-188.782064,-3.77564128,-182.941816,-3.65883632,Uniswap V3 -> SushiSwap V2,4817.058184,-182.941816,-3.65883632,False
26011914,2026-09-19 13:39:23+00:00,10000.0,2636.3642139110425,2637.968771503085,1.604557592042362,1.604557592042362,0.060862516020197495,Uniswap V3,SushiSwap V2,-692.083136,-6.92083136,-680.816955,-6.80816955,Uniswap V3 -> SushiSwap V2,9319.183045,-680.816955,-6.80816955,False
26011915,2026-09-19 13:39:35+00:00,100.0,2636.3646468259394,2637.968771503085,1.6041246771457676,1.6041246771457676,0.06084608512244538,Uniswap V3,SushiSwap V2,-0.480055,-0.480055,-0.358918,-0.358918,Uniswap V3 -> SushiSwap V2,99.641082,-0.358918,-0.358918,False
26011915,2026-09-19 13:39:35+00:00,500.0,2636.3646468259394,2637.968771503085,1.6041246771457676,1.6041246771457676,0.06084608512244538,Uniswap V3,SushiSwap V2,-3.787597,-0.7575194,-3.183752,-0.6367504,Uniswap V3 -> SushiSwap V2,496.816248,-3.183752,-0.6367504,False
26011915,2026-09-19 13:39:35+00:00,1000.0,2636.3646468259394,2637.968771503085,1.6041246771457676,1.6041246771457676,0.06084608512244538,Uniswap V3,SushiSwap V2,-11.021815,-1.1021815,-9.818699,-0.9818699,Uniswap V3 -> SushiSwap V2,990.181301,-9.818699,-0.9818699,False
26011915,2026-09-19 13:39:35+00:00,5000.0,2636.3646468259394,2637.968771503085,1.6041246771457676,1.6041246771457676,0.06084608512244538,Uniswap V3,SushiSwap V2,-188.781274,-3.77562548,-182.94258,-3.6588516,Uniswap V3 -> SushiSwap V2,4817.05742,-182.94258,-3.6588516,False
26011915,2026-09-19 13:39:35+00:00,10000.0,2636.3646468259394,2637.968771503085,1.6041246771457676,1.6041246771457676,0.06084608512244538,Uniswap V3,SushiSwap V2,-692.081608,-6.92081608,-680.818386,-6.80818386,Uniswap V3 -> SushiSwap V2,9319.181614,-680.818386,-6.80818386,False
26011916,2026-09-19 13:39:47+00:00,100.0,2636.3648749430095,2637.968771503085,1.6038965600755826,1.6038965600755826,0.06083742714521844,Uniswap V3,SushiSwap V2,-0.480047,-0.480047,-0.358927,-0.358927,Uniswap V3 -> SushiSwap V2,99.641073,-0.358927,-0.358927,False
26011916,2026-09-19 13:39:47+00:00,500.0,2636.3648749430095,2637.968771503085,1.6038965600755826,1.6038965600755826,0.06083742714521844,Uniswap V3,SushiSwap V2,-3.787554,-0.7575108,-3.183795,-0.636759,Uniswap V3 -> SushiSwap V2,496.816205,-3.183795,-0.636759,False
26011916,2026-09-19 13:39:47+00:00,1000.0,2636.3648749430095,2637.968771503085,1.6038965600755826,1.6038965600755826,0.06083742714521844,Uniswap V3,SushiSwap V2,-11.021729,-1.1021729,-9.818784,-0.9818784,Uniswap V3 -> SushiSwap V2,990.181216,-9.818784,-0.9818784,False
26011916,2026-09-19 13:39:47+00:00,5000.0,2636.3648749430095,2637.968771503085,1.6038965600755826,1.6038965600755826,0.06083742714521844,Uniswap V3,SushiSwap V2,-188.780858,-3.77561716,-182.942983,-3.65885966,Uniswap V3 -> SushiSwap V2,4817.057017,-182.942983,-3.65885966,False
26011916,2026-09-19 13:39:47+00:00,10000.0,2636.3648749430095,2637.968771503085,1.6038965600755826,1.6038965600755826,0.06083742714521844,Uniswap V3,SushiSwap V2,-692.080802,-6.92080802,-680.819139,-6.80819139,Uniswap V3 -> SushiSwap V2,9319.180861,-680.819139,-6.80819139,False
26011917,2026-09-19 13:39:59+00:00,100.0,2636.3648731857725,2637.968771503085,1.6038983173125234,1.6038983173125234,0.060837493839552614,Uniswap V3,SushiSwap V2,-0.480047,-0.480047,-0.358927,-0.358927,Uniswap V3 -> SushiSwap V2,99.641073,-0.358927,-0.358927,False
26011917,2026-09-19 13:39:59+00:00,500.0,2636.3648731857725,2637.968771503085,1.6038983173125234,1.6038983173125234,0.060837493839552614,Uniswap V3,SushiSwap V2,-3.787554,-0.7575108,-3.183795,-0.636759,Uniswap V3 -> SushiSwap V2,496.816205,-3.183795,-0.636759,False
26011917,2026-09-19 13:39:59+00:00,1000.0,2636.3648731857725,2637.968771503085,1.6038983173125234,1.6038983173125234,0.060837493839552614,Uniswap V3,SushiSwap V2,-11.02173,-1.102173,-9.818783,-0.9818783,Uniswap V3 -> SushiSwap V2,990.181217,-9.818783,-0.9818783,False
26011917,2026-09-19 13:39:59+00:00,5000.0,2636.3648731857725,2637.968771503085,1.6038983173125234,1.6038983173125234,0.060837493839552614,Uniswap V3,SushiSwap V2,-188.780861,-3.77561722,-182.942979,-3.65885958,Uniswap V3 -> SushiSwap V2,4817.057021,-182.942979,-3.65885958,False
26011917,2026-09-19 13:39:59+00:00,10000.0,2636.3648731857725,2637.968771503085,1.6038983173125234,1.6038983173125234,0.060837493839552614,Uniswap V3,SushiSwap V2,-692.080809,-6.92080809,-680.819134,-6.80819134,Uniswap V3 -> SushiSwap V2,9319.180866,-680.819134,-6.80819134,False
26011918,2026-09-19 13:40:11+00:00,100.0,2636.3648731857725,2637.968771503085,1.6038983173125234,1.6038983173125234,0.060837493839552614,Uniswap V3,SushiSwap V2,-0.480047,-0.480047,-0.358927,-0.358927,Uniswap V3 -> SushiSwap V2,99.641073,-0.358927,-0.358927,False
26011918,2026-09-19 13:40:11+00:00,500.0,2636.3648731857725,2637.968771503085,1.6038983173125234,1.6038983173125234,0.060837493839552614,Uniswap V3,SushiSwap V2,-3.787554,-0.7575108,-3.183795,-0.636759,Uniswap V3 -> SushiSwap V2,496.816205,-3.183795,-0.636759,False
26011918,2026-09-19 13:40:11+00:00,1000.0,2636.3648731857725,2637.968771503085,1.6038983173125234,1.6038983173125234,0.060837493839552614,Uniswap V3,SushiSwap V2,-11.02173,-1.102173,-9.818783,-0.9818783,Uniswap V3 -> SushiSwap V2,990.181217,-9.818783,-0.9818783,False
26011918,2026-09-19 13:40:11+00:00,5000.0,2636.3648731857725,2637.968771503085,1.6038983173125234,1.6038983173125234,0.060837493839552614,Uniswap V3,SushiSwap V2,-188.780861,-3.77561722,-182.942979,-3.65885958,Uniswap V3 -> SushiSwap V2,4817.057021,-182.942979,-3.65885958,False
26011918,2026-09-19 13:40:11+00:00,10000.0,2636.3648731857725,2637.968771503085,1.6038983173125234,1.6038983173125234,0.060837493839552614,Uniswap V3,SushiSwap V2,-692.080809,-6.92080809,-680.819134,-6.80819134,Uniswap V3 -> SushiSwap V2,9319.180866,-680.819134,-6.80819134,False
26011919,2026-09-19 13:40:23+00:00,100.0,2636.3660302013727,2637.968771503085,1.6027413017123784,1.6027413017123784,0.06079358038117176,Uniswap V3,SushiSwap V2,-0.480003,-0.480003,-0.358971,-0.358971,Uniswap V3 -> SushiSwap V2,99.641029,-0.358971,-0.358971,False
26011919,2026-09-19 13:40:23+00:00,500.0,2636.3660302013727,2637.968771503085,1.6027413017123784,1.6027413017123784,0.06079358038117176,Uniswap V3,SushiSwap V2,-3.787336,-0.7574672,-3.184012,-0.6368024,Uniswap V3 -> SushiSwap V2,496.815988,-3.184012,-0.6368024,False
26011919,2026-09-19 13:40:23+00:00,1000.0,2636.3660302013727,2637.968771503085,1.6027413017123784,1.6027413017123784,0.06079358038117176,Uniswap V3,SushiSwap V2,-11.021296,-1.1021296,-9.819215,-0.9819215,Uniswap V3 -> SushiSwap V2,990.180785,-9.819215,-0.9819215,False
26011919,2026-09-19 13:40:23+00:00,5000.0,2636.3660302013727,2637.968771503085,1.6027413017123784,1.6027413017123784,0.06079358038117176,Uniswap V3,SushiSwap V2,-188.77875,-3.775575,-182.945022,-3.65890044,Uniswap V3 -> SushiSwap V2,4817.054978,-182.945022,-3.65890044,False
26011919,2026-09-19 13:40:23+00:00,10000.0,2636.3660302013727,2637.968771503085,1.6027413017123784,1.6027413017123784,0.06079358038117176,Uniswap V3,SushiSwap V2,-692.076724,-6.92076724,-680.822956,-6.80822956,Uniswap V3 -> SushiSwap V2,9319.177044,-680.822956,-6.80822956,False
26011920,2026-09-19 13:40:35+00:00,100.0,2636.3660302013727,2637.968771503085,1.6027413017123784,1.6027413017123784,0.06079358038117176,Uniswap V3,SushiSwap V2,-0.480003,-0.480003,-0.358971,-0.358971,Uniswap V3 -> SushiSwap V2,99.641029,-0.358971,-0.358971,False
26011920,2026-09-19 13:40:35+00:00,500.0,2636.3660302013727,2637.968771503085,1.6027413017123784,1.6027413017123784,0.06079358038117176,Uniswap V3,SushiSwap V2,-3.787336,-0.7574672,-3.184012,-0.6368024,Uniswap V3 -> SushiSwap V2,496.815988,-3.184012,-0.6368024,False
26011920,2026-09-19 13:40:35+00:00,1000.0,2636.3660302013727,2637.968771503085,1.6027413017123784,1.6027413017123784,0.06079358038117176,Uniswap V3,SushiSwap V2,-11.021296,-1.1021296,-9.819215,-0.9819215,Uniswap V3 -> SushiSwap V2,990.180785,-9.819215,-0.9819215,False
26011920,2026-09-19 13:40:35+00:00,5000.0,2636.3660302013727,2637.968771503085,1.6027413017123784,1.6027413017123784,0.06079358038117176,Uniswap V3,SushiSwap V2,-188.77875,-3.775575,-182.945022,-3.65890044,Uniswap V3 -> SushiSwap V2,4817.054978,-182.945022,-3.65890044,False
26011920,2026-09-19 13:40:35+00:00,10000.0,2636.3660302013727,2637.968771503085,1.6027413017123784,1.6027413017123784,0.06079358038117176,Uniswap V3,SushiSwap V2,-692.076724,-6.92076724,-680.822956,-6.80822956,Uniswap V3 -> SushiSwap V2,9319.177044,-680.822956,-6.80822956,False
26011921,2026-09-19 13:40:47+00:00,100.0,2636.319315796853,2637.968771503085,1.6494557062318504,1.6494557062318504,0.06256661309380447,Uniswap V3,SushiSwap V2,-0.481767,-0.481767,-0.357206,-0.357206,Uniswap V3 -> SushiSwap V2,99.642794,-0.357206,-0.357206,False
26011921,2026-09-19 13:40:47+00:00,500.0,2636.319315796853,2637.968771503085,1.6494557062318504,1.6494557062318504,0.06256661309380447,Uniswap V3,SushiSwap V2,-3.796129,-0.7592258,-3.17524,-0.635048,Uniswap V3 -> SushiSwap V2,496.82476,-3.17524,-0.635048,False
26011921,2026-09-19 13:40:47+00:00,1000.0,2636.319315796853,2637.968771503085,1.6494557062318504,1.6494557062318504,0.06256661309380447,Uniswap V3,SushiSwap V2,-11.03882,-1.103882,-9.801791,-0.9801791,Uniswap V3 -> SushiSwap V2,990.198209,-9.801791,-0.9801791,False
26011921,2026-09-19 13:40:47+00:00,5000.0,2636.319315796853,2637.968771503085,1.6494557062318504,1.6494557062318504,0.06256661309380447,Uniswap V3,SushiSwap V2,-188.864,-3.77728,-182.86255,-3.657251,Uniswap V3 -> SushiSwap V2,4817.13745,-182.86255,-3.657251,False
26011921,2026-09-19 13:40:47+00:00,10000.0,2636.319315796853,2637.968771503085,1.6494557062318504,1.6494557062318504,0.06256661309380447,Uniswap V3,SushiSwap V2,-692.24165,-6.9224165,-680.668617,-6.80668617,Uniswap V3 -> SushiSwap V2,9319.331383,-680.668617,-6.80668617,False
26011922,2026-09-19 13:40:59+00:00,100.0,2636.2728401307504,2637.968771503085,1.695931372334481,1.695931372334481,0.06433064690870041,Uniswap V3,SushiSwap V2,-0.483521,-0.483521,-0.355451,-0.355451,Uniswap V3 -> SushiSwap V2,99.644549,-0.355451,-0.355451,False
26011922,2026-09-19 13:40:59+00:00,500.0,2636.2728401307504,2637.968771503085,1.695931372334481,1.695931372334481,0.06433064690870041,Uniswap V3,SushiSwap V2,-3.804876,-0.7609752,-3.166511,-0.6333022,Uniswap V3 -> SushiSwap V2,496.833489,-3.166511,-0.6333022,False
26011922,2026-09-19 13:40:59+00:00,1000.0,2636.2728401307504,2637.968771503085,1.695931372334481,1.695931372334481,0.06433064690870041,Uniswap V3,SushiSwap V2,-11.056254,-1.1056254,-9.784456,-0.9784456,Uniswap V3 -> SushiSwap V2,990.215544,-9.784456,-0.9784456,False
26011922,2026-09-19 13:40:59+00:00,5000.0,2636.2728401307504,2637.968771503085,1.695931372334481,1.695931372334481,0.06433064690870041,Uniswap V3,SushiSwap V2,-188.948815,-3.7789763,-182.780496,-3.65560992,Uniswap V3 -> SushiSwap V2,4817.219504,-182.780496,-3.65560992,False
26011922,2026-09-19 13:40:59+00:00,10000.0,2636.2728401307504,2637.968771503085,1.695931372334481,1.695931372334481,0.06433064690870041,Uniswap V3,SushiSwap V2,-692.405733,-6.92405733,-680.515062,-6.80515062,Uniswap V3 -> SushiSwap V2,9319.484938,-680.515062,-6.80515062,False
26011923,2026-09-19 13:41:11+00:00,100.0,2636.2728401307504,2637.968771503085,1.695931372334481,1.695931372334481,0.06433064690870041,Uniswap V3,SushiSwap V2,-0.483521,-0.483521,-0.355451,-0.355451,Uniswap V3 -> SushiSwap V2,99.644549,-0.355451,-0.355451,False
26011923,2026-09-19 13:41:11+00:00,500.0,2636.2728401307504,2637.968771503085,1.695931372334481,1.695931372334481,0.06433064690870041,Uniswap V3,SushiSwap V2,-3.804876,-0.7609752,-3.166511,-0.6333022,Uniswap V3 -> SushiSwap V2,496.833489,-3.166511,-0.6333022,False
26011923,2026-09-19 13:41:11+00:00,1000.0,2636.2728401307504,2637.968771503085,1.695931372334481,1.695931372334481,0.06433064690870041,Uniswap V3,SushiSwap V2,-11.056254,-1.1056254,-9.784456,-0.9784456,Uniswap V3 -> SushiSwap V2,990.215544,-9.784456,-0.9784456,False
26011923,2026-09-19 13:41:11+00:00,5000.0,2636.2728401307504,2637.968771503085,1.695931372334481,1.695931372334481,0.06433064690870041,Uniswap V3,SushiSwap V2,-188.948815,-3.7789763,-182.780496,-3.65560992,Uniswap V3 -> SushiSwap V2,4817.219504,-182.780496,-3.65560992,False
26011923,2026-09-19 13:41:11+00:00,10000.0,2636.2728401307504,2637.968771503085,1.695931372334481,1.695931372334481,0.06433064690870041,Uniswap V3,SushiSwap V2,-692.405733,-6.92405733,-680.515062,-6.80515062,Uniswap V3 -> SushiSwap V2,9319.484938,-680.515062,-6.80515062,False
26011924,2026-09-19 13:41:23+00:00,100.0,2636.2728401307504,2637.968771503085,1.695931372334481,1.695931372334481,0.06433064690870041,Uniswap V3,SushiSwap V2,-0.483521,-0.483521,-0.355451,-0.355451,Uniswap V3 -> SushiSwap V2,99.644549,-0.355451,-0.355451,False
26011924,2026-09-19 13:41:23+00:00,500.0,2636.2728401307504,2637.968771503085,1.695931372334481,1.695931372334481,0.06433064690870041,Uniswap V3,SushiSwap V2,-3.804876,-0.7609752,-3.166511,-0.6333022,Uniswap V3 -> SushiSwap V2,496.833489,-3.166511,-0.6333022,False
26011924,2026-09-19 13:41:23+00:00,1000.0,2636.2728401307504,2637.968771503085,1.695931372334481,1.695931372334481,0.06433064690870041,Uniswap V3,SushiSwap V2,-11.056254,-1.1056254,-9.784456,-0.9784456,Uniswap V3 -> SushiSwap V2,990.215544,-9.784456,-0.9784456,False
26011924,2026-09-19 13:41:23+00:00,5000.0,2636.2728401307504,2637.968771503085,1.695931372334481,1.695931372334481,0.06433064690870041,Uniswap V3,SushiSwap V2,-188.948815,-3.7789763,-182.780496,-3.65560992,Uniswap V3 -> SushiSwap V2,4817.219504,-182.780496,-3.65560992,False
26011924,2026-09-19 13:41:23+00:00,10000.0,2636.2728401307504,2637.968771503085,1.695931372334481,1.695931372334481,0.06433064690870041,Uniswap V3,SushiSwap V2,-692.405733,-6.92405733,-680.515062,-6.80515062,Uniswap V3 -> SushiSwap V2,9319.484938,-680.515062,-6.80515062,False
26011925,2026-09-19 13:41:35+00:00,100.0,2636.2728401307504,2637.968771503085,1.695931372334481,1.695931372334481,0.06433064690870041,Uniswap V3,SushiSwap V2,-0.483521,-0.483521,-0.355451,-0.355451,Uniswap V3 -> SushiSwap V2,99.644549,-0.355451,-0.355451,False
26011925,2026-09-19 13:41:35+00:00,500.0,2636.2728401307504,2637.968771503085,1.695931372334481,1.695931372334481,0.06433064690870041,Uniswap V3,SushiSwap V2,-3.804876,-0.7609752,-3.166511,-0.6333022,Uniswap V3 -> SushiSwap V2,496.833489,-3.166511,-0.6333022,False
26011925,2026-09-19 13:41:35+00:00,1000.0,2636.2728401307504,2637.968771503085,1.695931372334481,1.695931372334481,0.06433064690870041,Uniswap V3,SushiSwap V2,-11.056254,-1.1056254,-9.784456,-0.9784456,Uniswap V3 -> SushiSwap V2,990.215544,-9.784456,-0.9784456,False
26011925,2026-09-19 13:41:35+00:00,5000.0,2636.2728401307504,2637.968771503085,1.695931372334481,1.695931372334481,0.06433064690870041,Uniswap V3,SushiSwap V2,-188.948815,-3.7789763,-182.780496,-3.65560992,Uniswap V3 -> SushiSwap V2,4817.219504,-182.780496,-3.65560992,False
26011925,2026-09-19 13:41:35+00:00,10000.0,2636.2728401307504,2637.968771503085,1.695931372334481,1.695931372334481,0.06433064690870041,Uniswap V3,SushiSwap V2,-692.405733,-6.92405733,-680.515062,-6.80515062,Uniswap V3 -> SushiSwap V2,9319.484938,-680.515062,-6.80515062,False
26011926,2026-09-19 13:41:47+00:00,100.0,2635.842481643767,2637.968771503085,2.1262898593179274,2.1262898593179274,0.08066832043741583,Uniswap V3,SushiSwap V2,-0.499767,-0.499767,-0.339193,-0.339193,Uniswap V3 -> SushiSwap V2,99.660807,-0.339193,-0.339193,False
26011926,2026-09-19 13:41:47+00:00,500.0,2635.842481643767,2637.968771503085,2.1262898593179274,2.1262898593179274,0.08066832043741583,Uniswap V3,SushiSwap V2,-3.885878,-0.7771756,-3.085675,-0.617135,Uniswap V3 -> SushiSwap V2,496.914325,-3.085675,-0.617135,False
26011926,2026-09-19 13:41:47+00:00,1000.0,2635.842481643767,2637.968771503085,2.1262898593179274,2.1262898593179274,0.08066832043741583,Uniswap V3,SushiSwap V2,-11.217694,-1.1217694,-9.623904,-0.9623904,Uniswap V3 -> SushiSwap V2,990.376096,-9.623904,-0.9623904,False
26011926,2026-09-19 13:41:47+00:00,5000.0,2635.842481643767,2637.968771503085,2.1262898593179274,2.1262898593179274,0.08066832043741583,Uniswap V3,SushiSwap V2,-189.73419,-3.7946838,-182.02056,-3.6404112,Uniswap V3 -> SushiSwap V2,4817.97944,-182.02056,-3.6404112,False
26011926,2026-09-19 13:41:47+00:00,10000.0,2635.842481643767,2637.968771503085,2.1262898593179274,2.1262898593179274,0.08066832043741583,Uniswap V3,SushiSwap V2,-693.925131,-6.93925131,-679.092932,-6.79092932,Uniswap V3 -> SushiSwap V2,9320.907068,-679.092932,-6.79092932,False
26011927,2026-09-19 13:41:59+00:00,100.0,2635.728168805665,2637.968771503085,2.24060269742009,2.24060269742009,0.08500886866627755,Uniswap V3,SushiSwap V2,-0.504082,-0.504082,-0.334874,-0.334874,Uniswap V3 -> SushiSwap V2,99.665126,-0.334874,-0.334874,False
26011927,2026-09-19 13:41:59+00:00,500.0,2635.728168805665,2637.968771503085,2.24060269742009,2.24060269742009,0.08500886866627755,Uniswap V3,SushiSwap V2,-3.907394,-0.7814788,-3.064199,-0.6128398,Uniswap V3 -> SushiSwap V2,496.935801,-3.064199,-0.6128398,False
26011927,2026-09-19 13:41:59+00:00,1000.0,2635.728168805665,2637.968771503085,2.24060269742009,2.24060269742009,0.08500886866627755,Uniswap V3,SushiSwap V2,-11.260576,-1.1260576,-9.58125,-0.958125,Uniswap V3 -> SushiSwap V2,990.41875,-9.58125,-0.958125,False
26011927,2026-09-19 13:41:59+00:00,5000.0,2635.728168805665,2637.968771503085,2.24060269742009,2.24060269742009,0.08500886866627755,Uniswap V3,SushiSwap V2,-189.942802,-3.79885604,-181.818662,-3.63637324,Uniswap V3 -> SushiSwap V2,4818.181338,-181.818662,-3.63637324,False
26011927,2026-09-19 13:41:59+00:00,10000.0,2635.728168805665,2637.968771503085,2.24060269742009,2.24060269742009,0.08500886866627755,Uniswap V3,SushiSwap V2,-694.328715,-6.94328715,-678.715108,-6.78715108,Uniswap V3 -> SushiSwap V2,9321.284892,-678.715108,-6.78715108,False
26011928,2026-09-19 13:42:11+00:00,100.0,2634.8456881500715,2637.968771503085,3.123083353013693,3.123083353013693,0.11853002880052585,Uniswap V3,SushiSwap V2,-0.537395,-0.537395,-0.301517,-0.301517,Uniswap V3 -> SushiSwap V2,99.698483,-0.301517,-0.301517,False
26011928,2026-09-19 13:42:11+00:00,500.0,2634.8456881500715,2637.968771503085,3.123083353013693,3.123083353013693,0.11853002880052585,Uniswap V3,SushiSwap V2,-4.073492,-0.8146984,-2.898342,-0.5796684,Uniswap V3 -> SushiSwap V2,497.101658,-2.898342,-0.5796684,False
26011928,2026-09-19 13:42:11+00:00,1000.0,2634.8456881500715,2637.968771503085,3.123083353013693,3.123083353013693,0.11853002880052585,Uniswap V3,SushiSwap V2,-11.59162,-1.159162,-9.251837,-0.9251837,Uniswap V3 -> SushiSwap V2,990.748163,-9.251837,-0.9251837,False
26011928,2026-09-19 13:42:11+00:00,5000.0,2634.8456881500715,2637.968771503085,3.123083353013693,3.123083353013693,0.11853002880052585,Uniswap V3,SushiSwap V2,-191.553263,-3.83106526,-180.259472,-3.60518944,Uniswap V3 -> SushiSwap V2,4819.740528,-180.259472,-3.60518944,False
26011928,2026-09-19 13:42:11+00:00,10000.0,2634.8456881500715,2637.968771503085,3.123083353013693,3.123083353013693,0.11853002880052585,Uniswap V3,SushiSwap V2,-697.444327,-6.97444327,-675.797314,-6.75797314,Uniswap V3 -> SushiSwap V2,9324.202686,-675.797314,-6.75797314,False
26011929,2026-09-19 13:42:23+00:00,100.0,2634.8456881500715,2637.968771503085,3.123083353013693,3.123083353013693,0.11853002880052585,Uniswap V3,SushiSwap V2,-0.537395,-0.537395,-0.301517,-0.301517,Uniswap V3 -> SushiSwap V2,99.698483,-0.301517,-0.301517,False
26011929,2026-09-19 13:42:23+00:00,500.0,2634.8456881500715,2637.968771503085,3.123083353013693,3.123083353013693,0.11853002880052585,Uniswap V3,SushiSwap V2,-4.073492,-0.8146984,-2.898342,-0.5796684,Uniswap V3 -> SushiSwap V2,497.101658,-2.898342,-0.5796684,False
26011929,2026-09-19 13:42:23+00:00,1000.0,2634.8456881500715,2637.968771503085,3.123083353013693,3.123083353013693,0.11853002880052585,Uniswap V3,SushiSwap V2,-11.59162,-1.159162,-9.251837,-0.9251837,Uniswap V3 -> SushiSwap V2,990.748163,-9.251837,-0.9251837,False
26011929,2026-09-19 13:42:23+00:00,5000.0,2634.8456881500715,2637.968771503085,3.123083353013693,3.123083353013693,0.11853002880052585,Uniswap V3,SushiSwap V2,-191.553263,-3.83106526,-180.259472,-3.60518944,Uniswap V3 -> SushiSwap V2,4819.740528,-180.259472,-3.60518944,False
26011929,2026-09-19 13:42:23+00:00,10000.0,2634.8456881500715,2637.968771503085,3.123083353013693,3.123083353013693,0.11853002880052585,Uniswap V3,SushiSwap V2,-697.444327,-6.97444327,-675.797314,-6.75797314,Uniswap V3 -> SushiSwap V2,9324.202686,-675.797314,-6.75797314,False
26011930,2026-09-19 13:42:35+00:00,100.0,2634.7661967073127,2637.968771503085,3.2025747957720814,3.2025747957720814,0.12155062562190008,Uniswap V3,SushiSwap V2,-0.540395,-0.540395,-0.298511,-0.298511,Uniswap V3 -> SushiSwap V2,99.701489,-0.298511,-0.298511,False
26011930,2026-09-19 13:42:35+00:00,500.0,2634.7661967073127,2637.968771503085,3.2025747957720814,3.2025747957720814,0.12155062562190008,Uniswap V3,SushiSwap V2,-4.088454,-0.8176908,-2.883397,-0.5766794,Uniswap V3 -> SushiSwap V2,497.116603,-2.883397,-0.5766794,False
26011930,2026-09-19 13:42:35+00:00,1000.0,2634.7661967073127,2637.968771503085,3.2025747957720814,3.2025747957720814,0.12155062562190008,Uniswap V3,SushiSwap V2,-11.621439,-1.1621439,-9.222153,-0.9222153,Uniswap V3 -> SushiSwap V2,990.777847,-9.222153,-0.9222153,False
26011930,2026-09-19 13:42:35+00:00,5000.0,2634.7661967073127,2637.968771503085,3.2025747957720814,3.2025747957720814,0.12155062562190008,Uniswap V3,SushiSwap V2,-191.698329,-3.83396658,-180.118975,-3.6023795,Uniswap V3 -> SushiSwap V2,4819.881025,-180.118975,-3.6023795,False
26011930,2026-09-19 13:42:35+00:00,10000.0,2634.7661967073127,2637.968771503085,3.2025747957720814,3.2025747957720814,0.12155062562190008,Uniswap V3,SushiSwap V2,-697.724973,-6.97724973,-675.534397,-6.75534397,Uniswap V3 -> SushiSwap V2,9324.465603,-675.534397,-6.75534397,False
26011931,2026-09-19 13:42:47+00:00,100.0,2634.7090956732477,2637.968771503085,3.2596758298374686,3.2596758298374686,0.1237205213733292,Uniswap V3,SushiSwap V2,-0.542551,-0.542551,-0.296351,-0.296351,Uniswap V3 -> SushiSwap V2,99.703649,-0.296351,-0.296351,False
26011931,2026-09-19 13:42:47+00:00,500.0,2634.7090956732477,2637.968771503085,3.2596758298374686,3.2596758298374686,0.1237205213733292,Uniswap V3,SushiSwap V2,-4.099202,-0.8198404,-2.87266,-0.574532,Uniswap V3 -> SushiSwap V2,497.12734,-2.87266,-0.574532,False
26011931,2026-09-19 13:42:47+00:00,1000.0,2634.7090956732477,2637.968771503085,3.2596758298374686,3.2596758298374686,0.1237205213733292,Uniswap V3,SushiSwap V2,-11.64286,-1.164286,-9.20083,-0.920083,Uniswap V3 -> SushiSwap V2,990.79917,-9.20083,-0.920083,False
26011931,2026-09-19 13:42:47+00:00,5000.0,2634.7090956732477,2637.968771503085,3.2596758298374686,3.2596758298374686,0.1237205213733292,Uniswap V3,SushiSwap V2,-191.802534,-3.83605068,-180.018047,-3.60036094,Uniswap V3 -> SushiSwap V2,4819.981953,-180.018047,-3.60036094,False
26011931,2026-09-19 13:42:47+00:00,10000.0,2634.7090956732477,2637.968771503085,3.2596758298374686,3.2596758298374686,0.1237205213733292,Uniswap V3,SushiSwap V2,-697.926569,-6.97926569,-675.345528,-6.75345528,Uniswap V3 -> SushiSwap V2,9324.654472,-675.345528,-6.75345528,False
26011932,2026-09-19 13:42:59+00:00,100.0,2634.7090956732477,2637.968771503085,3.2596758298374686,3.2596758298374686,0.1237205213733292,Uniswap V3,SushiSwap V2,-0.542551,-0.542551,-0.296351,-0.296351,Uniswap V3 -> SushiSwap V2,99.703649,-0.296351,-0.296351,False
26011932,2026-09-19 13:42:59+00:00,500.0,2634.7090956732477,2637.968771503085,3.2596758298374686,3.2596758298374686,0.1237205213733292,Uniswap V3,SushiSwap V2,-4.099202,-0.8198404,-2.87266,-0.574532,Uniswap V3 -> SushiSwap V2,497.12734,-2.87266,-0.574532,False
26011932,2026-09-19 13:42:59+00:00,1000.0,2634.7090956732477,2637.968771503085,3.2596758298374686,3.2596758298374686,0.1237205213733292,Uniswap V3,SushiSwap V2,-11.64286,-1.164286,-9.20083,-0.920083,Uniswap V3 -> SushiSwap V2,990.79917,-9.20083,-0.920083,False
26011932,2026-09-19 13:42:59+00:00,5000.0,2634.7090956732477,2637.968771503085,3.2596758298374686,3.2596758298374686,0.1237205213733292,Uniswap V3,SushiSwap V2,-191.802534,-3.83605068,-180.018047,-3.60036094,Uniswap V3 -> SushiSwap V2,4819.981953,-180.018047,-3.60036094,False
26011932,2026-09-19 13:42:59+00:00,10000.0,2634.7090956732477,2637.968771503085,3.2596758298374686,3.2596758298374686,0.1237205213733292,Uniswap V3,SushiSwap V2,-697.926569,-6.97926569,-675.345528,-6.75345528,Uniswap V3 -> SushiSwap V2,9324.654472,-675.345528,-6.75345528,False
26011933,2026-09-19 13:43:11+00:00,100.0,2634.7090956732477,2637.968771503085,3.2596758298374686,3.2596758298374686,0.1237205213733292,Uniswap V3,SushiSwap V2,-0.542551,-0.542551,-0.296351,-0.296351,Uniswap V3 -> SushiSwap V2,99.703649,-0.296351,-0.296351,False
26011933,2026-09-19 13:43:11+00:00,500.0,2634.7090956732477,2637.968771503085,3.2596758298374686,3.2596758298374686,0.1237205213733292,Uniswap V3,SushiSwap V2,-4.099202,-0.8198404,-2.87266,-0.574532,Uniswap V3 -> SushiSwap V2,497.12734,-2.87266,-0.574532,False
26011933,2026-09-19 13:43:11+00:00,1000.0,2634.7090956732477,2637.968771503085,3.2596758298374686,3.2596758298374686,0.1237205213733292,Uniswap V3,SushiSwap V2,-11.64286,-1.164286,-9.20083,-0.920083,Uniswap V3 -> SushiSwap V2,990.79917,-9.20083,-0.920083,False
26011933,2026-09-19 13:43:11+00:00,5000.0,2634.7090956732477,2637.968771503085,3.2596758298374686,3.2596758298374686,0.1237205213733292,Uniswap V3,SushiSwap V2,-191.802534,-3.83605068,-180.018047,-3.60036094,Uniswap V3 -> SushiSwap V2,4819.981953,-180.018047,-3.60036094,False
26011933,2026-09-19 13:43:11+00:00,10000.0,2634.7090956732477,2637.968771503085,3.2596758298374686,3.2596758298374686,0.1237205213733292,Uniswap V3,SushiSwap V2,-697.926569,-6.97926569,-675.345528,-6.75345528,Uniswap V3 -> SushiSwap V2,9324.654472,-675.345528,-6.75345528,False
26011934,2026-09-19 13:43:23+00:00,100.0,2634.7090956732477,2637.968771503085,3.2596758298374686,3.2596758298374686,0.1237205213733292,Uniswap V3,SushiSwap V2,-0.542551,-0.542551,-0.296351,-0.296351,Uniswap V3 -> SushiSwap V2,99.703649,-0.296351,-0.296351,False
26011934,2026-09-19 13:43:23+00:00,500.0,2634.7090956732477,2637.968771503085,3.2596758298374686,3.2596758298374686,0.1237205213733292,Uniswap V3,SushiSwap V2,-4.099202,-0.8198404,-2.87266,-0.574532,Uniswap V3 -> SushiSwap V2,497.12734,-2.87266,-0.574532,False
26011934,2026-09-19 13:43:23+00:00,1000.0,2634.7090956732477,2637.968771503085,3.2596758298374686,3.2596758298374686,0.1237205213733292,Uniswap V3,SushiSwap V2,-11.64286,-1.164286,-9.20083,-0.920083,Uniswap V3 -> SushiSwap V2,990.79917,-9.20083,-0.920083,False
26011934,2026-09-19 13:43:23+00:00,5000.0,2634.7090956732477,2637.968771503085,3.2596758298374686,3.2596758298374686,0.1237205213733292,Uniswap V3,SushiSwap V2,-191.802534,-3.83605068,-180.018047,-3.60036094,Uniswap V3 -> SushiSwap V2,4819.981953,-180.018047,-3.60036094,False
26011934,2026-09-19 13:43:23+00:00,10000.0,2634.7090956732477,2637.968771503085,3.2596758298374686,3.2596758298374686,0.1237205213733292,Uniswap V3,SushiSwap V2,-697.926569,-6.97926569,-675.345528,-6.75345528,Uniswap V3 -> SushiSwap V2,9324.654472,-675.345528,-6.75345528,False
26011935,2026-09-19 13:43:35+00:00,100.0,2634.7090956732477,2637.968771503085,3.2596758298374686,3.2596758298374686,0.1237205213733292,Uniswap V3,SushiSwap V2,-0.542551,-0.542551,-0.296351,-0.296351,Uniswap V3 -> SushiSwap V2,99.703649,-0.296351,-0.296351,False
26011935,2026-09-19 13:43:35+00:00,500.0,2634.7090956732477,2637.968771503085,3.2596758298374686,3.2596758298374686,0.1237205213733292,Uniswap V3,SushiSwap V2,-4.099202,-0.8198404,-2.87266,-0.574532,Uniswap V3 -> SushiSwap V2,497.12734,-2.87266,-0.574532,False
26011935,2026-09-19 13:43:35+00:00,1000.0,2634.7090956732477,2637.968771503085,3.2596758298374686,3.2596758298374686,0.1237205213733292,Uniswap V3,SushiSwap V2,-11.64286,-1.164286,-9.20083,-0.920083,Uniswap V3 -> SushiSwap V2,990.79917,-9.20083,-0.920083,False
26011935,2026-09-19 13:43:35+00:00,5000.0,2634.7090956732477,2637.968771503085,3.2596758298374686,3.2596758298374686,0.1237205213733292,Uniswap V3,SushiSwap V2,-191.802534,-3.83605068,-180.018047,-3.60036094,Uniswap V3 -> SushiSwap V2,4819.981953,-180.018047,-3.60036094,False
26011935,2026-09-19 13:43:35+00:00,10000.0,2634.7090956732477,2637.968771503085,3.2596758298374686,3.2596758298374686,0.1237205213733292,Uniswap V3,SushiSwap V2,-697.926569,-6.97926569,-675.345528,-6.75345528,Uniswap V3 -> SushiSwap V2,9324.654472,-675.345528,-6.75345528,False
26011936,2026-09-19 13:43:47+00:00,100.0,2634.7090956732477,2637.968771503085,3.2596758298374686,3.2596758298374686,0.1237205213733292,Uniswap V3,SushiSwap V2,-0.542551,-0.542551,-0.296351,-0.296351,Uniswap V3 -> SushiSwap V2,99.703649,-0.296351,-0.296351,False
26011936,2026-09-19 13:43:47+00:00,500.0,2634.7090956732477,2637.968771503085,3.2596758298374686,3.2596758298374686,0.1237205213733292,Uniswap V3,SushiSwap V2,-4.099202,-0.8198404,-2.87266,-0.574532,Uniswap V3 -> SushiSwap V2,497.12734,-2.87266,-0.574532,False
26011936,2026-09-19 13:43:47+00:00,1000.0,2634.7090956732477,2637.968771503085,3.2596758298374686,3.2596758298374686,0.1237205213733292,Uniswap V3,SushiSwap V2,-11.64286,-1.164286,-9.20083,-0.920083,Uniswap V3 -> SushiSwap V2,990.79917,-9.20083,-0.920083,False
26011936,2026-09-19 13:43:47+00:00,5000.0,2634.7090956732477,2637.968771503085,3.2596758298374686,3.2596758298374686,0.1237205213733292,Uniswap V3,SushiSwap V2,-191.802534,-3.83605068,-180.018047,-3.60036094,Uniswap V3 -> SushiSwap V2,4819.981953,-180.018047,-3.60036094,False
26011936,2026-09-19 13:43:47+00:00,10000.0,2634.7090956732477,2637.968771503085,3.2596758298374686,3.2596758298374686,0.1237205213733292,Uniswap V3,SushiSwap V2,-697.926569,-6.97926569,-675.345528,-6.75345528,Uniswap V3 -> SushiSwap V2,9324.654472,-675.345528,-6.75345528,False
26011937,2026-09-19 13:43:59+00:00,100.0,2634.7090939175923,2637.968771503085,3.2596775854927316,3.2596775854927316,0.12372058809141101,Uniswap V3,SushiSwap V2,-0.542551,-0.542551,-0.296351,-0.296351,Uniswap V3 -> SushiSwap V2,99.703649,-0.296351,-0.296351,False
26011937,2026-09-19 13:43:59+00:00,500.0,2634.7090939175923,2637.968771503085,3.2596775854927316,3.2596775854927316,0.12372058809141101,Uniswap V3,SushiSwap V2,-4.099202,-0.8198404,-2.87266,-0.574532,Uniswap V3 -> SushiSwap V2,497.12734,-2.87266,-0.574532,False
26011937,2026-09-19 13:43:59+00:00,1000.0,2634.7090939175923,2637.968771503085,3.2596775854927316,3.2596775854927316,0.12372058809141101,Uniswap V3,SushiSwap V2,-11.64286,-1.164286,-9.200829,-0.9200829,Uniswap V3 -> SushiSwap V2,990.799171,-9.200829,-0.9200829,False
26011937,2026-09-19 13:43:59+00:00,5000.0,2634.7090939175923,2637.968771503085,3.2596775854927316,3.2596775854927316,0.12372058809141101,Uniswap V3,SushiSwap V2,-191.802537,-3.83605074,-180.018043,-3.60036086,Uniswap V3 -> SushiSwap V2,4819.981957,-180.018043,-3.60036086,False
26011937,2026-09-19 13:43:59+00:00,10000.0,2634.7090939175923,2637.968771503085,3.2596775854927316,3.2596775854927316,0.12372058809141101,Uniswap V3,SushiSwap V2,-697.926575,-6.97926575,-675.345522,-6.75345522,Uniswap V3 -> SushiSwap V2,9324.654478,-675.345522,-6.75345522,False
26011938,2026-09-19 13:44:11+00:00,100.0,2634.7090939175923,2637.968771503085,3.2596775854927316,3.2596775854927316,0.12372058809141101,Uniswap V3,SushiSwap V2,-0.542551,-0.542551,-0.296351,-0.296351,Uniswap V3 -> SushiSwap V2,99.703649,-0.296351,-0.296351,False
26011938,2026-09-19 13:44:11+00:00,500.0,2634.7090939175923,2637.968771503085,3.2596775854927316,3.2596775854927316,0.12372058809141101,Uniswap V3,SushiSwap V2,-4.099202,-0.8198404,-2.87266,-0.574532,Uniswap V3 -> SushiSwap V2,497.12734,-2.87266,-0.574532,False
26011938,2026-09-19 13:44:11+00:00,1000.0,2634.7090939175923,2637.968771503085,3.2596775854927316,3.2596775854927316,0.12372058809141101,Uniswap V3,SushiSwap V2,-11.64286,-1.164286,-9.200829,-0.9200829,Uniswap V3 -> SushiSwap V2,990.799171,-9.200829,-0.9200829,False
26011938,2026-09-19 13:44:11+00:00,5000.0,2634.7090939175923,2637.968771503085,3.2596775854927316,3.2596775854927316,0.12372058809141101,Uniswap V3,SushiSwap V2,-191.802537,-3.83605074,-180.018043,-3.60036086,Uniswap V3 -> SushiSwap V2,4819.981957,-180.018043,-3.60036086,False
26011938,2026-09-19 13:44:11+00:00,10000.0,2634.7090939175923,2637.968771503085,3.2596775854927316,3.2596775854927316,0.12372058809141101,Uniswap V3,SushiSwap V2,-697.926575,-6.97926575,-675.345522,-6.75345522,Uniswap V3 -> SushiSwap V2,9324.654478,-675.345522,-6.75345522,False
26011939,2026-09-19 13:44:23+00:00,100.0,2634.7090939175923,2637.968771503085,3.2596775854927316,3.2596775854927316,0.12372058809141101,Uniswap V3,SushiSwap V2,-0.542551,-0.542551,-0.296351,-0.296351,Uniswap V3 -> SushiSwap V2,99.703649,-0.296351,-0.296351,False
26011939,2026-09-19 13:44:23+00:00,500.0,2634.7090939175923,2637.968771503085,3.2596775854927316,3.2596775854927316,0.12372058809141101,Uniswap V3,SushiSwap V2,-4.099202,-0.8198404,-2.87266,-0.574532,Uniswap V3 -> SushiSwap V2,497.12734,-2.87266,-0.574532,False
26011939,2026-09-19 13:44:23+00:00,1000.0,2634.7090939175923,2637.968771503085,3.2596775854927316,3.2596775854927316,0.12372058809141101,Uniswap V3,SushiSwap V2,-11.64286,-1.164286,-9.200829,-0.9200829,Uniswap V3 -> SushiSwap V2,990.799171,-9.200829,-0.9200829,False
26011939,2026-09-19 13:44:23+00:00,5000.0,2634.7090939175923,2637.968771503085,3.2596775854927316,3.2596775854927316,0.12372058809141101,Uniswap V3,SushiSwap V2,-191.802537,-3.83605074,-180.018043,-3.60036086,Uniswap V3 -> SushiSwap V2,4819.981957,-180.018043,-3.60036086,False
26011939,2026-09-19 13:44:23+00:00,10000.0,2634.7090939175923,2637.968771503085,3.2596775854927316,3.2596775854927316,0.12372058809141101,Uniswap V3,SushiSwap V2,-697.926575,-6.97926575,-675.345522,-6.75345522,Uniswap V3 -> SushiSwap V2,9324.654478,-675.345522,-6.75345522,False
26011940,2026-09-19 13:44:35+00:00,100.0,2634.709095387839,2637.968771503085,3.2596761152459415,3.2596761152459415,0.12372053221936842,Uniswap V3,SushiSwap V2,-0.542551,-0.542551,-0.296351,-0.296351,Uniswap V3 -> SushiSwap V2,99.703649,-0.296351,-0.296351,False
26011940,2026-09-19 13:44:35+00:00,500.0,2634.709095387839,2637.968771503085,3.2596761152459415,3.2596761152459415,0.12372053221936842,Uniswap V3,SushiSwap V2,-4.099202,-0.8198404,-2.87266,-0.574532,Uniswap V3 -> SushiSwap V2,497.12734,-2.87266,-0.574532,False
26011940,2026-09-19 13:44:35+00:00,1000.0,2634.709095387839,2637.968771503085,3.2596761152459415,3.2596761152459415,0.12372053221936842,Uniswap V3,SushiSwap V2,-11.64286,-1.164286,-9.20083,-0.920083,Uniswap V3 -> SushiSwap V2,990.79917,-9.20083,-0.920083,False
26011940,2026-09-19 13:44:35+00:00,5000.0,2634.709095387839,2637.968771503085,3.2596761152459415,3.2596761152459415,0.12372053221936842,Uniswap V3,SushiSwap V2,-191.802535,-3.8360507,-180.018046,-3.60036092,Uniswap V3 -> SushiSwap V2,4819.981954,-180.018046,-3.60036092,False
26011940,2026-09-19 13:44:35+00:00,10000.0,2634.709095387839,2637.968771503085,3.2596761152459415,3.2596761152459415,0.12372053221936842,Uniswap V3,SushiSwap V2,-697.92657,-6.9792657,-675.345527,-6.75345527,Uniswap V3 -> SushiSwap V2,9324.654473,-675.345527,-6.75345527,False
26011941,2026-09-19 13:44:47+00:00,100.0,2634.709095387839,2637.968771503085,3.2596761152459415,3.2596761152459415,0.12372053221936842,Uniswap V3,SushiSwap V2,-0.542551,-0.542551,-0.296351,-0.296351,Uniswap V3 -> SushiSwap V2,99.703649,-0.296351,-0.296351,False
26011941,2026-09-19 13:44:47+00:00,500.0,2634.709095387839,2637.968771503085,3.2596761152459415,3.2596761152459415,0.12372053221936842,Uniswap V3,SushiSwap V2,-4.099202,-0.8198404,-2.87266,-0.574532,Uniswap V3 -> SushiSwap V2,497.12734,-2.87266,-0.574532,False
26011941,2026-09-19 13:44:47+00:00,1000.0,2634.709095387839,2637.968771503085,3.2596761152459415,3.2596761152459415,0.12372053221936842,Uniswap V3,SushiSwap V2,-11.64286,-1.164286,-9.20083,-0.920083,Uniswap V3 -> SushiSwap V2,990.79917,-9.20083,-0.920083,False
26011941,2026-09-19 13:44:47+00:00,5000.0,2634.709095387839,2637.968771503085,3.2596761152459415,3.2596761152459415,0.12372053221936842,Uniswap V3,SushiSwap V2,-191.802535,-3.8360507,-180.018046,-3.60036092,Uniswap V3 -> SushiSwap V2,4819.981954,-180.018046,-3.60036092,False
26011941,2026-09-19 13:44:47+00:00,10000.0,2634.709095387839,2637.968771503085,3.2596761152459415,3.2596761152459415,0.12372053221936842,Uniswap V3,SushiSwap V2,-697.92657,-6.9792657,-675.345527,-6.75345527,Uniswap V3 -> SushiSwap V2,9324.654473,-675.345527,-6.75345527,False
26011942,2026-09-19 13:44:59+00:00,100.0,2634.711069324472,2637.968771503085,3.2577021786126616,3.2577021786126616,0.12364551910612048,Uniswap V3,SushiSwap V2,-0.542476,-0.542476,-0.296426,-0.296426,Uniswap V3 -> SushiSwap V2,99.703574,-0.296426,-0.296426,False
26011942,2026-09-19 13:44:59+00:00,500.0,2634.711069324472,2637.968771503085,3.2577021786126616,3.2577021786126616,0.12364551910612048,Uniswap V3,SushiSwap V2,-4.09883,-0.819766,-2.873032,-0.5746064,Uniswap V3 -> SushiSwap V2,497.126968,-2.873032,-0.5746064,False
26011942,2026-09-19 13:44:59+00:00,1000.0,2634.711069324472,2637.968771503085,3.2577021786126616,3.2577021786126616,0.12364551910612048,Uniswap V3,SushiSwap V2,-11.642119,-1.1642119,-9.201567,-0.9201567,Uniswap V3 -> SushiSwap V2,990.798433,-9.201567,-0.9201567,False
26011942,2026-09-19 13:44:59+00:00,5000.0,2634.711069324472,2637.968771503085,3.2577021786126616,3.2577021786126616,0.12364551910612048,Uniswap V3,SushiSwap V2,-191.798932,-3.83597864,-180.021535,-3.6004307,Uniswap V3 -> SushiSwap V2,4819.978465,-180.021535,-3.6004307,False
26011942,2026-09-19 13:44:59+00:00,10000.0,2634.711069324472,2637.968771503085,3.2577021786126616,3.2577021786126616,0.12364551910612048,Uniswap V3,SushiSwap V2,-697.919601,-6.97919601,-675.352056,-6.75352056,Uniswap V3 -> SushiSwap V2,9324.647944,-675.352056,-6.75352056,False
26011943,2026-09-19 13:45:11+00:00,100.0,2634.711069324472,2637.968771503085,3.2577021786126616,3.2577021786126616,0.12364551910612048,Uniswap V3,SushiSwap V2,-0.542476,-0.542476,-0.296426,-0.296426,Uniswap V3 -> SushiSwap V2,99.703574,-0.296426,-0.296426,False
26011943,2026-09-19 13:45:11+00:00,500.0,2634.711069324472,2637.968771503085,3.2577021786126616,3.2577021786126616,0.12364551910612048,Uniswap V3,SushiSwap V2,-4.09883,-0.819766,-2.873032,-0.5746064,Uniswap V3 -> SushiSwap V2,497.126968,-2.873032,-0.5746064,False
26011943,2026-09-19 13:45:11+00:00,1000.0,2634.711069324472,2637.968771503085,3.2577021786126616,3.2577021786126616,0.12364551910612048,Uniswap V3,SushiSwap V2,-11.642119,-1.1642119,-9.201567,-0.9201567,Uniswap V3 -> SushiSwap V2,990.798433,-9.201567,-0.9201567,False
26011943,2026-09-19 13:45:11+00:00,5000.0,2634.711069324472,2637.968771503085,3.2577021786126616,3.2577021786126616,0.12364551910612048,Uniswap V3,SushiSwap V2,-191.798932,-3.83597864,-180.021535,-3.6004307,Uniswap V3 -> SushiSwap V2,4819.978465,-180.021535,-3.6004307,False
26011943,2026-09-19 13:45:11+00:00,10000.0,2634.711069324472,2637.968771503085,3.2577021786126616,3.2577021786126616,0.12364551910612048,Uniswap V3,SushiSwap V2,-697.919601,-6.97919601,-675.352056,-6.75352056,Uniswap V3 -> SushiSwap V2,9324.647944,-675.352056,-6.75352056,False
26011944,2026-09-19 13:45:23+00:00,100.0,2634.712162816002,2637.968771503085,3.2566086870827786,3.2566086870827786,0.12360396452575252,Uniswap V3,SushiSwap V2,-0.542435,-0.542435,-0.296467,-0.296467,Uniswap V3 -> SushiSwap V2,99.703533,-0.296467,-0.296467,False
26011944,2026-09-19 13:45:23+00:00,500.0,2634.712162816002,2637.968771503085,3.2566086870827786,3.2566086870827786,0.12360396452575252,Uniswap V3,SushiSwap V2,-4.098624,-0.8197248,-2.873237,-0.5746474,Uniswap V3 -> SushiSwap V2,497.126763,-2.873237,-0.5746474,False
26011944,2026-09-19 13:45:23+00:00,1000.0,2634.712162816002,2637.968771503085,3.2566086870827786,3.2566086870827786,0.12360396452575252,Uniswap V3,SushiSwap V2,-11.641709,-1.1641709,-9.201975,-0.9201975,Uniswap V3 -> SushiSwap V2,990.798025,-9.201975,-0.9201975,False
26011944,2026-09-19 13:45:23+00:00,5000.0,2634.712162816002,2637.968771503085,3.2566086870827786,3.2566086870827786,0.12360396452575252,Uniswap V3,SushiSwap V2,-191.796937,-3.83593874,-180.023468,-3.60046936,Uniswap V3 -> SushiSwap V2,4819.976532,-180.023468,-3.60046936,False
26011944,2026-09-19 13:45:23+00:00,10000.0,2634.712162816002,2637.968771503085,3.2566086870827786,3.2566086870827786,0.12360396452575252,Uniswap V3,SushiSwap V2,-697.91574,-6.9791574,-675.355673,-6.75355673,Uniswap V3 -> SushiSwap V2,9324.644327,-675.355673,-6.75355673,False
26011945,2026-09-19 13:45:35+00:00,100.0,2634.712162816002,2637.968771503085,3.2566086870827786,3.2566086870827786,0.12360396452575252,Uniswap V3,SushiSwap V2,-0.542435,-0.542435,-0.296467,-0.296467,Uniswap V3 -> SushiSwap V2,99.703533,-0.296467,-0.296467,False
26011945,2026-09-19 13:45:35+00:00,500.0,2634.712162816002,2637.968771503085,3.2566086870827786,3.2566086870827786,0.12360396452575252,Uniswap V3,SushiSwap V2,-4.098624,-0.8197248,-2.873237,-0.5746474,Uniswap V3 -> SushiSwap V2,497.126763,-2.873237,-0.5746474,False
26011945,2026-09-19 13:45:35+00:00,1000.0,2634.712162816002,2637.968771503085,3.2566086870827786,3.2566086870827786,0.12360396452575252,Uniswap V3,SushiSwap V2,-11.641709,-1.1641709,-9.201975,-0.9201975,Uniswap V3 -> SushiSwap V2,990.798025,-9.201975,-0.9201975,False
26011945,2026-09-19 13:45:35+00:00,5000.0,2634.712162816002,2637.968771503085,3.2566086870827786,3.2566086870827786,0.12360396452575252,Uniswap V3,SushiSwap V2,-191.796937,-3.83593874,-180.023468,-3.60046936,Uniswap V3 -> SushiSwap V2,4819.976532,-180.023468,-3.60046936,False
26011945,2026-09-19 13:45:35+00:00,10000.0,2634.712162816002,2637.968771503085,3.2566086870827786,3.2566086870827786,0.12360396452575252,Uniswap V3,SushiSwap V2,-697.91574,-6.9791574,-675.355673,-6.75355673,Uniswap V3 -> SushiSwap V2,9324.644327,-675.355673,-6.75355673,False
26011946,2026-09-19 13:45:47+00:00,100.0,2634.712162816002,2637.968771503085,3.2566086870827786,3.2566086870827786,0.12360396452575252,Uniswap V3,SushiSwap V2,-0.542435,-0.542435,-0.296467,-0.296467,Uniswap V3 -> SushiSwap V2,99.703533,-0.296467,-0.296467,False
26011946,2026-09-19 13:45:47+00:00,500.0,2634.712162816002,2637.968771503085,3.2566086870827786,3.2566086870827786,0.12360396452575252,Uniswap V3,SushiSwap V2,-4.098624,-0.8197248,-2.873237,-0.5746474,Uniswap V3 -> SushiSwap V2,497.126763,-2.873237,-0.5746474,False
26011946,2026-09-19 13:45:47+00:00,1000.0,2634.712162816002,2637.968771503085,3.2566086870827786,3.2566086870827786,0.12360396452575252,Uniswap V3,SushiSwap V2,-11.641709,-1.1641709,-9.201975,-0.9201975,Uniswap V3 -> SushiSwap V2,990.798025,-9.201975,-0.9201975,False
26011946,2026-09-19 13:45:47+00:00,5000.0,2634.712162816002,2637.968771503085,3.2566086870827786,3.2566086870827786,0.12360396452575252,Uniswap V3,SushiSwap V2,-191.796937,-3.83593874,-180.023468,-3.60046936,Uniswap V3 -> SushiSwap V2,4819.976532,-180.023468,-3.60046936,False
26011946,2026-09-19 13:45:47+00:00,10000.0,2634.712162816002,2637.968771503085,3.2566086870827786,3.2566086870827786,0.12360396452575252,Uniswap V3,SushiSwap V2,-697.91574,-6.9791574,-675.355673,-6.75355673,Uniswap V3 -> SushiSwap V2,9324.644327,-675.355673,-6.75355673,False
26011947,2026-09-19 13:45:59+00:00,100.0,2634.8858652724525,2637.968771503085,3.082906230632276,3.082906230632276,0.11700340691278849,Uniswap V3,SushiSwap V2,-0.535878,-0.535878,-0.303036,-0.303036,Uniswap V3 -> SushiSwap V2,99.696964,-0.303036,-0.303036,False
26011947,2026-09-19 13:45:59+00:00,500.0,2634.8858652724525,2637.968771503085,3.082906230632276,3.082906230632276,0.11700340691278849,Uniswap V3,SushiSwap V2,-4.06593,-0.813186,-2.905895,-0.581179,Uniswap V3 -> SushiSwap V2,497.094105,-2.905895,-0.581179,False
26011947,2026-09-19 13:45:59+00:00,1000.0,2634.8858652724525,2637.968771503085,3.082906230632276,3.082906230632276,0.11700340691278849,Uniswap V3,SushiSwap V2,-11.576548,-1.1576548,-9.266839,-0.9266839,Uniswap V3 -> SushiSwap V2,990.733161,-9.266839,-0.9266839,False
26011947,2026-09-19 13:45:59+00:00,5000.0,2634.8858652724525,2637.968771503085,3.082906230632276,3.082906230632276,0.11700340691278849,Uniswap V3,SushiSwap V2,-191.479943,-3.82959886,-180.33048,-3.6066096,Uniswap V3 -> SushiSwap V2,4819.66952,-180.33048,-3.6066096,False
26011947,2026-09-19 13:45:59+00:00,10000.0,2634.8858652724525,2637.968771503085,3.082906230632276,3.082906230632276,0.11700340691278849,Uniswap V3,SushiSwap V2,-697.302481,-6.97302481,-675.930193,-6.75930193,Uniswap V3 -> SushiSwap V2,9324.069807,-675.930193,-6.75930193,False
26011948,2026-09-19 13:46:11+00:00,100.0,2634.8858652724525,2637.968771503085,3.082906230632276,3.082906230632276,0.11700340691278849,Uniswap V3,SushiSwap V2,-0.535878,-0.535878,-0.303036,-0.303036,Uniswap V3 -> SushiSwap V2,99.696964,-0.303036,-0.303036,False
26011948,2026-09-19 13:46:11+00:00,500.0,2634.8858652724525,2637.968771503085,3.082906230632276,3.082906230632276,0.11700340691278849,Uniswap V3,SushiSwap V2,-4.06593,-0.813186,-2.905895,-0.581179,Uniswap V3 -> SushiSwap V2,497.094105,-2.905895,-0.581179,False
26011948,2026-09-19 13:46:11+00:00,1000.0,2634.8858652724525,2637.968771503085,3.082906230632276,3.082906230632276,0.11700340691278849,Uniswap V3,SushiSwap V2,-11.576548,-1.1576548,-9.266839,-0.9266839,Uniswap V3 -> SushiSwap V2,990.733161,-9.266839,-0.9266839,False
26011948,2026-09-19 13:46:11+00:00,5000.0,2634.8858652724525,2637.968771503085,3.082906230632276,3.082906230632276,0.11700340691278849,Uniswap V3,SushiSwap V2,-191.479943,-3.82959886,-180.33048,-3.6066096,Uniswap V3 -> SushiSwap V2,4819.66952,-180.33048,-3.6066096,False
26011948,2026-09-19 13:46:11+00:00,10000.0,2634.8858652724525,2637.968771503085,3.082906230632276,3.082906230632276,0.11700340691278849,Uniswap V3,SushiSwap V2,-697.302481,-6.97302481,-675.930193,-6.75930193,Uniswap V3 -> SushiSwap V2,9324.069807,-675.930193,-6.75930193,False
26011949,2026-09-19 13:46:23+00:00,100.0,2634.8858652724525,2637.968771503085,3.082906230632276,3.082906230632276,0.11700340691278849,Uniswap V3,SushiSwap V2,-0.535878,-0.535878,-0.303036,-0.303036,Uniswap V3 -> SushiSwap V2,99.696964,-0.303036,-0.303036,False
26011949,2026-09-19 13:46:23+00:00,500.0,2634.8858652724525,2637.968771503085,3.082906230632276,3.082906230632276,0.11700340691278849,Uniswap V3,SushiSwap V2,-4.06593,-0.813186,-2.905895,-0.581179,Uniswap V3 -> SushiSwap V2,497.094105,-2.905895,-0.581179,False
26011949,2026-09-19 13:46:23+00:00,1000.0,2634.8858652724525,2637.968771503085,3.082906230632276,3.082906230632276,0.11700340691278849,Uniswap V3,SushiSwap V2,-11.576548,-1.1576548,-9.266839,-0.9266839,Uniswap V3 -> SushiSwap V2,990.733161,-9.266839,-0.9266839,False
26011949,2026-09-19 13:46:23+00:00,5000.0,2634.8858652724525,2637.968771503085,3.082906230632276,3.082906230632276,0.11700340691278849,Uniswap V3,SushiSwap V2,-191.479943,-3.82959886,-180.33048,-3.6066096,Uniswap V3 -> SushiSwap V2,4819.66952,-180.33048,-3.6066096,False
26011949,2026-09-19 13:46:23+00:00,10000.0,2634.8858652724525,2637.968771503085,3.082906230632276,3.082906230632276,0.11700340691278849,Uniswap V3,SushiSwap V2,-697.302481,-6.97302481,-675.930193,-6.75930193,Uniswap V3 -> SushiSwap V2,9324.069807,-675.930193,-6.75930193,False
26011950,2026-09-19 13:46:35+00:00,100.0,2634.8582166623996,2637.968771503085,3.110554840685222,3.110554840685222,0.11805397425237521,Uniswap V3,SushiSwap V2,-0.536922,-0.536922,-0.30199,-0.30199,Uniswap V3 -> SushiSwap V2,99.69801,-0.30199,-0.30199,False
26011950,2026-09-19 13:46:35+00:00,500.0,2634.8582166623996,2637.968771503085,3.110554840685222,3.110554840685222,0.11805397425237521,Uniswap V3,SushiSwap V2,-4.071134,-0.8142268,-2.900697,-0.5801394,Uniswap V3 -> SushiSwap V2,497.099303,-2.900697,-0.5801394,False
26011950,2026-09-19 13:46:35+00:00,1000.0,2634.8582166623996,2637.968771503085,3.110554840685222,3.110554840685222,0.11805397425237521,Uniswap V3,SushiSwap V2,-11.58692,-1.158692,-9.256515,-0.9256515,Uniswap V3 -> SushiSwap V2,990.743485,-9.256515,-0.9256515,False
26011950,2026-09-19 13:46:35+00:00,5000.0,2634.8582166623996,2637.968771503085,3.110554840685222,3.110554840685222,0.11805397425237521,Uniswap V3,SushiSwap V2,-191.530399,-3.83060798,-180.281615,-3.6056323,Uniswap V3 -> SushiSwap V2,4819.718385,-180.281615,-3.6056323,False
26011950,2026-09-19 13:46:35+00:00,10000.0,2634.8582166623996,2637.968771503085,3.110554840685222,3.110554840685222,0.11805397425237521,Uniswap V3,SushiSwap V2,-697.400095,-6.97400095,-675.83875,-6.7583875,Uniswap V3 -> SushiSwap V2,9324.16125,-675.83875,-6.7583875,False
26011951,2026-09-19 13:46:47+00:00,100.0,2634.8582166623996,2637.968771503085,3.110554840685222,3.110554840685222,0.11805397425237521,Uniswap V3,SushiSwap V2,-0.536922,-0.536922,-0.30199,-0.30199,Uniswap V3 -> SushiSwap V2,99.69801,-0.30199,-0.30199,False
26011951,2026-09-19 13:46:47+00:00,500.0,2634.8582166623996,2637.968771503085,3.110554840685222,3.110554840685222,0.11805397425237521,Uniswap V3,SushiSwap V2,-4.071134,-0.8142268,-2.900697,-0.5801394,Uniswap V3 -> SushiSwap V2,497.099303,-2.900697,-0.5801394,False
26011951,2026-09-19 13:46:47+00:00,1000.0,2634.8582166623996,2637.968771503085,3.110554840685222,3.110554840685222,0.11805397425237521,Uniswap V3,SushiSwap V2,-11.58692,-1.158692,-9.256515,-0.9256515,Uniswap V3 -> SushiSwap V2,990.743485,-9.256515,-0.9256515,False
26011951,2026-09-19 13:46:47+00:00,5000.0,2634.8582166623996,2637.968771503085,3.110554840685222,3.110554840685222,0.11805397425237521,Uniswap V3,SushiSwap V2,-191.530399,-3.83060798,-180.281615,-3.6056323,Uniswap V3 -> SushiSwap V2,4819.718385,-180.281615,-3.6056323,False
26011951,2026-09-19 13:46:47+00:00,10000.0,2634.8582166623996,2637.968771503085,3.110554840685222,3.110554840685222,0.11805397425237521,Uniswap V3,SushiSwap V2,-697.400095,-6.97400095,-675.83875,-6.7583875,Uniswap V3 -> SushiSwap V2,9324.16125,-675.83875,-6.7583875,False
26011952,2026-09-19 13:46:59+00:00,100.0,2634.8582166623996,2637.968771503085,3.110554840685222,3.110554840685222,0.11805397425237521,Uniswap V3,SushiSwap V2,-0.536922,-0.536922,-0.30199,-0.30199,Uniswap V3 -> SushiSwap V2,99.69801,-0.30199,-0.30199,False
26011952,2026-09-19 13:46:59+00:00,500.0,2634.8582166623996,2637.968771503085,3.110554840685222,3.110554840685222,0.11805397425237521,Uniswap V3,SushiSwap V2,-4.071134,-0.8142268,-2.900697,-0.5801394,Uniswap V3 -> SushiSwap V2,497.099303,-2.900697,-0.5801394,False
26011952,2026-09-19 13:46:59+00:00,1000.0,2634.8582166623996,2637.968771503085,3.110554840685222,3.110554840685222,0.11805397425237521,Uniswap V3,SushiSwap V2,-11.58692,-1.158692,-9.256515,-0.9256515,Uniswap V3 -> SushiSwap V2,990.743485,-9.256515,-0.9256515,False
26011952,2026-09-19 13:46:59+00:00,5000.0,2634.8582166623996,2637.968771503085,3.110554840685222,3.110554840685222,0.11805397425237521,Uniswap V3,SushiSwap V2,-191.530399,-3.83060798,-180.281615,-3.6056323,Uniswap V3 -> SushiSwap V2,4819.718385,-180.281615,-3.6056323,False
26011952,2026-09-19 13:46:59+00:00,10000.0,2634.8582166623996,2637.968771503085,3.110554840685222,3.110554840685222,0.11805397425237521,Uniswap V3,SushiSwap V2,-697.400095,-6.97400095,-675.83875,-6.7583875,Uniswap V3 -> SushiSwap V2,9324.16125,-675.83875,-6.7583875,False
26011953,2026-09-19 13:47:11+00:00,100.0,2634.753419184468,2637.968771503085,3.215352318617039,3.215352318617039,0.1220361759550267,Uniswap V3,SushiSwap V2,-0.540878,-0.540878,-0.298028,-0.298028,Uniswap V3 -> SushiSwap V2,99.701972,-0.298028,-0.298028,False
26011953,2026-09-19 13:47:11+00:00,500.0,2634.753419184468,2637.968771503085,3.215352318617039,3.215352318617039,0.1220361759550267,Uniswap V3,SushiSwap V2,-4.090859,-0.8181718,-2.880994,-0.5761988,Uniswap V3 -> SushiSwap V2,497.119006,-2.880994,-0.5761988,False
26011953,2026-09-19 13:47:11+00:00,1000.0,2634.753419184468,2637.968771503085,3.215352318617039,3.215352318617039,0.1220361759550267,Uniswap V3,SushiSwap V2,-11.626233,-1.1626233,-9.217382,-0.9217382,Uniswap V3 -> SushiSwap V2,990.782618,-9.217382,-0.9217382,False
26011953,2026-09-19 13:47:11+00:00,5000.0,2634.753419184468,2637.968771503085,3.215352318617039,3.215352318617039,0.1220361759550267,Uniswap V3,SushiSwap V2,-191.721647,-3.83443294,-180.09639,-3.6019278,Uniswap V3 -> SushiSwap V2,4819.90361,-180.09639,-3.6019278,False
26011953,2026-09-19 13:47:11+00:00,10000.0,2634.753419184468,2637.968771503085,3.215352318617039,3.215352318617039,0.1220361759550267,Uniswap V3,SushiSwap V2,-697.770084,-6.97770084,-675.492135,-6.75492135,Uniswap V3 -> SushiSwap V2,9324.507865,-675.492135,-6.75492135,False
26011954,2026-09-19 13:47:23+00:00,100.0,2634.7530707665605,2637.968771503085,3.2157007365243024,3.2157007365243024,0.12204941602321465,Uniswap V3,SushiSwap V2,-0.540891,-0.540891,-0.298014,-0.298014,Uniswap V3 -> SushiSwap V2,99.701986,-0.298014,-0.298014,False
26011954,2026-09-19 13:47:23+00:00,500.0,2634.7530707665605,2637.968771503085,3.2157007365243024,3.2157007365243024,0.12204941602321465,Uniswap V3,SushiSwap V2,-4.090925,-0.818185,-2.880929,-0.5761858,Uniswap V3 -> SushiSwap V2,497.119071,-2.880929,-0.5761858,False
26011954,2026-09-19 13:47:23+00:00,1000.0,2634.7530707665605,2637.968771503085,3.2157007365243024,3.2157007365243024,0.12204941602321465,Uniswap V3,SushiSwap V2,-11.626363,-1.1626363,-9.217252,-0.9217252,Uniswap V3 -> SushiSwap V2,990.782748,-9.217252,-0.9217252,False
26011954,2026-09-19 13:47:23+00:00,5000.0,2634.7530707665605,2637.968771503085,3.2157007365243024,3.2157007365243024,0.12204941602321465,Uniswap V3,SushiSwap V2,-191.722283,-3.83444566,-180.095775,-3.6019155,Uniswap V3 -> SushiSwap V2,4819.904225,-180.095775,-3.6019155,False
26011954,2026-09-19 13:47:23+00:00,10000.0,2634.7530707665605,2637.968771503085,3.2157007365243024,3.2157007365243024,0.12204941602321465,Uniswap V3,SushiSwap V2,-697.771314,-6.97771314,-675.490982,-6.75490982,Uniswap V3 -> SushiSwap V2,9324.509018,-675.490982,-6.75490982,False
26011955,2026-09-19 13:47:35+00:00,100.0,2634.7530707665605,2637.968771503085,3.2157007365243024,3.2157007365243024,0.12204941602321465,Uniswap V3,SushiSwap V2,-0.540891,-0.540891,-0.298014,-0.298014,Uniswap V3 -> SushiSwap V2,99.701986,-0.298014,-0.298014,False
26011955,2026-09-19 13:47:35+00:00,500.0,2634.7530707665605,2637.968771503085,3.2157007365243024,3.2157007365243024,0.12204941602321465,Uniswap V3,SushiSwap V2,-4.090925,-0.818185,-2.880929,-0.5761858,Uniswap V3 -> SushiSwap V2,497.119071,-2.880929,-0.5761858,False
26011955,2026-09-19 13:47:35+00:00,1000.0,2634.7530707665605,2637.968771503085,3.2157007365243024,3.2157007365243024,0.12204941602321465,Uniswap V3,SushiSwap V2,-11.626363,-1.1626363,-9.217252,-0.9217252,Uniswap V3 -> SushiSwap V2,990.782748,-9.217252,-0.9217252,False
26011955,2026-09-19 13:47:35+00:00,5000.0,2634.7530707665605,2637.968771503085,3.2157007365243024,3.2157007365243024,0.12204941602321465,Uniswap V3,SushiSwap V2,-191.722283,-3.83444566,-180.095775,-3.6019155,Uniswap V3 -> SushiSwap V2,4819.904225,-180.095775,-3.6019155,False
26011955,2026-09-19 13:47:35+00:00,10000.0,2634.7530707665605,2637.968771503085,3.2157007365243024,3.2157007365243024,0.12204941602321465,Uniswap V3,SushiSwap V2,-697.771314,-6.97771314,-675.490982,-6.75490982,Uniswap V3 -> SushiSwap V2,9324.509018,-675.490982,-6.75490982,False
26011956,2026-09-19 13:47:47+00:00,100.0,2634.7530707665605,2637.968771503085,3.2157007365243024,3.2157007365243024,0.12204941602321465,Uniswap V3,SushiSwap V2,-0.540891,-0.540891,-0.298014,-0.298014,Uniswap V3 -> SushiSwap V2,99.701986,-0.298014,-0.298014,False
26011956,2026-09-19 13:47:47+00:00,500.0,2634.7530707665605,2637.968771503085,3.2157007365243024,3.2157007365243024,0.12204941602321465,Uniswap V3,SushiSwap V2,-4.090925,-0.818185,-2.880929,-0.5761858,Uniswap V3 -> SushiSwap V2,497.119071,-2.880929,-0.5761858,False
26011956,2026-09-19 13:47:47+00:00,1000.0,2634.7530707665605,2637.968771503085,3.2157007365243024,3.2157007365243024,0.12204941602321465,Uniswap V3,SushiSwap V2,-11.626363,-1.1626363,-9.217252,-0.9217252,Uniswap V3 -> SushiSwap V2,990.782748,-9.217252,-0.9217252,False
26011956,2026-09-19 13:47:47+00:00,5000.0,2634.7530707665605,2637.968771503085,3.2157007365243024,3.2157007365243024,0.12204941602321465,Uniswap V3,SushiSwap V2,-191.722283,-3.83444566,-180.095775,-3.6019155,Uniswap V3 -> SushiSwap V2,4819.904225,-180.095775,-3.6019155,False
26011956,2026-09-19 13:47:47+00:00,10000.0,2634.7530707665605,2637.968771503085,3.2157007365243024,3.2157007365243024,0.12204941602321465,Uniswap V3,SushiSwap V2,-697.771314,-6.97771314,-675.490982,-6.75490982,Uniswap V3 -> SushiSwap V2,9324.509018,-675.490982,-6.75490982,False
26011957,2026-09-19 13:47:59+00:00,100.0,2634.7530690108238,2637.968771503085,3.215702492261101,3.215702492261101,0.12204948274216776,Uniswap V3,SushiSwap V2,-0.540891,-0.540891,-0.298014,-0.298014,Uniswap V3 -> SushiSwap V2,99.701986,-0.298014,-0.298014,False
26011957,2026-09-19 13:47:59+00:00,500.0,2634.7530690108238,2637.968771503085,3.215702492261101,3.215702492261101,0.12204948274216776,Uniswap V3,SushiSwap V2,-4.090925,-0.818185,-2.880928,-0.5761856,Uniswap V3 -> SushiSwap V2,497.119072,-2.880928,-0.5761856,False
26011957,2026-09-19 13:47:59+00:00,1000.0,2634.7530690108238,2637.968771503085,3.215702492261101,3.215702492261101,0.12204948274216776,Uniswap V3,SushiSwap V2,-11.626364,-1.1626364,-9.217251,-0.9217251,Uniswap V3 -> SushiSwap V2,990.782749,-9.217251,-0.9217251,False
26011957,2026-09-19 13:47:59+00:00,5000.0,2634.7530690108238,2637.968771503085,3.215702492261101,3.215702492261101,0.12204948274216776,Uniswap V3,SushiSwap V2,-191.722286,-3.83444572,-180.095771,-3.60191542,Uniswap V3 -> SushiSwap V2,4819.904229,-180.095771,-3.60191542,False
26011957,2026-09-19 13:47:59+00:00,10000.0,2634.7530690108238,2637.968771503085,3.215702492261101,3.215702492261101,0.12204948274216776,Uniswap V3,SushiSwap V2,-697.77132,-6.9777132,-675.490976,-6.75490976,Uniswap V3 -> SushiSwap V2,9324.509024,-675.490976,-6.75490976,False
26011958,2026-09-19 13:48:11+00:00,100.0,2634.753067254374,2637.968771503085,3.2157042487111647,3.2157042487111647,0.12204954948822544,Uniswap V3,SushiSwap V2,-0.540891,-0.540891,-0.298014,-0.298014,Uniswap V3 -> SushiSwap V2,99.701986,-0.298014,-0.298014,False
26011958,2026-09-19 13:48:11+00:00,500.0,2634.753067254374,2637.968771503085,3.2157042487111647,3.2157042487111647,0.12204954948822544,Uniswap V3,SushiSwap V2,-4.090925,-0.818185,-2.880928,-0.5761856,Uniswap V3 -> SushiSwap V2,497.119072,-2.880928,-0.5761856,False
26011958,2026-09-19 13:48:11+00:00,1000.0,2634.753067254374,2637.968771503085,3.2157042487111647,3.2157042487111647,0.12204954948822544,Uniswap V3,SushiSwap V2,-11.626365,-1.1626365,-9.21725,-0.921725,Uniswap V3 -> SushiSwap V2,990.78275,-9.21725,-0.921725,False
26011958,2026-09-19 13:48:11+00:00,5000.0,2634.753067254374,2637.968771503085,3.2157042487111647,3.2157042487111647,0.12204954948822544,Uniswap V3,SushiSwap V2,-191.722289,-3.83444578,-180.095768,-3.60191536,Uniswap V3 -> SushiSwap V2,4819.904232,-180.095768,-3.60191536,False
26011958,2026-09-19 13:48:11+00:00,10000.0,2634.753067254374,2637.968771503085,3.2157042487111647,3.2157042487111647,0.12204954948822544,Uniswap V3,SushiSwap V2,-697.771326,-6.97771326,-675.490971,-6.75490971,Uniswap V3 -> SushiSwap V2,9324.509029,-675.490971,-6.75490971,False
26011959,2026-09-19 13:48:23+00:00,100.0,2634.7553590932316,2637.968771503085,3.21341240985343,3.21341240985343,0.12196245844089855,Uniswap V3,SushiSwap V2,-0.540804,-0.540804,-0.298101,-0.298101,Uniswap V3 -> SushiSwap V2,99.701899,-0.298101,-0.298101,False
26011959,2026-09-19 13:48:23+00:00,500.0,2634.7553590932316,2637.968771503085,3.21341240985343,3.21341240985343,0.12196245844089855,Uniswap V3,SushiSwap V2,-4.090494,-0.8180988,-2.881359,-0.5762718,Uniswap V3 -> SushiSwap V2,497.118641,-2.881359,-0.5762718,False
26011959,2026-09-19 13:48:23+00:00,1000.0,2634.7553590932316,2637.968771503085,3.21341240985343,3.21341240985343,0.12196245844089855,Uniswap V3,SushiSwap V2,-11.625505,-1.1625505,-9.218106,-0.9218106,Uniswap V3 -> SushiSwap V2,990.781894,-9.218106,-0.9218106,False
26011959,2026-09-19 13:48:23+00:00,5000.0,2634.7553590932316,2637.968771503085,3.21341240985343,3.21341240985343,0.12196245844089855,Uniswap V3,SushiSwap V2,-191.718107,-3.83436214,-180.099819,-3.60199638,Uniswap V3 -> SushiSwap V2,4819.900181,-180.099819,-3.60199638,False
26011959,2026-09-19 13:48:23+00:00,10000.0,2634.7553590932316,2637.968771503085,3.21341240985343,3.21341240985343,0.12196245844089855,Uniswap V3,SushiSwap V2,-697.763235,-6.97763235,-675.498551,-6.75498551,Uniswap V3 -> SushiSwap V2,9324.501449,-675.498551,-6.75498551,False
26011960,2026-09-19 13:48:35+00:00,100.0,2634.7553590932316,2637.968771503085,3.21341240985343,3.21341240985343,0.12196245844089855,Uniswap V3,SushiSwap V2,-0.540804,-0.540804,-0.298101,-0.298101,Uniswap V3 -> SushiSwap V2,99.701899,-0.298101,-0.298101,False
26011960,2026-09-19 13:48:35+00:00,500.0,2634.7553590932316,2637.968771503085,3.21341240985343,3.21341240985343,0.12196245844089855,Uniswap V3,SushiSwap V2,-4.090494,-0.8180988,-2.881359,-0.5762718,Uniswap V3 -> SushiSwap V2,497.118641,-2.881359,-0.5762718,False
26011960,2026-09-19 13:48:35+00:00,1000.0,2634.7553590932316,2637.968771503085,3.21341240985343,3.21341240985343,0.12196245844089855,Uniswap V3,SushiSwap V2,-11.625505,-1.1625505,-9.218106,-0.9218106,Uniswap V3 -> SushiSwap V2,990.781894,-9.218106,-0.9218106,False
26011960,2026-09-19 13:48:35+00:00,5000.0,2634.7553590932316,2637.968771503085,3.21341240985343,3.21341240985343,0.12196245844089855,Uniswap V3,SushiSwap V2,-191.718107,-3.83436214,-180.099819,-3.60199638,Uniswap V3 -> SushiSwap V2,4819.900181,-180.099819,-3.60199638,False
26011960,2026-09-19 13:48:35+00:00,10000.0,2634.7553590932316,2637.968771503085,3.21341240985343,3.21341240985343,0.12196245844089855,Uniswap V3,SushiSwap V2,-697.763235,-6.97763235,-675.498551,-6.75498551,Uniswap V3 -> SushiSwap V2,9324.501449,-675.498551,-6.75498551,False
26011961,2026-09-19 13:48:47+00:00,100.0,2634.7553590932316,2637.968771503085,3.21341240985343,3.21341240985343,0.12196245844089855,Uniswap V3,SushiSwap V2,-0.540804,-0.540804,-0.298101,-0.298101,Uniswap V3 -> SushiSwap V2,99.701899,-0.298101,-0.298101,False
26011961,2026-09-19 13:48:47+00:00,500.0,2634.7553590932316,2637.968771503085,3.21341240985343,3.21341240985343,0.12196245844089855,Uniswap V3,SushiSwap V2,-4.090494,-0.8180988,-2.881359,-0.5762718,Uniswap V3 -> SushiSwap V2,497.118641,-2.881359,-0.5762718,False
26011961,2026-09-19 13:48:47+00:00,1000.0,2634.7553590932316,2637.968771503085,3.21341240985343,3.21341240985343,0.12196245844089855,Uniswap V3,SushiSwap V2,-11.625505,-1.1625505,-9.218106,-0.9218106,Uniswap V3 -> SushiSwap V2,990.781894,-9.218106,-0.9218106,False
26011961,2026-09-19 13:48:47+00:00,5000.0,2634.7553590932316,2637.968771503085,3.21341240985343,3.21341240985343,0.12196245844089855,Uniswap V3,SushiSwap V2,-191.718107,-3.83436214,-180.099819,-3.60199638,Uniswap V3 -> SushiSwap V2,4819.900181,-180.099819,-3.60199638,False
26011961,2026-09-19 13:48:47+00:00,10000.0,2634.7553590932316,2637.968771503085,3.21341240985343,3.21341240985343,0.12196245844089855,Uniswap V3,SushiSwap V2,-697.763235,-6.97763235,-675.498551,-6.75498551,Uniswap V3 -> SushiSwap V2,9324.501449,-675.498551,-6.75498551,False
26011962,2026-09-19 13:48:59+00:00,100.0,2634.7553573376067,2637.968771503085,3.213414165478266,3.213414165478266,0.12196252515548116,Uniswap V3,SushiSwap V2,-0.540804,-0.540804,-0.298101,-0.298101,Uniswap V3 -> SushiSwap V2,99.701899,-0.298101,-0.298101,False
26011962,2026-09-19 13:48:59+00:00,500.0,2634.7553573376067,2637.968771503085,3.213414165478266,3.213414165478266,0.12196252515548116,Uniswap V3,SushiSwap V2,-4.090494,-0.8180988,-2.881359,-0.5762718,Uniswap V3 -> SushiSwap V2,497.118641,-2.881359,-0.5762718,False
26011962,2026-09-19 13:48:59+00:00,1000.0,2634.7553573376067,2637.968771503085,3.213414165478266,3.213414165478266,0.12196252515548116,Uniswap V3,SushiSwap V2,-11.625506,-1.1625506,-9.218106,-0.9218106,Uniswap V3 -> SushiSwap V2,990.781894,-9.218106,-0.9218106,False
26011962,2026-09-19 13:48:59+00:00,5000.0,2634.7553573376067,2637.968771503085,3.213414165478266,3.213414165478266,0.12196252515548116,Uniswap V3,SushiSwap V2,-191.71811,-3.8343622,-180.099816,-3.60199632,Uniswap V3 -> SushiSwap V2,4819.900184,-180.099816,-3.60199632,False
26011962,2026-09-19 13:48:59+00:00,10000.0,2634.7553573376067,2637.968771503085,3.213414165478266,3.213414165478266,0.12196252515548116,Uniswap V3,SushiSwap V2,-697.763241,-6.97763241,-675.498545,-6.75498545,Uniswap V3 -> SushiSwap V2,9324.501455,-675.498545,-6.75498545,False
26011963,2026-09-19 13:49:11+00:00,100.0,2634.7121429231483,2637.968771503085,3.256628579936649,3.256628579936649,0.12360472048849708,Uniswap V3,SushiSwap V2,-0.542436,-0.542436,-0.296467,-0.296467,Uniswap V3 -> SushiSwap V2,99.703533,-0.296467,-0.296467,False
26011963,2026-09-19 13:49:11+00:00,500.0,2634.7121429231483,2637.968771503085,3.256628579936649,3.256628579936649,0.12360472048849708,Uniswap V3,SushiSwap V2,-4.098628,-0.8197256,-2.873233,-0.5746466,Uniswap V3 -> SushiSwap V2,497.126767,-2.873233,-0.5746466,False
26011963,2026-09-19 13:49:11+00:00,1000.0,2634.7121429231483,2637.968771503085,3.256628579936649,3.256628579936649,0.12360472048849708,Uniswap V3,SushiSwap V2,-11.641716,-1.1641716,-9.201968,-0.9201968,Uniswap V3 -> SushiSwap V2,990.798032,-9.201968,-0.9201968,False
26011963,2026-09-19 13:49:11+00:00,5000.0,2634.7121429231483,2637.968771503085,3.256628579936649,3.256628579936649,0.12360472048849708,Uniswap V3,SushiSwap V2,-191.796973,-3.83593946,-180.023433,-3.60046866,Uniswap V3 -> SushiSwap V2,4819.976567,-180.023433,-3.60046866,False
26011963,2026-09-19 13:49:11+00:00,10000.0,2634.7121429231483,2637.968771503085,3.256628579936649,3.256628579936649,0.12360472048849708,Uniswap V3,SushiSwap V2,-697.91581,-6.9791581,-675.355607,-6.75355607,Uniswap V3 -> SushiSwap V2,9324.644393,-675.355607,-6.75355607,False
26011964,2026-09-19 13:49:23+00:00,100.0,2634.6370428709374,2637.968771503085,3.3317286321476485,3.3317286321476485,0.12645873332582835,Uniswap V3,SushiSwap V2,-0.545271,-0.545271,-0.293627,-0.293627,Uniswap V3 -> SushiSwap V2,99.706373,-0.293627,-0.293627,False
26011964,2026-09-19 13:49:23+00:00,500.0,2634.6370428709374,2637.968771503085,3.3317286321476485,3.3317286321476485,0.12645873332582835,Uniswap V3,SushiSwap V2,-4.112763,-0.8225526,-2.859112,-0.5718224,Uniswap V3 -> SushiSwap V2,497.140888,-2.859112,-0.5718224,False
26011964,2026-09-19 13:49:23+00:00,1000.0,2634.6370428709374,2637.968771503085,3.3317286321476485,3.3317286321476485,0.12645873332582835,Uniswap V3,SushiSwap V2,-11.669889,-1.1669889,-9.173921,-0.9173921,Uniswap V3 -> SushiSwap V2,990.826079,-9.173921,-0.9173921,False
26011964,2026-09-19 13:49:23+00:00,5000.0,2634.6370428709374,2637.968771503085,3.3317286321476485,3.3317286321476485,0.12645873332582835,Uniswap V3,SushiSwap V2,-191.934025,-3.8386805,-179.890684,-3.59781368,Uniswap V3 -> SushiSwap V2,4820.109316,-179.890684,-3.59781368,False
26011964,2026-09-19 13:49:23+00:00,10000.0,2634.6370428709374,2637.968771503085,3.3317286321476485,3.3317286321476485,0.12645873332582835,Uniswap V3,SushiSwap V2,-698.180952,-6.98180952,-675.107192,-6.75107192,Uniswap V3 -> SushiSwap V2,9324.892808,-675.107192,-6.75107192,False
26011965,2026-09-19 13:49:35+00:00,100.0,2634.6370428709374,2637.968771503085,3.3317286321476485,3.3317286321476485,0.12645873332582835,Uniswap V3,SushiSwap V2,-0.545271,-0.545271,-0.293627,-0.293627,Uniswap V3 -> SushiSwap V2,99.706373,-0.293627,-0.293627,False
26011965,2026-09-19 13:49:35+00:00,500.0,2634.6370428709374,2637.968771503085,3.3317286321476485,3.3317286321476485,0.12645873332582835,Uniswap V3,SushiSwap V2,-4.112763,-0.8225526,-2.859112,-0.5718224,Uniswap V3 -> SushiSwap V2,497.140888,-2.859112,-0.5718224,False
26011965,2026-09-19 13:49:35+00:00,1000.0,2634.6370428709374,2637.968771503085,3.3317286321476485,3.3317286321476485,0.12645873332582835,Uniswap V3,SushiSwap V2,-11.669889,-1.1669889,-9.173921,-0.9173921,Uniswap V3 -> SushiSwap V2,990.826079,-9.173921,-0.9173921,False
26011965,2026-09-19 13:49:35+00:00,5000.0,2634.6370428709374,2637.968771503085,3.3317286321476485,3.3317286321476485,0.12645873332582835,Uniswap V3,SushiSwap V2,-191.934025,-3.8386805,-179.890684,-3.59781368,Uniswap V3 -> SushiSwap V2,4820.109316,-179.890684,-3.59781368,False
26011965,2026-09-19 13:49:35+00:00,10000.0,2634.6370428709374,2637.968771503085,3.3317286321476485,3.3317286321476485,0.12645873332582835,Uniswap V3,SushiSwap V2,-698.180952,-6.98180952,-675.107192,-6.75107192,Uniswap V3 -> SushiSwap V2,9324.892808,-675.107192,-6.75107192,False
26011966,2026-09-19 13:49:47+00:00,100.0,2634.637067441095,2637.968771503085,3.331704061990172,3.331704061990172,0.12645779956425296,Uniswap V3,SushiSwap V2,-0.54527,-0.54527,-0.293628,-0.293628,Uniswap V3 -> SushiSwap V2,99.706372,-0.293628,-0.293628,False
26011966,2026-09-19 13:49:47+00:00,500.0,2634.637067441095,2637.968771503085,3.331704061990172,3.331704061990172,0.12645779956425296,Uniswap V3,SushiSwap V2,-4.112759,-0.8225518,-2.859117,-0.5718234,Uniswap V3 -> SushiSwap V2,497.140883,-2.859117,-0.5718234,False
26011966,2026-09-19 13:49:47+00:00,1000.0,2634.637067441095,2637.968771503085,3.331704061990172,3.331704061990172,0.12645779956425296,Uniswap V3,SushiSwap V2,-11.669879,-1.1669879,-9.173931,-0.9173931,Uniswap V3 -> SushiSwap V2,990.826069,-9.173931,-0.9173931,False
26011966,2026-09-19 13:49:47+00:00,5000.0,2634.637067441095,2637.968771503085,3.331704061990172,3.331704061990172,0.12645779956425296,Uniswap V3,SushiSwap V2,-191.93398,-3.8386796,-179.890728,-3.59781456,Uniswap V3 -> SushiSwap V2,4820.109272,-179.890728,-3.59781456,False
26011966,2026-09-19 13:49:47+00:00,10000.0,2634.637067441095,2637.968771503085,3.331704061990172,3.331704061990172,0.12645779956425296,Uniswap V3,SushiSwap V2,-698.180866,-6.98180866,-675.107273,-6.75107273,Uniswap V3 -> SushiSwap V2,9324.892727,-675.107273,-6.75107273,False
26011967,2026-09-19 13:49:59+00:00,100.0,2634.646348790666,2637.968771503085,3.322422712419377,3.322422712419377,0.1261050734169468,Uniswap V3,SushiSwap V2,-0.544919,-0.544919,-0.293979,-0.293979,Uniswap V3 -> SushiSwap V2,99.706021,-0.293979,-0.293979,False
26011967,2026-09-19 13:49:59+00:00,500.0,2634.646348790666,2637.968771503085,3.322422712419377,3.322422712419377,0.1261050734169468,Uniswap V3,SushiSwap V2,-4.111012,-0.8222024,-2.860862,-0.5721724,Uniswap V3 -> SushiSwap V2,497.139138,-2.860862,-0.5721724,False
26011967,2026-09-19 13:49:59+00:00,1000.0,2634.646348790666,2637.968771503085,3.322422712419377,3.322422712419377,0.1261050734169468,Uniswap V3,SushiSwap V2,-11.666398,-1.1666398,-9.177397,-0.9177397,Uniswap V3 -> SushiSwap V2,990.822603,-9.177397,-0.9177397,False
26011967,2026-09-19 13:49:59+00:00,5000.0,2634.646348790666,2637.968771503085,3.322422712419377,3.322422712419377,0.1261050734169468,Uniswap V3,SushiSwap V2,-191.917042,-3.83834084,-179.907134,-3.59814268,Uniswap V3 -> SushiSwap V2,4820.092866,-179.907134,-3.59814268,False
26011967,2026-09-19 13:49:59+00:00,10000.0,2634.646348790666,2637.968771503085,3.322422712419377,3.322422712419377,0.1261050734169468,Uniswap V3,SushiSwap V2,-698.148098,-6.98148098,-675.137974,-6.75137974,Uniswap V3 -> SushiSwap V2,9324.862026,-675.137974,-6.75137974,False
26011968,2026-09-19 13:50:11+00:00,100.0,2634.644860784469,2637.968771503085,3.3239107186158217,3.3239107186158217,0.12616162307454684,Uniswap V3,SushiSwap V2,-0.544976,-0.544976,-0.293922,-0.293922,Uniswap V3 -> SushiSwap V2,99.706078,-0.293922,-0.293922,False
26011968,2026-09-19 13:50:11+00:00,500.0,2634.644860784469,2637.968771503085,3.3239107186158217,3.3239107186158217,0.12616162307454684,Uniswap V3,SushiSwap V2,-4.111292,-0.8222584,-2.860582,-0.5721164,Uniswap V3 -> SushiSwap V2,497.139418,-2.860582,-0.5721164,False
26011968,2026-09-19 13:50:11+00:00,1000.0,2634.644860784469,2637.968771503085,3.3239107186158217,3.3239107186158217,0.12616162307454684,Uniswap V3,SushiSwap V2,-11.666956,-1.1666956,-9.176841,-0.9176841,Uniswap V3 -> SushiSwap V2,990.823159,-9.176841,-0.9176841,False
26011968,2026-09-19 13:50:11+00:00,5000.0,2634.644860784469,2637.968771503085,3.3239107186158217,3.3239107186158217,0.12616162307454684,Uniswap V3,SushiSwap V2,-191.919758,-3.83839516,-179.904504,-3.59809008,Uniswap V3 -> SushiSwap V2,4820.095496,-179.904504,-3.59809008,False
26011968,2026-09-19 13:50:11+00:00,10000.0,2634.644860784469,2637.968771503085,3.3239107186158217,3.3239107186158217,0.12616162307454684,Uniswap V3,SushiSwap V2,-698.153351,-6.98153351,-675.133052,-6.75133052,Uniswap V3 -> SushiSwap V2,9324.866948,-675.133052,-6.75133052,False
26011969,2026-09-19 13:50:23+00:00,100.0,2634.644860784469,2637.968771503085,3.3239107186158217,3.3239107186158217,0.12616162307454684,Uniswap V3,SushiSwap V2,-0.544976,-0.544976,-0.293922,-0.293922,Uniswap V3 -> SushiSwap V2,99.706078,-0.293922,-0.293922,False
26011969,2026-09-19 13:50:23+00:00,500.0,2634.644860784469,2637.968771503085,3.3239107186158217,3.3239107186158217,0.12616162307454684,Uniswap V3,SushiSwap V2,-4.111292,-0.8222584,-2.860582,-0.5721164,Uniswap V3 -> SushiSwap V2,497.139418,-2.860582,-0.5721164,False
26011969,2026-09-19 13:50:23+00:00,1000.0,2634.644860784469,2637.968771503085,3.3239107186158217,3.3239107186158217,0.12616162307454684,Uniswap V3,SushiSwap V2,-11.666956,-1.1666956,-9.176841,-0.9176841,Uniswap V3 -> SushiSwap V2,990.823159,-9.176841,-0.9176841,False
26011969,2026-09-19 13:50:23+00:00,5000.0,2634.644860784469,2637.968771503085,3.3239107186158217,3.3239107186158217,0.12616162307454684,Uniswap V3,SushiSwap V2,-191.919758,-3.83839516,-179.904504,-3.59809008,Uniswap V3 -> SushiSwap V2,4820.095496,-179.904504,-3.59809008,False
26011969,2026-09-19 13:50:23+00:00,10000.0,2634.644860784469,2637.968771503085,3.3239107186158217,3.3239107186158217,0.12616162307454684,Uniswap V3,SushiSwap V2,-698.153351,-6.98153351,-675.133052,-6.75133052,Uniswap V3 -> SushiSwap V2,9324.866948,-675.133052,-6.75133052,False
26011970,2026-09-19 13:50:35+00:00,100.0,2634.4961984267907,2637.968771503085,3.4725730762943137,3.4725730762943137,0.13181165637543857,Uniswap V3,SushiSwap V2,-0.550587,-0.550587,-0.2883,-0.2883,Uniswap V3 -> SushiSwap V2,99.7117,-0.2883,-0.2883,False
26011970,2026-09-19 13:50:35+00:00,500.0,2634.4961984267907,2637.968771503085,3.4725730762943137,3.4725730762943137,0.13181165637543857,Uniswap V3,SushiSwap V2,-4.139273,-0.8278546,-2.832627,-0.5665254,Uniswap V3 -> SushiSwap V2,497.167373,-2.832627,-0.5665254,False
26011970,2026-09-19 13:50:35+00:00,1000.0,2634.4961984267907,2637.968771503085,3.4725730762943137,3.4725730762943137,0.13181165637543857,Uniswap V3,SushiSwap V2,-11.722723,-1.1722723,-9.121318,-0.9121318,Uniswap V3 -> SushiSwap V2,990.878682,-9.121318,-0.9121318,False
26011970,2026-09-19 13:50:35+00:00,5000.0,2634.4961984267907,2637.968771503085,3.4725730762943137,3.4725730762943137,0.13181165637543857,Uniswap V3,SushiSwap V2,-192.191056,-3.84382112,-179.641705,-3.5928341,Uniswap V3 -> SushiSwap V2,4820.358295,-179.641705,-3.5928341,False
26011970,2026-09-19 13:50:35+00:00,10000.0,2634.4961984267907,2637.968771503085,3.4725730762943137,3.4725730762943137,0.13181165637543857,Uniswap V3,SushiSwap V2,-698.678206,-6.98678206,-674.641272,-6.74641272,Uniswap V3 -> SushiSwap V2,9325.358728,-674.641272,-6.74641272,False
26011971,2026-09-19 13:50:47+00:00,100.0,2634.4961984267907,2637.968771503085,3.4725730762943137,3.4725730762943137,0.13181165637543857,Uniswap V3,SushiSwap V2,-0.550587,-0.550587,-0.2883,-0.2883,Uniswap V3 -> SushiSwap V2,99.7117,-0.2883,-0.2883,False
26011971,2026-09-19 13:50:47+00:00,500.0,2634.4961984267907,2637.968771503085,3.4725730762943137,3.4725730762943137,0.13181165637543857,Uniswap V3,SushiSwap V2,-4.139273,-0.8278546,-2.832627,-0.5665254,Uniswap V3 -> SushiSwap V2,497.167373,-2.832627,-0.5665254,False
26011971,2026-09-19 13:50:47+00:00,1000.0,2634.4961984267907,2637.968771503085,3.4725730762943137,3.4725730762943137,0.13181165637543857,Uniswap V3,SushiSwap V2,-11.722723,-1.1722723,-9.121318,-0.9121318,Uniswap V3 -> SushiSwap V2,990.878682,-9.121318,-0.9121318,False
26011971,2026-09-19 13:50:47+00:00,5000.0,2634.4961984267907,2637.968771503085,3.4725730762943137,3.4725730762943137,0.13181165637543857,Uniswap V3,SushiSwap V2,-192.191056,-3.84382112,-179.641705,-3.5928341,Uniswap V3 -> SushiSwap V2,4820.358295,-179.641705,-3.5928341,False
26011971,2026-09-19 13:50:47+00:00,10000.0,2634.4961984267907,2637.968771503085,3.4725730762943137,3.4725730762943137,0.13181165637543857,Uniswap V3,SushiSwap V2,-698.678206,-6.98678206,-674.641272,-6.74641272,Uniswap V3 -> SushiSwap V2,9325.358728,-674.641272,-6.74641272,False
26011972,2026-09-19 13:50:59+00:00,100.0,2634.493099746167,2637.968771503085,3.475671756917856,3.475671756917856,0.13192943102613314,Uniswap V3,SushiSwap V2,-0.550704,-0.550704,-0.288183,-0.288183,Uniswap V3 -> SushiSwap V2,99.711817,-0.288183,-0.288183,False
26011972,2026-09-19 13:50:59+00:00,500.0,2634.493099746167,2637.968771503085,3.475671756917856,3.475671756917856,0.13192943102613314,Uniswap V3,SushiSwap V2,-4.139856,-0.8279712,-2.832044,-0.5664088,Uniswap V3 -> SushiSwap V2,497.167956,-2.832044,-0.5664088,False
26011972,2026-09-19 13:50:59+00:00,1000.0,2634.493099746167,2637.968771503085,3.475671756917856,3.475671756917856,0.13192943102613314,Uniswap V3,SushiSwap V2,-11.723886,-1.1723886,-9.120161,-0.9120161,Uniswap V3 -> SushiSwap V2,990.879839,-9.120161,-0.9120161,False
26011972,2026-09-19 13:50:59+00:00,5000.0,2634.493099746167,2637.968771503085,3.475671756917856,3.475671756917856,0.13192943102613314,Uniswap V3,SushiSwap V2,-192.19671,-3.8439342,-179.636227,-3.59272454,Uniswap V3 -> SushiSwap V2,4820.363773,-179.636227,-3.59272454,False
26011972,2026-09-19 13:50:59+00:00,10000.0,2634.493099746167,2637.968771503085,3.475671756917856,3.475671756917856,0.13192943102613314,Uniswap V3,SushiSwap V2,-698.689146,-6.98689146,-674.631021,-6.74631021,Uniswap V3 -> SushiSwap V2,9325.368979,-674.631021,-6.74631021,False
26011973,2026-09-19 13:51:11+00:00,100.0,2634.493097990789,2637.968771503085,3.4756735122959856,3.4756735122959856,0.1319294977446222,Uniswap V3,SushiSwap V2,-0.550704,-0.550704,-0.288183,-0.288183,Uniswap V3 -> SushiSwap V2,99.711817,-0.288183,-0.288183,False
26011973,2026-09-19 13:51:11+00:00,500.0,2634.493097990789,2637.968771503085,3.4756735122959856,3.4756735122959856,0.1319294977446222,Uniswap V3,SushiSwap V2,-4.139856,-0.8279712,-2.832044,-0.5664088,Uniswap V3 -> SushiSwap V2,497.167956,-2.832044,-0.5664088,False
26011973,2026-09-19 13:51:11+00:00,1000.0,2634.493097990789,2637.968771503085,3.4756735122959856,3.4756735122959856,0.1319294977446222,Uniswap V3,SushiSwap V2,-11.723887,-1.1723887,-9.12016,-0.912016,Uniswap V3 -> SushiSwap V2,990.87984,-9.12016,-0.912016,False
26011973,2026-09-19 13:51:11+00:00,5000.0,2634.493097990789,2637.968771503085,3.4756735122959856,3.4756735122959856,0.1319294977446222,Uniswap V3,SushiSwap V2,-192.196714,-3.84393428,-179.636224,-3.59272448,Uniswap V3 -> SushiSwap V2,4820.363776,-179.636224,-3.59272448,False
26011973,2026-09-19 13:51:11+00:00,10000.0,2634.493097990789,2637.968771503085,3.4756735122959856,3.4756735122959856,0.1319294977446222,Uniswap V3,SushiSwap V2,-698.689152,-6.98689152,-674.631015,-6.74631015,Uniswap V3 -> SushiSwap V2,9325.368985,-674.631015,-6.74631015,False
26011974,2026-09-19 13:51:23+00:00,100.0,2634.4930962354247,2637.968771503085,3.4756752676605,3.4756752676605,0.13192956446259388,Uniswap V3,SushiSwap V2,-0.550705,-0.550705,-0.288183,-0.288183,Uniswap V3 -> SushiSwap V2,99.711817,-0.288183,-0.288183,False
26011974,2026-09-19 13:51:23+00:00,500.0,2634.4930962354247,2637.968771503085,3.4756752676605,3.4756752676605,0.13192956446259388,Uniswap V3,SushiSwap V2,-4.139857,-0.8279714,-2.832044,-0.5664088,Uniswap V3 -> SushiSwap V2,497.167956,-2.832044,-0.5664088,False
26011974,2026-09-19 13:51:23+00:00,1000.0,2634.4930962354247,2637.968771503085,3.4756752676605,3.4756752676605,0.13192956446259388,Uniswap V3,SushiSwap V2,-11.723887,-1.1723887,-9.12016,-0.912016,Uniswap V3 -> SushiSwap V2,990.87984,-9.12016,-0.912016,False
26011974,2026-09-19 13:51:23+00:00,5000.0,2634.4930962354247,2637.968771503085,3.4756752676605,3.4756752676605,0.13192956446259388,Uniswap V3,SushiSwap V2,-192.196717,-3.84393434,-179.636221,-3.59272442,Uniswap V3 -> SushiSwap V2,4820.363779,-179.636221,-3.59272442,False
26011974,2026-09-19 13:51:23+00:00,10000.0,2634.4930962354247,2637.968771503085,3.4756752676605,3.4756752676605,0.13192956446259388,Uniswap V3,SushiSwap V2,-698.689158,-6.98689158,-674.631009,-6.74631009,Uniswap V3 -> SushiSwap V2,9325.368991,-674.631009,-6.74631009,False
26011975,2026-09-19 13:51:35+00:00,100.0,2634.490731339997,2637.968771503085,3.4780401630876123,3.4780401630876123,0.13201944959277026,Uniswap V3,SushiSwap V2,-0.550794,-0.550794,-0.288093,-0.288093,Uniswap V3 -> SushiSwap V2,99.711907,-0.288093,-0.288093,False
26011975,2026-09-19 13:51:35+00:00,500.0,2634.490731339997,2637.968771503085,3.4780401630876123,3.4780401630876123,0.13201944959277026,Uniswap V3,SushiSwap V2,-4.140302,-0.8280604,-2.831599,-0.5663198,Uniswap V3 -> SushiSwap V2,497.168401,-2.831599,-0.5663198,False
26011975,2026-09-19 13:51:35+00:00,1000.0,2634.490731339997,2637.968771503085,3.4780401630876123,3.4780401630876123,0.13201944959277026,Uniswap V3,SushiSwap V2,-11.724774,-1.1724774,-9.119276,-0.9119276,Uniswap V3 -> SushiSwap V2,990.880724,-9.119276,-0.9119276,False
26011975,2026-09-19 13:51:35+00:00,5000.0,2634.490731339997,2637.968771503085,3.4780401630876123,3.4780401630876123,0.13201944959277026,Uniswap V3,SushiSwap V2,-192.201033,-3.84402066,-179.63204,-3.5926408,Uniswap V3 -> SushiSwap V2,4820.36796,-179.63204,-3.5926408,False
26011975,2026-09-19 13:51:35+00:00,10000.0,2634.490731339997,2637.968771503085,3.4780401630876123,3.4780401630876123,0.13201944959277026,Uniswap V3,SushiSwap V2,-698.697508,-6.98697508,-674.623186,-6.74623186,Uniswap V3 -> SushiSwap V2,9325.376814,-674.623186,-6.74623186,False
26011976,2026-09-19 13:51:47+00:00,100.0,2634.490731339997,2637.968771503085,3.4780401630876123,3.4780401630876123,0.13201944959277026,Uniswap V3,SushiSwap V2,-0.550794,-0.550794,-0.288093,-0.288093,Uniswap V3 -> SushiSwap V2,99.711907,-0.288093,-0.288093,False
26011976,2026-09-19 13:51:47+00:00,500.0,2634.490731339997,2637.968771503085,3.4780401630876123,3.4780401630876123,0.13201944959277026,Uniswap V3,SushiSwap V2,-4.140302,-0.8280604,-2.831599,-0.5663198,Uniswap V3 -> SushiSwap V2,497.168401,-2.831599,-0.5663198,False
26011976,2026-09-19 13:51:47+00:00,1000.0,2634.490731339997,2637.968771503085,3.4780401630876123,3.4780401630876123,0.13201944959277026,Uniswap V3,SushiSwap V2,-11.724774,-1.1724774,-9.119276,-0.9119276,Uniswap V3 -> SushiSwap V2,990.880724,-9.119276,-0.9119276,False
26011976,2026-09-19 13:51:47+00:00,5000.0,2634.490731339997,2637.968771503085,3.4780401630876123,3.4780401630876123,0.13201944959277026,Uniswap V3,SushiSwap V2,-192.201033,-3.84402066,-179.63204,-3.5926408,Uniswap V3 -> SushiSwap V2,4820.36796,-179.63204,-3.5926408,False
26011976,2026-09-19 13:51:47+00:00,10000.0,2634.490731339997,2637.968771503085,3.4780401630876123,3.4780401630876123,0.13201944959277026,Uniswap V3,SushiSwap V2,-698.697508,-6.98697508,-674.623186,-6.74623186,Uniswap V3 -> SushiSwap V2,9325.376814,-674.623186,-6.74623186,False
26011977,2026-09-19 13:51:59+00:00,100.0,2634.490731339997,2637.968771503085,3.4780401630876123,3.4780401630876123,0.13201944959277026,Uniswap V3,SushiSwap V2,-0.550794,-0.550794,-0.288093,-0.288093,Uniswap V3 -> SushiSwap V2,99.711907,-0.288093,-0.288093,False
26011977,2026-09-19 13:51:59+00:00,500.0,2634.490731339997,2637.968771503085,3.4780401630876123,3.4780401630876123,0.13201944959277026,Uniswap V3,SushiSwap V2,-4.140302,-0.8280604,-2.831599,-0.5663198,Uniswap V3 -> SushiSwap V2,497.168401,-2.831599,-0.5663198,False
26011977,2026-09-19 13:51:59+00:00,1000.0,2634.490731339997,2637.968771503085,3.4780401630876123,3.4780401630876123,0.13201944959277026,Uniswap V3,SushiSwap V2,-11.724774,-1.1724774,-9.119276,-0.9119276,Uniswap V3 -> SushiSwap V2,990.880724,-9.119276,-0.9119276,False
26011977,2026-09-19 13:51:59+00:00,5000.0,2634.490731339997,2637.968771503085,3.4780401630876123,3.4780401630876123,0.13201944959277026,Uniswap V3,SushiSwap V2,-192.201033,-3.84402066,-179.63204,-3.5926408,Uniswap V3 -> SushiSwap V2,4820.36796,-179.63204,-3.5926408,False
26011977,2026-09-19 13:51:59+00:00,10000.0,2634.490731339997,2637.968771503085,3.4780401630876123,3.4780401630876123,0.13201944959277026,Uniswap V3,SushiSwap V2,-698.697508,-6.98697508,-674.623186,-6.74623186,Uniswap V3 -> SushiSwap V2,9325.376814,-674.623186,-6.74623186,False
26011978,2026-09-19 13:52:11+00:00,100.0,2634.490731339997,2637.968771503085,3.4780401630876123,3.4780401630876123,0.13201944959277026,Uniswap V3,SushiSwap V2,-0.550794,-0.550794,-0.288093,-0.288093,Uniswap V3 -> SushiSwap V2,99.711907,-0.288093,-0.288093,False
26011978,2026-09-19 13:52:11+00:00,500.0,2634.490731339997,2637.968771503085,3.4780401630876123,3.4780401630876123,0.13201944959277026,Uniswap V3,SushiSwap V2,-4.140302,-0.8280604,-2.831599,-0.5663198,Uniswap V3 -> SushiSwap V2,497.168401,-2.831599,-0.5663198,False
26011978,2026-09-19 13:52:11+00:00,1000.0,2634.490731339997,2637.968771503085,3.4780401630876123,3.4780401630876123,0.13201944959277026,Uniswap V3,SushiSwap V2,-11.724774,-1.1724774,-9.119276,-0.9119276,Uniswap V3 -> SushiSwap V2,990.880724,-9.119276,-0.9119276,False
26011978,2026-09-19 13:52:11+00:00,5000.0,2634.490731339997,2637.968771503085,3.4780401630876123,3.4780401630876123,0.13201944959277026,Uniswap V3,SushiSwap V2,-192.201033,-3.84402066,-179.63204,-3.5926408,Uniswap V3 -> SushiSwap V2,4820.36796,-179.63204,-3.5926408,False
26011978,2026-09-19 13:52:11+00:00,10000.0,2634.490731339997,2637.968771503085,3.4780401630876123,3.4780401630876123,0.13201944959277026,Uniswap V3,SushiSwap V2,-698.697508,-6.98697508,-674.623186,-6.74623186,Uniswap V3 -> SushiSwap V2,9325.376814,-674.623186,-6.74623186,False
26011979,2026-09-19 13:52:23+00:00,100.0,2634.490606722606,2637.968771503085,3.478164780478783,3.478164780478783,0.13202418606478675,Uniswap V3,SushiSwap V2,-0.550798,-0.550798,-0.288088,-0.288088,Uniswap V3 -> SushiSwap V2,99.711912,-0.288088,-0.288088,False
26011979,2026-09-19 13:52:23+00:00,500.0,2634.490606722606,2637.968771503085,3.478164780478783,3.478164780478783,0.13202418606478675,Uniswap V3,SushiSwap V2,-4.140325,-0.828065,-2.831575,-0.566315,Uniswap V3 -> SushiSwap V2,497.168425,-2.831575,-0.566315,False
26011979,2026-09-19 13:52:23+00:00,1000.0,2634.490606722606,2637.968771503085,3.478164780478783,3.478164780478783,0.13202418606478675,Uniswap V3,SushiSwap V2,-11.724821,-1.1724821,-9.11923,-0.911923,Uniswap V3 -> SushiSwap V2,990.88077,-9.11923,-0.911923,False
26011979,2026-09-19 13:52:23+00:00,5000.0,2634.490606722606,2637.968771503085,3.478164780478783,3.478164780478783,0.13202418606478675,Uniswap V3,SushiSwap V2,-192.20126,-3.8440252,-179.63182,-3.5926364,Uniswap V3 -> SushiSwap V2,4820.36818,-179.63182,-3.5926364,False
26011979,2026-09-19 13:52:23+00:00,10000.0,2634.490606722606,2637.968771503085,3.478164780478783,3.478164780478783,0.13202418606478675,Uniswap V3,SushiSwap V2,-698.697948,-6.98697948,-674.622773,-6.74622773,Uniswap V3 -> SushiSwap V2,9325.377227,-674.622773,-6.74622773,False
26011980,2026-09-19 13:52:35+00:00,100.0,2634.4906421689166,2637.968771503085,3.4781293341685955,3.4781293341685955,0.13202283881734084,Uniswap V3,SushiSwap V2,-0.550797,-0.550797,-0.28809,-0.28809,Uniswap V3 -> SushiSwap V2,99.71191,-0.28809,-0.28809,False
26011980,2026-09-19 13:52:35+00:00,500.0,2634.4906421689166,2637.968771503085,3.4781293341685955,3.4781293341685955,0.13202283881734084,Uniswap V3,SushiSwap V2,-4.140319,-0.8280638,-2.831582,-0.5663164,Uniswap V3 -> SushiSwap V2,497.168418,-2.831582,-0.5663164,False
26011980,2026-09-19 13:52:35+00:00,1000.0,2634.4906421689166,2637.968771503085,3.4781293341685955,3.4781293341685955,0.13202283881734084,Uniswap V3,SushiSwap V2,-11.724808,-1.1724808,-9.119243,-0.9119243,Uniswap V3 -> SushiSwap V2,990.880757,-9.119243,-0.9119243,False
26011980,2026-09-19 13:52:35+00:00,5000.0,2634.4906421689166,2637.968771503085,3.4781293341685955,3.4781293341685955,0.13202283881734084,Uniswap V3,SushiSwap V2,-192.201195,-3.8440239,-179.631883,-3.59263766,Uniswap V3 -> SushiSwap V2,4820.368117,-179.631883,-3.59263766,False
26011980,2026-09-19 13:52:35+00:00,10000.0,2634.4906421689166,2637.968771503085,3.4781293341685955,3.4781293341685955,0.13202283881734084,Uniswap V3,SushiSwap V2,-698.697822,-6.98697822,-674.622891,-6.74622891,Uniswap V3 -> SushiSwap V2,9325.377109,-674.622891,-6.74622891,False
26011981,2026-09-19 13:52:47+00:00,100.0,2634.4906421689166,2637.968771503085,3.4781293341685955,3.4781293341685955,0.13202283881734084,Uniswap V3,SushiSwap V2,-0.550797,-0.550797,-0.28809,-0.28809,Uniswap V3 -> SushiSwap V2,99.71191,-0.28809,-0.28809,False
26011981,2026-09-19 13:52:47+00:00,500.0,2634.4906421689166,2637.968771503085,3.4781293341685955,3.4781293341685955,0.13202283881734084,Uniswap V3,SushiSwap V2,-4.140319,-0.8280638,-2.831582,-0.5663164,Uniswap V3 -> SushiSwap V2,497.168418,-2.831582,-0.5663164,False
26011981,2026-09-19 13:52:47+00:00,1000.0,2634.4906421689166,2637.968771503085,3.4781293341685955,3.4781293341685955,0.13202283881734084,Uniswap V3,SushiSwap V2,-11.724808,-1.1724808,-9.119243,-0.9119243,Uniswap V3 -> SushiSwap V2,990.880757,-9.119243,-0.9119243,False
26011981,2026-09-19 13:52:47+00:00,5000.0,2634.4906421689166,2637.968771503085,3.4781293341685955,3.4781293341685955,0.13202283881734084,Uniswap V3,SushiSwap V2,-192.201195,-3.8440239,-179.631883,-3.59263766,Uniswap V3 -> SushiSwap V2,4820.368117,-179.631883,-3.59263766,False
26011981,2026-09-19 13:52:47+00:00,10000.0,2634.4906421689166,2637.968771503085,3.4781293341685955,3.4781293341685955,0.13202283881734084,Uniswap V3,SushiSwap V2,-698.697822,-6.98697822,-674.622891,-6.74622891,Uniswap V3 -> SushiSwap V2,9325.377109,-674.622891,-6.74622891,False
26011982,2026-09-19 13:52:59+00:00,100.0,2634.4906421689166,2637.968771503085,3.4781293341685955,3.4781293341685955,0.13202283881734084,Uniswap V3,SushiSwap V2,-0.550797,-0.550797,-0.28809,-0.28809,Uniswap V3 -> SushiSwap V2,99.71191,-0.28809,-0.28809,False
26011982,2026-09-19 13:52:59+00:00,500.0,2634.4906421689166,2637.968771503085,3.4781293341685955,3.4781293341685955,0.13202283881734084,Uniswap V3,SushiSwap V2,-4.140319,-0.8280638,-2.831582,-0.5663164,Uniswap V3 -> SushiSwap V2,497.168418,-2.831582,-0.5663164,False
26011982,2026-09-19 13:52:59+00:00,1000.0,2634.4906421689166,2637.968771503085,3.4781293341685955,3.4781293341685955,0.13202283881734084,Uniswap V3,SushiSwap V2,-11.724808,-1.1724808,-9.119243,-0.9119243,Uniswap V3 -> SushiSwap V2,990.880757,-9.119243,-0.9119243,False
26011982,2026-09-19 13:52:59+00:00,5000.0,2634.4906421689166,2637.968771503085,3.4781293341685955,3.4781293341685955,0.13202283881734084,Uniswap V3,SushiSwap V2,-192.201195,-3.8440239,-179.631883,-3.59263766,Uniswap V3 -> SushiSwap V2,4820.368117,-179.631883,-3.59263766,False
26011982,2026-09-19 13:52:59+00:00,10000.0,2634.4906421689166,2637.968771503085,3.4781293341685955,3.4781293341685955,0.13202283881734084,Uniswap V3,SushiSwap V2,-698.697822,-6.98697822,-674.622891,-6.74622891,Uniswap V3 -> SushiSwap V2,9325.377109,-674.622891,-6.74622891,False
26011983,2026-09-19 13:53:11+00:00,100.0,2634.4906421689166,2637.968771503085,3.4781293341685955,3.4781293341685955,0.13202283881734084,Uniswap V3,SushiSwap V2,-0.550797,-0.550797,-0.28809,-0.28809,Uniswap V3 -> SushiSwap V2,99.71191,-0.28809,-0.28809,False
26011983,2026-09-19 13:53:11+00:00,500.0,2634.4906421689166,2637.968771503085,3.4781293341685955,3.4781293341685955,0.13202283881734084,Uniswap V3,SushiSwap V2,-4.140319,-0.8280638,-2.831582,-0.5663164,Uniswap V3 -> SushiSwap V2,497.168418,-2.831582,-0.5663164,False
26011983,2026-09-19 13:53:11+00:00,1000.0,2634.4906421689166,2637.968771503085,3.4781293341685955,3.4781293341685955,0.13202283881734084,Uniswap V3,SushiSwap V2,-11.724808,-1.1724808,-9.119243,-0.9119243,Uniswap V3 -> SushiSwap V2,990.880757,-9.119243,-0.9119243,False
26011983,2026-09-19 13:53:11+00:00,5000.0,2634.4906421689166,2637.968771503085,3.4781293341685955,3.4781293341685955,0.13202283881734084,Uniswap V3,SushiSwap V2,-192.201195,-3.8440239,-179.631883,-3.59263766,Uniswap V3 -> SushiSwap V2,4820.368117,-179.631883,-3.59263766,False
26011983,2026-09-19 13:53:11+00:00,10000.0,2634.4906421689166,2637.968771503085,3.4781293341685955,3.4781293341685955,0.13202283881734084,Uniswap V3,SushiSwap V2,-698.697822,-6.98697822,-674.622891,-6.74622891,Uniswap V3 -> SushiSwap V2,9325.377109,-674.622891,-6.74622891,False
26011984,2026-09-19 13:53:23+00:00,100.0,2634.4906421689166,2637.968771503085,3.4781293341685955,3.4781293341685955,0.13202283881734084,Uniswap V3,SushiSwap V2,-0.550797,-0.550797,-0.28809,-0.28809,Uniswap V3 -> SushiSwap V2,99.71191,-0.28809,-0.28809,False
26011984,2026-09-19 13:53:23+00:00,500.0,2634.4906421689166,2637.968771503085,3.4781293341685955,3.4781293341685955,0.13202283881734084,Uniswap V3,SushiSwap V2,-4.140319,-0.8280638,-2.831582,-0.5663164,Uniswap V3 -> SushiSwap V2,497.168418,-2.831582,-0.5663164,False
26011984,2026-09-19 13:53:23+00:00,1000.0,2634.4906421689166,2637.968771503085,3.4781293341685955,3.4781293341685955,0.13202283881734084,Uniswap V3,SushiSwap V2,-11.724808,-1.1724808,-9.119243,-0.9119243,Uniswap V3 -> SushiSwap V2,990.880757,-9.119243,-0.9119243,False
26011984,2026-09-19 13:53:23+00:00,5000.0,2634.4906421689166,2637.968771503085,3.4781293341685955,3.4781293341685955,0.13202283881734084,Uniswap V3,SushiSwap V2,-192.201195,-3.8440239,-179.631883,-3.59263766,Uniswap V3 -> SushiSwap V2,4820.368117,-179.631883,-3.59263766,False
26011984,2026-09-19 13:53:23+00:00,10000.0,2634.4906421689166,2637.968771503085,3.4781293341685955,3.4781293341685955,0.13202283881734084,Uniswap V3,SushiSwap V2,-698.697822,-6.98697822,-674.622891,-6.74622891,Uniswap V3 -> SushiSwap V2,9325.377109,-674.622891,-6.74622891,False
26011985,2026-09-19 13:53:35+00:00,100.0,2634.4906421689166,2637.968771503085,3.4781293341685955,3.4781293341685955,0.13202283881734084,Uniswap V3,SushiSwap V2,-0.550797,-0.550797,-0.28809,-0.28809,Uniswap V3 -> SushiSwap V2,99.71191,-0.28809,-0.28809,False
26011985,2026-09-19 13:53:35+00:00,500.0,2634.4906421689166,2637.968771503085,3.4781293341685955,3.4781293341685955,0.13202283881734084,Uniswap V3,SushiSwap V2,-4.140319,-0.8280638,-2.831582,-0.5663164,Uniswap V3 -> SushiSwap V2,497.168418,-2.831582,-0.5663164,False
26011985,2026-09-19 13:53:35+00:00,1000.0,2634.4906421689166,2637.968771503085,3.4781293341685955,3.4781293341685955,0.13202283881734084,Uniswap V3,SushiSwap V2,-11.724808,-1.1724808,-9.119243,-0.9119243,Uniswap V3 -> SushiSwap V2,990.880757,-9.119243,-0.9119243,False
26011985,2026-09-19 13:53:35+00:00,5000.0,2634.4906421689166,2637.968771503085,3.4781293341685955,3.4781293341685955,0.13202283881734084,Uniswap V3,SushiSwap V2,-192.201195,-3.8440239,-179.631883,-3.59263766,Uniswap V3 -> SushiSwap V2,4820.368117,-179.631883,-3.59263766,False
26011985,2026-09-19 13:53:35+00:00,10000.0,2634.4906421689166,2637.968771503085,3.4781293341685955,3.4781293341685955,0.13202283881734084,Uniswap V3,SushiSwap V2,-698.697822,-6.98697822,-674.622891,-6.74622891,Uniswap V3 -> SushiSwap V2,9325.377109,-674.622891,-6.74622891,False
26011986,2026-09-19 13:53:47+00:00,100.0,2634.4906421689166,2637.968771503085,3.4781293341685955,3.4781293341685955,0.13202283881734084,Uniswap V3,SushiSwap V2,-0.550797,-0.550797,-0.28809,-0.28809,Uniswap V3 -> SushiSwap V2,99.71191,-0.28809,-0.28809,False
26011986,2026-09-19 13:53:47+00:00,500.0,2634.4906421689166,2637.968771503085,3.4781293341685955,3.4781293341685955,0.13202283881734084,Uniswap V3,SushiSwap V2,-4.140319,-0.8280638,-2.831582,-0.5663164,Uniswap V3 -> SushiSwap V2,497.168418,-2.831582,-0.5663164,False
26011986,2026-09-19 13:53:47+00:00,1000.0,2634.4906421689166,2637.968771503085,3.4781293341685955,3.4781293341685955,0.13202283881734084,Uniswap V3,SushiSwap V2,-11.724808,-1.1724808,-9.119243,-0.9119243,Uniswap V3 -> SushiSwap V2,990.880757,-9.119243,-0.9119243,False
26011986,2026-09-19 13:53:47+00:00,5000.0,2634.4906421689166,2637.968771503085,3.4781293341685955,3.4781293341685955,0.13202283881734084,Uniswap V3,SushiSwap V2,-192.201195,-3.8440239,-179.631883,-3.59263766,Uniswap V3 -> SushiSwap V2,4820.368117,-179.631883,-3.59263766,False
26011986,2026-09-19 13:53:47+00:00,10000.0,2634.4906421689166,2637.968771503085,3.4781293341685955,3.4781293341685955,0.13202283881734084,Uniswap V3,SushiSwap V2,-698.697822,-6.98697822,-674.622891,-6.74622891,Uniswap V3 -> SushiSwap V2,9325.377109,-674.622891,-6.74622891,False
26011987,2026-09-19 13:53:59+00:00,100.0,2634.4915221166434,2637.968771503085,3.4772493864416543,3.4772493864416543,0.13198939367426432,Uniswap V3,SushiSwap V2,-0.550764,-0.550764,-0.288123,-0.288123,Uniswap V3 -> SushiSwap V2,99.711877,-0.288123,-0.288123,False
26011987,2026-09-19 13:53:59+00:00,500.0,2634.4915221166434,2637.968771503085,3.4772493864416543,3.4772493864416543,0.13198939367426432,Uniswap V3,SushiSwap V2,-4.140153,-0.8280306,-2.831748,-0.5663496,Uniswap V3 -> SushiSwap V2,497.168252,-2.831748,-0.5663496,False
26011987,2026-09-19 13:53:59+00:00,1000.0,2634.4915221166434,2637.968771503085,3.4772493864416543,3.4772493864416543,0.13198939367426432,Uniswap V3,SushiSwap V2,-11.724478,-1.1724478,-9.119572,-0.9119572,Uniswap V3 -> SushiSwap V2,990.880428,-9.119572,-0.9119572,False
26011987,2026-09-19 13:53:59+00:00,5000.0,2634.4915221166434,2637.968771503085,3.4772493864416543,3.4772493864416543,0.13198939367426432,Uniswap V3,SushiSwap V2,-192.199589,-3.84399178,-179.633438,-3.59266876,Uniswap V3 -> SushiSwap V2,4820.366562,-179.633438,-3.59266876,False
26011987,2026-09-19 13:53:59+00:00,10000.0,2634.4915221166434,2637.968771503085,3.4772493864416543,3.4772493864416543,0.13198939367426432,Uniswap V3,SushiSwap V2,-698.694716,-6.98694716,-674.625802,-6.74625802,Uniswap V3 -> SushiSwap V2,9325.374198,-674.625802,-6.74625802,False
26011988,2026-09-19 13:54:11+00:00,100.0,2634.9393488813944,2637.968771503085,3.0294226216907254,3.0294226216907254,0.1149712467946103,Uniswap V3,SushiSwap V2,-0.533859,-0.533859,-0.305058,-0.305058,Uniswap V3 -> SushiSwap V2,99.694942,-0.305058,-0.305058,False
26011988,2026-09-19 13:54:11+00:00,500.0,2634.9393488813944,2637.968771503085,3.0294226216907254,3.0294226216907254,0.1149712467946103,Uniswap V3,SushiSwap V2,-4.055864,-0.8111728,-2.91595,-0.58319,Uniswap V3 -> SushiSwap V2,497.08405,-2.91595,-0.58319,False
26011988,2026-09-19 13:54:11+00:00,1000.0,2634.9393488813944,2637.968771503085,3.0294226216907254,3.0294226216907254,0.1149712467946103,Uniswap V3,SushiSwap V2,-11.556485,-1.1556485,-9.286809,-0.9286809,Uniswap V3 -> SushiSwap V2,990.713191,-9.286809,-0.9286809,False
26011988,2026-09-19 13:54:11+00:00,5000.0,2634.9393488813944,2637.968771503085,3.0294226216907254,3.0294226216907254,0.1149712467946103,Uniswap V3,SushiSwap V2,-191.382339,-3.82764678,-180.425002,-3.60850004,Uniswap V3 -> SushiSwap V2,4819.574998,-180.425002,-3.60850004,False
26011988,2026-09-19 13:54:11+00:00,10000.0,2634.9393488813944,2637.968771503085,3.0294226216907254,3.0294226216907254,0.1149712467946103,Uniswap V3,SushiSwap V2,-697.113656,-6.97113656,-676.107076,-6.76107076,Uniswap V3 -> SushiSwap V2,9323.892924,-676.107076,-6.76107076,False
26011989,2026-09-19 13:54:23+00:00,100.0,2635.502058454803,2637.968771503085,2.466713048282284,2.466713048282284,0.09359556523088128,Uniswap V3,SushiSwap V2,-0.512617,-0.512617,-0.326329,-0.326329,Uniswap V3 -> SushiSwap V2,99.673671,-0.326329,-0.326329,False
26011989,2026-09-19 13:54:23+00:00,500.0,2635.502058454803,2637.968771503085,2.466713048282284,2.466713048282284,0.09359556523088128,Uniswap V3,SushiSwap V2,-3.949952,-0.7899904,-3.021713,-0.6043426,Uniswap V3 -> SushiSwap V2,496.978287,-3.021713,-0.6043426,False
26011989,2026-09-19 13:54:23+00:00,1000.0,2635.502058454803,2637.968771503085,2.466713048282284,2.466713048282284,0.09359556523088128,Uniswap V3,SushiSwap V2,-11.345396,-1.1345396,-9.496868,-0.9496868,Uniswap V3 -> SushiSwap V2,990.503132,-9.496868,-0.9496868,False
26011989,2026-09-19 13:54:23+00:00,5000.0,2635.502058454803,2637.968771503085,2.466713048282284,2.466713048282284,0.09359556523088128,Uniswap V3,SushiSwap V2,-190.355436,-3.80710872,-181.419261,-3.62838522,Uniswap V3 -> SushiSwap V2,4818.580739,-181.419261,-3.62838522,False
26011989,2026-09-19 13:54:23+00:00,10000.0,2635.502058454803,2637.968771503085,2.466713048282284,2.466713048282284,0.09359556523088128,Uniswap V3,SushiSwap V2,-695.127001,-6.95127001,-677.967681,-6.77967681,Uniswap V3 -> SushiSwap V2,9322.032319,-677.967681,-6.77967681,False
26011990,2026-09-19 13:54:35+00:00,100.0,2635.502058454803,2637.968771503085,2.466713048282284,2.466713048282284,0.09359556523088128,Uniswap V3,SushiSwap V2,-0.512617,-0.512617,-0.326329,-0.326329,Uniswap V3 -> SushiSwap V2,99.673671,-0.326329,-0.326329,False
26011990,2026-09-19 13:54:35+00:00,500.0,2635.502058454803,2637.968771503085,2.466713048282284,2.466713048282284,0.09359556523088128,Uniswap V3,SushiSwap V2,-3.949952,-0.7899904,-3.021713,-0.6043426,Uniswap V3 -> SushiSwap V2,496.978287,-3.021713,-0.6043426,False
26011990,2026-09-19 13:54:35+00:00,1000.0,2635.502058454803,2637.968771503085,2.466713048282284,2.466713048282284,0.09359556523088128,Uniswap V3,SushiSwap V2,-11.345396,-1.1345396,-9.496868,-0.9496868,Uniswap V3 -> SushiSwap V2,990.503132,-9.496868,-0.9496868,False
26011990,2026-09-19 13:54:35+00:00,5000.0,2635.502058454803,2637.968771503085,2.466713048282284,2.466713048282284,0.09359556523088128,Uniswap V3,SushiSwap V2,-190.355436,-3.80710872,-181.419261,-3.62838522,Uniswap V3 -> SushiSwap V2,4818.580739,-181.419261,-3.62838522,False
26011990,2026-09-19 13:54:35+00:00,10000.0,2635.502058454803,2637.968771503085,2.466713048282284,2.466713048282284,0.09359556523088128,Uniswap V3,SushiSwap V2,-695.127001,-6.95127001,-677.967681,-6.77967681,Uniswap V3 -> SushiSwap V2,9322.032319,-677.967681,-6.77967681,False
26011991,2026-09-19 13:54:47+00:00,100.0,2635.639483671687,2637.968771503085,2.3292878313984335,2.3292878313984335,0.08837657220681498,Uniswap V3,SushiSwap V2,-0.50743,-0.50743,-0.331523,-0.331523,Uniswap V3 -> SushiSwap V2,99.668477,-0.331523,-0.331523,False
26011991,2026-09-19 13:54:47+00:00,500.0,2635.639483671687,2637.968771503085,2.3292878313984335,2.3292878313984335,0.08837657220681498,Uniswap V3,SushiSwap V2,-3.924086,-0.7848172,-3.047536,-0.6095072,Uniswap V3 -> SushiSwap V2,496.952464,-3.047536,-0.6095072,False
26011991,2026-09-19 13:54:47+00:00,1000.0,2635.639483671687,2637.968771503085,2.3292878313984335,2.3292878313984335,0.08837657220681498,Uniswap V3,SushiSwap V2,-11.293844,-1.1293844,-9.548155,-0.9548155,Uniswap V3 -> SushiSwap V2,990.451845,-9.548155,-0.9548155,False
26011991,2026-09-19 13:54:47+00:00,5000.0,2635.639483671687,2637.968771503085,2.3292878313984335,2.3292878313984335,0.08837657220681498,Uniswap V3,SushiSwap V2,-190.104646,-3.80209292,-181.662017,-3.63324034,Uniswap V3 -> SushiSwap V2,4818.337983,-181.662017,-3.63324034,False
26011991,2026-09-19 13:54:47+00:00,10000.0,2635.639483671687,2637.968771503085,2.3292878313984335,2.3292878313984335,0.08837657220681498,Uniswap V3,SushiSwap V2,-694.641819,-6.94641819,-678.421966,-6.78421966,Uniswap V3 -> SushiSwap V2,9321.578034,-678.421966,-6.78421966,False
26011992,2026-09-19 13:54:59+00:00,100.0,2635.6416987910743,2637.968771503085,2.3270727120108656,2.3270727120108656,0.08829245314635355,Uniswap V3,SushiSwap V2,-0.507346,-0.507346,-0.331606,-0.331606,Uniswap V3 -> SushiSwap V2,99.668394,-0.331606,-0.331606,False
26011992,2026-09-19 13:54:59+00:00,500.0,2635.6416987910743,2637.968771503085,2.3270727120108656,2.3270727120108656,0.08829245314635355,Uniswap V3,SushiSwap V2,-3.923669,-0.7847338,-3.047952,-0.6095904,Uniswap V3 -> SushiSwap V2,496.952048,-3.047952,-0.6095904,False
26011992,2026-09-19 13:54:59+00:00,1000.0,2635.6416987910743,2637.968771503085,2.3270727120108656,2.3270727120108656,0.08829245314635355,Uniswap V3,SushiSwap V2,-11.293013,-1.1293013,-9.548982,-0.9548982,Uniswap V3 -> SushiSwap V2,990.451018,-9.548982,-0.9548982,False
26011992,2026-09-19 13:54:59+00:00,5000.0,2635.6416987910743,2637.968771503085,2.3270727120108656,2.3270727120108656,0.08829245314635355,Uniswap V3,SushiSwap V2,-190.100603,-3.80201206,-181.665929,-3.63331858,Uniswap V3 -> SushiSwap V2,4818.334071,-181.665929,-3.63331858,False
26011992,2026-09-19 13:54:59+00:00,10000.0,2635.6416987910743,2637.968771503085,2.3270727120108656,2.3270727120108656,0.08829245314635355,Uniswap V3,SushiSwap V2,-694.633999,-6.94633999,-678.429288,-6.78429288,Uniswap V3 -> SushiSwap V2,9321.570712,-678.429288,-6.78429288,False
26011993,2026-09-19 13:55:11+00:00,100.0,2635.6416987910743,2637.968771503085,2.3270727120108656,2.3270727120108656,0.08829245314635355,Uniswap V3,SushiSwap V2,-0.507346,-0.507346,-0.331606,-0.331606,Uniswap V3 -> SushiSwap V2,99.668394,-0.331606,-0.331606,False
26011993,2026-09-19 13:55:11+00:00,500.0,2635.6416987910743,2637.968771503085,2.3270727120108656,2.3270727120108656,0.08829245314635355,Uniswap V3,SushiSwap V2,-3.923669,-0.7847338,-3.047952,-0.6095904,Uniswap V3 -> SushiSwap V2,496.952048,-3.047952,-0.6095904,False
26011993,2026-09-19 13:55:11+00:00,1000.0,2635.6416987910743,2637.968771503085,2.3270727120108656,2.3270727120108656,0.08829245314635355,Uniswap V3,SushiSwap V2,-11.293013,-1.1293013,-9.548982,-0.9548982,Uniswap V3 -> SushiSwap V2,990.451018,-9.548982,-0.9548982,False
26011993,2026-09-19 13:55:11+00:00,5000.0,2635.6416987910743,2637.968771503085,2.3270727120108656,2.3270727120108656,0.08829245314635355,Uniswap V3,SushiSwap V2,-190.100603,-3.80201206,-181.665929,-3.63331858,Uniswap V3 -> SushiSwap V2,4818.334071,-181.665929,-3.63331858,False
26011993,2026-09-19 13:55:11+00:00,10000.0,2635.6416987910743,2637.968771503085,2.3270727120108656,2.3270727120108656,0.08829245314635355,Uniswap V3,SushiSwap V2,-694.633999,-6.94633999,-678.429288,-6.78429288,Uniswap V3 -> SushiSwap V2,9321.570712,-678.429288,-6.78429288,False
26011994,2026-09-19 13:55:23+00:00,100.0,2635.7371483731426,2637.968771503085,2.231623129942281,2.231623129942281,0.08466789381178265,Uniswap V3,SushiSwap V2,-0.503743,-0.503743,-0.335213,-0.335213,Uniswap V3 -> SushiSwap V2,99.664787,-0.335213,-0.335213,False
26011994,2026-09-19 13:55:23+00:00,500.0,2635.7371483731426,2637.968771503085,2.231623129942281,2.231623129942281,0.08466789381178265,Uniswap V3,SushiSwap V2,-3.905703,-0.7811406,-3.065886,-0.6131772,Uniswap V3 -> SushiSwap V2,496.934114,-3.065886,-0.6131772,False
26011994,2026-09-19 13:55:23+00:00,1000.0,2635.7371483731426,2637.968771503085,2.231623129942281,2.231623129942281,0.08466789381178265,Uniswap V3,SushiSwap V2,-11.257208,-1.1257208,-9.5846,-0.95846,Uniswap V3 -> SushiSwap V2,990.4154,-9.5846,-0.95846,False
26011994,2026-09-19 13:55:23+00:00,5000.0,2635.7371483731426,2637.968771503085,2.231623129942281,2.231623129942281,0.08466789381178265,Uniswap V3,SushiSwap V2,-189.926415,-3.7985283,-181.834523,-3.63669046,Uniswap V3 -> SushiSwap V2,4818.165477,-181.834523,-3.63669046,False
26011994,2026-09-19 13:55:23+00:00,10000.0,2635.7371483731426,2637.968771503085,2.231623129942281,2.231623129942281,0.08466789381178265,Uniswap V3,SushiSwap V2,-694.297012,-6.94297012,-678.744788,-6.78744788,Uniswap V3 -> SushiSwap V2,9321.255212,-678.744788,-6.78744788,False
26011995,2026-09-19 13:55:35+00:00,100.0,2635.7371483731426,2637.968771503085,2.231623129942281,2.231623129942281,0.08466789381178265,Uniswap V3,SushiSwap V2,-0.503743,-0.503743,-0.335213,-0.335213,Uniswap V3 -> SushiSwap V2,99.664787,-0.335213,-0.335213,False
26011995,2026-09-19 13:55:35+00:00,500.0,2635.7371483731426,2637.968771503085,2.231623129942281,2.231623129942281,0.08466789381178265,Uniswap V3,SushiSwap V2,-3.905703,-0.7811406,-3.065886,-0.6131772,Uniswap V3 -> SushiSwap V2,496.934114,-3.065886,-0.6131772,False
26011995,2026-09-19 13:55:35+00:00,1000.0,2635.7371483731426,2637.968771503085,2.231623129942281,2.231623129942281,0.08466789381178265,Uniswap V3,SushiSwap V2,-11.257208,-1.1257208,-9.5846,-0.95846,Uniswap V3 -> SushiSwap V2,990.4154,-9.5846,-0.95846,False
26011995,2026-09-19 13:55:35+00:00,5000.0,2635.7371483731426,2637.968771503085,2.231623129942281,2.231623129942281,0.08466789381178265,Uniswap V3,SushiSwap V2,-189.926415,-3.7985283,-181.834523,-3.63669046,Uniswap V3 -> SushiSwap V2,4818.165477,-181.834523,-3.63669046,False
26011995,2026-09-19 13:55:35+00:00,10000.0,2635.7371483731426,2637.968771503085,2.231623129942281,2.231623129942281,0.08466789381178265,Uniswap V3,SushiSwap V2,-694.297012,-6.94297012,-678.744788,-6.78744788,Uniswap V3 -> SushiSwap V2,9321.255212,-678.744788,-6.78744788,False
26011996,2026-09-19 13:55:47+00:00,100.0,2635.7371483731426,2637.968771503085,2.231623129942281,2.231623129942281,0.08466789381178265,Uniswap V3,SushiSwap V2,-0.503743,-0.503743,-0.335213,-0.335213,Uniswap V3 -> SushiSwap V2,99.664787,-0.335213,-0.335213,False
26011996,2026-09-19 13:55:47+00:00,500.0,2635.7371483731426,2637.968771503085,2.231623129942281,2.231623129942281,0.08466789381178265,Uniswap V3,SushiSwap V2,-3.905703,-0.7811406,-3.065886,-0.6131772,Uniswap V3 -> SushiSwap V2,496.934114,-3.065886,-0.6131772,False
26011996,2026-09-19 13:55:47+00:00,1000.0,2635.7371483731426,2637.968771503085,2.231623129942281,2.231623129942281,0.08466789381178265,Uniswap V3,SushiSwap V2,-11.257208,-1.1257208,-9.5846,-0.95846,Uniswap V3 -> SushiSwap V2,990.4154,-9.5846,-0.95846,False
26011996,2026-09-19 13:55:47+00:00,5000.0,2635.7371483731426,2637.968771503085,2.231623129942281,2.231623129942281,0.08466789381178265,Uniswap V3,SushiSwap V2,-189.926415,-3.7985283,-181.834523,-3.63669046,Uniswap V3 -> SushiSwap V2,4818.165477,-181.834523,-3.63669046,False
26011996,2026-09-19 13:55:47+00:00,10000.0,2635.7371483731426,2637.968771503085,2.231623129942281,2.231623129942281,0.08466789381178265,Uniswap V3,SushiSwap V2,-694.297012,-6.94297012,-678.744788,-6.78744788,Uniswap V3 -> SushiSwap V2,9321.255212,-678.744788,-6.78744788,False
26011997,2026-09-19 13:55:59+00:00,100.0,2635.7371486839397,2637.968771503085,2.2316228191451626,2.2316228191451626,0.08466788201014061,Uniswap V3,SushiSwap V2,-0.503743,-0.503743,-0.335213,-0.335213,Uniswap V3 -> SushiSwap V2,99.664787,-0.335213,-0.335213,False
26011997,2026-09-19 13:55:59+00:00,500.0,2635.7371486839397,2637.968771503085,2.2316228191451626,2.2316228191451626,0.08466788201014061,Uniswap V3,SushiSwap V2,-3.905703,-0.7811406,-3.065886,-0.6131772,Uniswap V3 -> SushiSwap V2,496.934114,-3.065886,-0.6131772,False
26011997,2026-09-19 13:55:59+00:00,1000.0,2635.7371486839397,2637.968771503085,2.2316228191451626,2.2316228191451626,0.08466788201014061,Uniswap V3,SushiSwap V2,-11.257207,-1.1257207,-9.584601,-0.9584601,Uniswap V3 -> SushiSwap V2,990.415399,-9.584601,-0.9584601,False
26011997,2026-09-19 13:55:59+00:00,5000.0,2635.7371486839397,2637.968771503085,2.2316228191451626,2.2316228191451626,0.08466788201014061,Uniswap V3,SushiSwap V2,-189.926414,-3.79852828,-181.834523,-3.63669046,Uniswap V3 -> SushiSwap V2,4818.165477,-181.834523,-3.63669046,False
26011997,2026-09-19 13:55:59+00:00,10000.0,2635.7371486839397,2637.968771503085,2.2316228191451626,2.2316228191451626,0.08466788201014061,Uniswap V3,SushiSwap V2,-694.297011,-6.94297011,-678.744789,-6.78744789,Uniswap V3 -> SushiSwap V2,9321.255211,-678.744789,-6.78744789,False
26011998,2026-09-19 13:56:11+00:00,100.0,2635.7371469274017,2637.968771503085,2.231624575683486,2.231624575683486,0.08466794870971835,Uniswap V3,SushiSwap V2,-0.503743,-0.503743,-0.335213,-0.335213,Uniswap V3 -> SushiSwap V2,99.664787,-0.335213,-0.335213,False
26011998,2026-09-19 13:56:11+00:00,500.0,2635.7371469274017,2637.968771503085,2.231624575683486,2.231624575683486,0.08466794870971835,Uniswap V3,SushiSwap V2,-3.905704,-0.7811408,-3.065886,-0.6131772,Uniswap V3 -> SushiSwap V2,496.934114,-3.065886,-0.6131772,False
26011998,2026-09-19 13:56:11+00:00,1000.0,2635.7371469274017,2637.968771503085,2.231624575683486,2.231624575683486,0.08466794870971835,Uniswap V3,SushiSwap V2,-11.257208,-1.1257208,-9.5846,-0.95846,Uniswap V3 -> SushiSwap V2,990.4154,-9.5846,-0.95846,False
26011998,2026-09-19 13:56:11+00:00,5000.0,2635.7371469274017,2637.968771503085,2.231624575683486,2.231624575683486,0.08466794870971835,Uniswap V3,SushiSwap V2,-189.926418,-3.79852836,-181.83452,-3.6366904,Uniswap V3 -> SushiSwap V2,4818.16548,-181.83452,-3.6366904,False
26011998,2026-09-19 13:56:11+00:00,10000.0,2635.7371469274017,2637.968771503085,2.231624575683486,2.231624575683486,0.08466794870971835,Uniswap V3,SushiSwap V2,-694.297017,-6.94297017,-678.744784,-6.78744784,Uniswap V3 -> SushiSwap V2,9321.255216,-678.744784,-6.78744784,False
26011999,2026-09-19 13:56:23+00:00,100.0,2635.8667901521762,2637.968771503085,2.101981350908597,2.101981350908597,0.07974535582609027,Uniswap V3,SushiSwap V2,-0.498849,-0.498849,-0.340112,-0.340112,Uniswap V3 -> SushiSwap V2,99.659888,-0.340112,-0.340112,False
26011999,2026-09-19 13:56:23+00:00,500.0,2635.8667901521762,2637.968771503085,2.101981350908597,2.101981350908597,0.07974535582609027,Uniswap V3,SushiSwap V2,-3.881302,-0.7762604,-3.090242,-0.6180484,Uniswap V3 -> SushiSwap V2,496.909758,-3.090242,-0.6180484,False
26011999,2026-09-19 13:56:23+00:00,1000.0,2635.8667901521762,2637.968771503085,2.101981350908597,2.101981350908597,0.07974535582609027,Uniswap V3,SushiSwap V2,-11.208575,-1.1208575,-9.632974,-0.9632974,Uniswap V3 -> SushiSwap V2,990.367026,-9.632974,-0.9632974,False
26011999,2026-09-19 13:56:23+00:00,5000.0,2635.8667901521762,2637.968771503085,2.101981350908597,2.101981350908597,0.07974535582609027,Uniswap V3,SushiSwap V2,-189.689828,-3.79379656,-182.063492,-3.64126984,Uniswap V3 -> SushiSwap V2,4817.936508,-182.063492,-3.64126984,False
26011999,2026-09-19 13:56:23+00:00,10000.0,2635.8667901521762,2637.968771503085,2.101981350908597,2.101981350908597,0.07974535582609027,Uniswap V3,SushiSwap V2,-693.83931,-6.9383931,-679.173272,-6.79173272,Uniswap V3 -> SushiSwap V2,9320.826728,-679.173272,-6.79173272,False
26012000,2026-09-19 13:56:35+00:00,100.0,2635.8667901521762,2637.968771503085,2.101981350908597,2.101981350908597,0.07974535582609027,Uniswap V3,SushiSwap V2,-0.498849,-0.498849,-0.340112,-0.340112,Uniswap V3 -> SushiSwap V2,99.659888,-0.340112,-0.340112,False
26012000,2026-09-19 13:56:35+00:00,500.0,2635.8667901521762,2637.968771503085,2.101981350908597,2.101981350908597,0.07974535582609027,Uniswap V3,SushiSwap V2,-3.881302,-0.7762604,-3.090242,-0.6180484,Uniswap V3 -> SushiSwap V2,496.909758,-3.090242,-0.6180484,False
26012000,2026-09-19 13:56:35+00:00,1000.0,2635.8667901521762,2637.968771503085,2.101981350908597,2.101981350908597,0.07974535582609027,Uniswap V3,SushiSwap V2,-11.208575,-1.1208575,-9.632974,-0.9632974,Uniswap V3 -> SushiSwap V2,990.367026,-9.632974,-0.9632974,False
26012000,2026-09-19 13:56:35+00:00,5000.0,2635.8667901521762,2637.968771503085,2.101981350908597,2.101981350908597,0.07974535582609027,Uniswap V3,SushiSwap V2,-189.689828,-3.79379656,-182.063492,-3.64126984,Uniswap V3 -> SushiSwap V2,4817.936508,-182.063492,-3.64126984,False
26012000,2026-09-19 13:56:35+00:00,10000.0,2635.8667901521762,2637.968771503085,2.101981350908597,2.101981350908597,0.07974535582609027,Uniswap V3,SushiSwap V2,-693.83931,-6.9383931,-679.173272,-6.79173272,Uniswap V3 -> SushiSwap V2,9320.826728,-679.173272,-6.79173272,False
26012001,2026-09-19 13:56:47+00:00,100.0,2635.86752293688,2637.968771503085,2.1012485662047347,2.1012485662047347,0.07971753314307413,Uniswap V3,SushiSwap V2,-0.498821,-0.498821,-0.340139,-0.340139,Uniswap V3 -> SushiSwap V2,99.659861,-0.340139,-0.340139,False
26012001,2026-09-19 13:56:47+00:00,500.0,2635.86752293688,2637.968771503085,2.1012485662047347,2.1012485662047347,0.07971753314307413,Uniswap V3,SushiSwap V2,-3.881165,-0.776233,-3.09038,-0.618076,Uniswap V3 -> SushiSwap V2,496.90962,-3.09038,-0.618076,False
26012001,2026-09-19 13:56:47+00:00,1000.0,2635.86752293688,2637.968771503085,2.1012485662047347,2.1012485662047347,0.07971753314307413,Uniswap V3,SushiSwap V2,-11.2083,-1.12083,-9.633248,-0.9633248,Uniswap V3 -> SushiSwap V2,990.366752,-9.633248,-0.9633248,False
26012001,2026-09-19 13:56:47+00:00,5000.0,2635.86752293688,2637.968771503085,2.1012485662047347,2.1012485662047347,0.07971753314307413,Uniswap V3,SushiSwap V2,-189.688491,-3.79376982,-182.064786,-3.64129572,Uniswap V3 -> SushiSwap V2,4817.935214,-182.064786,-3.64129572,False
26012001,2026-09-19 13:56:47+00:00,10000.0,2635.86752293688,2637.968771503085,2.1012485662047347,2.1012485662047347,0.07971753314307413,Uniswap V3,SushiSwap V2,-693.836723,-6.93836723,-679.175694,-6.79175694,Uniswap V3 -> SushiSwap V2,9320.824306,-679.175694,-6.79175694,False
26012002,2026-09-19 13:56:59+00:00,100.0,2635.86752117939,2637.968771503085,2.1012503236947504,2.1012503236947504,0.07971759987218816,Uniswap V3,SushiSwap V2,-0.498821,-0.498821,-0.340139,-0.340139,Uniswap V3 -> SushiSwap V2,99.659861,-0.340139,-0.340139,False
26012002,2026-09-19 13:56:59+00:00,500.0,2635.86752117939,2637.968771503085,2.1012503236947504,2.1012503236947504,0.07971759987218816,Uniswap V3,SushiSwap V2,-3.881165,-0.776233,-3.090379,-0.6180758,Uniswap V3 -> SushiSwap V2,496.909621,-3.090379,-0.6180758,False
26012002,2026-09-19 13:56:59+00:00,1000.0,2635.86752117939,2637.968771503085,2.1012503236947504,2.1012503236947504,0.07971759987218816,Uniswap V3,SushiSwap V2,-11.208301,-1.1208301,-9.633247,-0.9633247,Uniswap V3 -> SushiSwap V2,990.366753,-9.633247,-0.9633247,False
26012002,2026-09-19 13:56:59+00:00,5000.0,2635.86752117939,2637.968771503085,2.1012503236947504,2.1012503236947504,0.07971759987218816,Uniswap V3,SushiSwap V2,-189.688494,-3.79376988,-182.064783,-3.64129566,Uniswap V3 -> SushiSwap V2,4817.935217,-182.064783,-3.64129566,False
26012002,2026-09-19 13:56:59+00:00,10000.0,2635.86752117939,2637.968771503085,2.1012503236947504,2.1012503236947504,0.07971759987218816,Uniswap V3,SushiSwap V2,-693.836729,-6.93836729,-679.175687,-6.79175687,Uniswap V3 -> SushiSwap V2,9320.824313,-679.175687,-6.79175687,False
26012003,2026-09-19 13:57:11+00:00,100.0,2636.27313549416,2637.968771503085,1.6956360089249511,1.6956360089249511,0.06431943587693201,Uniswap V3,SushiSwap V2,-0.48351,-0.48351,-0.355462,-0.355462,Uniswap V3 -> SushiSwap V2,99.644538,-0.355462,-0.355462,False
26012003,2026-09-19 13:57:11+00:00,500.0,2636.27313549416,2637.968771503085,1.6956360089249511,1.6956360089249511,0.06431943587693201,Uniswap V3,SushiSwap V2,-3.804821,-0.7609642,-3.166567,-0.6333134,Uniswap V3 -> SushiSwap V2,496.833433,-3.166567,-0.6333134,False
26012003,2026-09-19 13:57:11+00:00,1000.0,2636.27313549416,2637.968771503085,1.6956360089249511,1.6956360089249511,0.06431943587693201,Uniswap V3,SushiSwap V2,-11.056143,-1.1056143,-9.784566,-0.9784566,Uniswap V3 -> SushiSwap V2,990.215434,-9.784566,-0.9784566,False
26012003,2026-09-19 13:57:11+00:00,5000.0,2636.27313549416,2637.968771503085,1.6956360089249511,1.6956360089249511,0.06431943587693201,Uniswap V3,SushiSwap V2,-188.948276,-3.77896552,-182.781017,-3.65562034,Uniswap V3 -> SushiSwap V2,4817.218983,-182.781017,-3.65562034,False
26012003,2026-09-19 13:57:11+00:00,10000.0,2636.27313549416,2637.968771503085,1.6956360089249511,1.6956360089249511,0.06431943587693201,Uniswap V3,SushiSwap V2,-692.40469,-6.9240469,-680.516038,-6.80516038,Uniswap V3 -> SushiSwap V2,9319.483962,-680.516038,-6.80516038,False
26012004,2026-09-19 13:57:23+00:00,100.0,2637.0009897564523,2637.968771503085,0.9677817466325181,0.9677817466325181,0.03670009038266991,Uniswap V3,SushiSwap V2,-0.456034,-0.456034,-0.382946,-0.382946,Uniswap V3 -> SushiSwap V2,99.617054,-0.382946,-0.382946,False
26012004,2026-09-19 13:57:23+00:00,500.0,2637.0009897564523,2637.968771503085,0.9677817466325181,0.9677817466325181,0.03670009038266991,Uniswap V3,SushiSwap V2,-3.667825,-0.733565,-3.303223,-0.6606446,Uniswap V3 -> SushiSwap V2,496.696777,-3.303223,-0.6606446,False
26012004,2026-09-19 13:57:23+00:00,1000.0,2637.0009897564523,2637.968771503085,0.9677817466325181,0.9677817466325181,0.03670009038266991,Uniswap V3,SushiSwap V2,-10.783104,-1.0783104,-10.055983,-1.0055983,Uniswap V3 -> SushiSwap V2,989.944017,-10.055983,-1.0055983,False
26012004,2026-09-19 13:57:23+00:00,5000.0,2637.0009897564523,2637.968771503085,0.9677817466325181,0.9677817466325181,0.03670009038266991,Uniswap V3,SushiSwap V2,-187.619996,-3.75239992,-184.065738,-3.68131476,Uniswap V3 -> SushiSwap V2,4815.934262,-184.065738,-3.68131476,False
26012004,2026-09-19 13:57:23+00:00,10000.0,2637.0009897564523,2637.968771503085,0.9677817466325181,0.9677817466325181,0.03670009038266991,Uniswap V3,SushiSwap V2,-689.834989,-6.89834989,-682.920279,-6.82920279,Uniswap V3 -> SushiSwap V2,9317.079721,-682.920279,-6.82920279,False
26012005,2026-09-19 13:57:35+00:00,100.0,2637.0009897564523,2637.968771503085,0.9677817466325181,0.9677817466325181,0.03670009038266991,Uniswap V3,SushiSwap V2,-0.456034,-0.456034,-0.382946,-0.382946,Uniswap V3 -> SushiSwap V2,99.617054,-0.382946,-0.382946,False
26012005,2026-09-19 13:57:35+00:00,500.0,2637.0009897564523,2637.968771503085,0.9677817466325181,0.9677817466325181,0.03670009038266991,Uniswap V3,SushiSwap V2,-3.667825,-0.733565,-3.303223,-0.6606446,Uniswap V3 -> SushiSwap V2,496.696777,-3.303223,-0.6606446,False
26012005,2026-09-19 13:57:35+00:00,1000.0,2637.0009897564523,2637.968771503085,0.9677817466325181,0.9677817466325181,0.03670009038266991,Uniswap V3,SushiSwap V2,-10.783104,-1.0783104,-10.055983,-1.0055983,Uniswap V3 -> SushiSwap V2,989.944017,-10.055983,-1.0055983,False
26012005,2026-09-19 13:57:35+00:00,5000.0,2637.0009897564523,2637.968771503085,0.9677817466325181,0.9677817466325181,0.03670009038266991,Uniswap V3,SushiSwap V2,-187.619996,-3.75239992,-184.065738,-3.68131476,Uniswap V3 -> SushiSwap V2,4815.934262,-184.065738,-3.68131476,False
26012005,2026-09-19 13:57:35+00:00,10000.0,2637.0009897564523,2637.968771503085,0.9677817466325181,0.9677817466325181,0.03670009038266991,Uniswap V3,SushiSwap V2,-689.834989,-6.89834989,-682.920279,-6.82920279,Uniswap V3 -> SushiSwap V2,9317.079721,-682.920279,-6.82920279,False
26012006,2026-09-19 13:57:47+00:00,100.0,2637.0009897564523,2637.968771503085,0.9677817466325181,0.9677817466325181,0.03670009038266991,Uniswap V3,SushiSwap V2,-0.456034,-0.456034,-0.382946,-0.382946,Uniswap V3 -> SushiSwap V2,99.617054,-0.382946,-0.382946,False
26012006,2026-09-19 13:57:47+00:00,500.0,2637.0009897564523,2637.968771503085,0.9677817466325181,0.9677817466325181,0.03670009038266991,Uniswap V3,SushiSwap V2,-3.667825,-0.733565,-3.303223,-0.6606446,Uniswap V3 -> SushiSwap V2,496.696777,-3.303223,-0.6606446,False
26012006,2026-09-19 13:57:47+00:00,1000.0,2637.0009897564523,2637.968771503085,0.9677817466325181,0.9677817466325181,0.03670009038266991,Uniswap V3,SushiSwap V2,-10.783104,-1.0783104,-10.055983,-1.0055983,Uniswap V3 -> SushiSwap V2,989.944017,-10.055983,-1.0055983,False
26012006,2026-09-19 13:57:47+00:00,5000.0,2637.0009897564523,2637.968771503085,0.9677817466325181,0.9677817466325181,0.03670009038266991,Uniswap V3,SushiSwap V2,-187.619996,-3.75239992,-184.065738,-3.68131476,Uniswap V3 -> SushiSwap V2,4815.934262,-184.065738,-3.68131476,False
26012006,2026-09-19 13:57:47+00:00,10000.0,2637.0009897564523,2637.968771503085,0.9677817466325181,0.9677817466325181,0.03670009038266991,Uniswap V3,SushiSwap V2,-689.834989,-6.89834989,-682.920279,-6.82920279,Uniswap V3 -> SushiSwap V2,9317.079721,-682.920279,-6.82920279,False
26012007,2026-09-19 13:57:59+00:00,100.0,2637.0009897564523,2637.968771503085,0.9677817466325181,0.9677817466325181,0.03670009038266991,Uniswap V3,SushiSwap V2,-0.456034,-0.456034,-0.382946,-0.382946,Uniswap V3 -> SushiSwap V2,99.617054,-0.382946,-0.382946,False
26012007,2026-09-19 13:57:59+00:00,500.0,2637.0009897564523,2637.968771503085,0.9677817466325181,0.9677817466325181,0.03670009038266991,Uniswap V3,SushiSwap V2,-3.667825,-0.733565,-3.303223,-0.6606446,Uniswap V3 -> SushiSwap V2,496.696777,-3.303223,-0.6606446,False
26012007,2026-09-19 13:57:59+00:00,1000.0,2637.0009897564523,2637.968771503085,0.9677817466325181,0.9677817466325181,0.03670009038266991,Uniswap V3,SushiSwap V2,-10.783104,-1.0783104,-10.055983,-1.0055983,Uniswap V3 -> SushiSwap V2,989.944017,-10.055983,-1.0055983,False
26012007,2026-09-19 13:57:59+00:00,5000.0,2637.0009897564523,2637.968771503085,0.9677817466325181,0.9677817466325181,0.03670009038266991,Uniswap V3,SushiSwap V2,-187.619996,-3.75239992,-184.065738,-3.68131476,Uniswap V3 -> SushiSwap V2,4815.934262,-184.065738,-3.68131476,False
26012007,2026-09-19 13:57:59+00:00,10000.0,2637.0009897564523,2637.968771503085,0.9677817466325181,0.9677817466325181,0.03670009038266991,Uniswap V3,SushiSwap V2,-689.834989,-6.89834989,-682.920279,-6.82920279,Uniswap V3 -> SushiSwap V2,9317.079721,-682.920279,-6.82920279,False
26012008,2026-09-19 13:58:11+00:00,100.0,2637.362562183699,2637.968771503085,0.6062093193859449,0.6062093193859449,0.022985437348591622,Uniswap V3,SushiSwap V2,-0.442385,-0.442385,-0.396594,-0.396594,Uniswap V3 -> SushiSwap V2,99.603406,-0.396594,-0.396594,False
26012008,2026-09-19 13:58:11+00:00,500.0,2637.362562183699,2637.968771503085,0.6062093193859449,0.6062093193859449,0.022985437348591622,Uniswap V3,SushiSwap V2,-3.599771,-0.7199542,-3.371081,-0.6742162,Uniswap V3 -> SushiSwap V2,496.628919,-3.371081,-0.6742162,False
26012008,2026-09-19 13:58:11+00:00,1000.0,2637.362562183699,2637.968771503085,0.6062093193859449,0.6062093193859449,0.022985437348591622,Uniswap V3,SushiSwap V2,-10.647468,-1.0647468,-10.190759,-1.0190759,Uniswap V3 -> SushiSwap V2,989.809241,-10.190759,-1.0190759,False
26012008,2026-09-19 13:58:11+00:00,5000.0,2637.362562183699,2637.968771503085,0.6062093193859449,0.6062093193859449,0.022985437348591622,Uniswap V3,SushiSwap V2,-186.960154,-3.73920308,-184.703687,-3.69407374,Uniswap V3 -> SushiSwap V2,4815.296313,-184.703687,-3.69407374,False
26012008,2026-09-19 13:58:11+00:00,10000.0,2637.362562183699,2637.968771503085,0.6062093193859449,0.6062093193859449,0.022985437348591622,Uniswap V3,SushiSwap V2,-688.558452,-6.88558452,-684.114161,-6.84114161,Uniswap V3 -> SushiSwap V2,9315.885839,-684.114161,-6.84114161,False
26012009,2026-09-19 13:58:23+00:00,100.0,2637.5306859160005,2637.968771503085,0.43808558708468875,0.43808558708468875,0.01660968683412849,Uniswap V3,SushiSwap V2,-0.436039,-0.436039,-0.402938,-0.402938,Uniswap V3 -> SushiSwap V2,99.597062,-0.402938,-0.402938,False
26012009,2026-09-19 13:58:23+00:00,500.0,2637.5306859160005,2637.968771503085,0.43808558708468875,0.43808558708468875,0.01660968683412849,Uniswap V3,SushiSwap V2,-3.568127,-0.7136254,-3.402627,-0.6805254,Uniswap V3 -> SushiSwap V2,496.597373,-3.402627,-0.6805254,False
26012009,2026-09-19 13:58:23+00:00,1000.0,2637.5306859160005,2637.968771503085,0.43808558708468875,0.43808558708468875,0.01660968683412849,Uniswap V3,SushiSwap V2,-10.5844,-1.05844,-10.253414,-1.0253414,Uniswap V3 -> SushiSwap V2,989.746586,-10.253414,-1.0253414,False
26012009,2026-09-19 13:58:23+00:00,5000.0,2637.5306859160005,2637.968771503085,0.43808558708468875,0.43808558708468875,0.01660968683412849,Uniswap V3,SushiSwap V2,-186.653341,-3.73306682,-185.000262,-3.70000524,Uniswap V3 -> SushiSwap V2,4814.999738,-185.000262,-3.70000524,False
26012009,2026-09-19 13:58:23+00:00,10000.0,2637.5306859160005,2637.968771503085,0.43808558708468875,0.43808558708468875,0.01660968683412849,Uniswap V3,SushiSwap V2,-687.964888,-6.87964888,-684.669187,-6.84669187,Uniswap V3 -> SushiSwap V2,9315.330813,-684.669187,-6.84669187,False
26012010,2026-09-19 13:58:35+00:00,100.0,2637.522877559251,2637.968771503085,0.44589394383401953,0.44589394383401953,0.01690578487973713,Uniswap V3,SushiSwap V2,-0.436334,-0.436334,-0.402644,-0.402644,Uniswap V3 -> SushiSwap V2,99.597356,-0.402644,-0.402644,False
26012010,2026-09-19 13:58:35+00:00,500.0,2637.522877559251,2637.968771503085,0.44589394383401953,0.44589394383401953,0.01690578487973713,Uniswap V3,SushiSwap V2,-3.569597,-0.7139194,-3.401162,-0.6802324,Uniswap V3 -> SushiSwap V2,496.598838,-3.401162,-0.6802324,False
26012010,2026-09-19 13:58:35+00:00,1000.0,2637.522877559251,2637.968771503085,0.44589394383401953,0.44589394383401953,0.01690578487973713,Uniswap V3,SushiSwap V2,-10.587329,-1.0587329,-10.250504,-1.0250504,Uniswap V3 -> SushiSwap V2,989.749496,-10.250504,-1.0250504,False
26012010,2026-09-19 13:58:35+00:00,5000.0,2637.522877559251,2637.968771503085,0.44589394383401953,0.44589394383401953,0.01690578487973713,Uniswap V3,SushiSwap V2,-186.66759,-3.7333518,-184.986489,-3.69972978,Uniswap V3 -> SushiSwap V2,4815.013511,-184.986489,-3.69972978,False
26012010,2026-09-19 13:58:35+00:00,10000.0,2637.522877559251,2637.968771503085,0.44589394383401953,0.44589394383401953,0.01690578487973713,Uniswap V3,SushiSwap V2,-687.992456,-6.87992456,-684.643411,-6.84643411,Uniswap V3 -> SushiSwap V2,9315.356589,-684.643411,-6.84643411,False
26012011,2026-09-19 13:58:47+00:00,100.0,2637.522877559251,2637.968771503085,0.44589394383401953,0.44589394383401953,0.01690578487973713,Uniswap V3,SushiSwap V2,-0.436334,-0.436334,-0.402644,-0.402644,Uniswap V3 -> SushiSwap V2,99.597356,-0.402644,-0.402644,False
26012011,2026-09-19 13:58:47+00:00,500.0,2637.522877559251,2637.968771503085,0.44589394383401953,0.44589394383401953,0.01690578487973713,Uniswap V3,SushiSwap V2,-3.569597,-0.7139194,-3.401162,-0.6802324,Uniswap V3 -> SushiSwap V2,496.598838,-3.401162,-0.6802324,False
26012011,2026-09-19 13:58:47+00:00,1000.0,2637.522877559251,2637.968771503085,0.44589394383401953,0.44589394383401953,0.01690578487973713,Uniswap V3,SushiSwap V2,-10.587329,-1.0587329,-10.250504,-1.0250504,Uniswap V3 -> SushiSwap V2,989.749496,-10.250504,-1.0250504,False
26012011,2026-09-19 13:58:47+00:00,5000.0,2637.522877559251,2637.968771503085,0.44589394383401953,0.44589394383401953,0.01690578487973713,Uniswap V3,SushiSwap V2,-186.66759,-3.7333518,-184.986489,-3.69972978,Uniswap V3 -> SushiSwap V2,4815.013511,-184.986489,-3.69972978,False
26012011,2026-09-19 13:58:47+00:00,10000.0,2637.522877559251,2637.968771503085,0.44589394383401953,0.44589394383401953,0.01690578487973713,Uniswap V3,SushiSwap V2,-687.992456,-6.87992456,-684.643411,-6.84643411,Uniswap V3 -> SushiSwap V2,9315.356589,-684.643411,-6.84643411,False
26012012,2026-09-19 13:58:59+00:00,100.0,2637.522877559251,2637.968771503085,0.44589394383401953,0.44589394383401953,0.01690578487973713,Uniswap V3,SushiSwap V2,-0.436334,-0.436334,-0.402644,-0.402644,Uniswap V3 -> SushiSwap V2,99.597356,-0.402644,-0.402644,False
26012012,2026-09-19 13:58:59+00:00,500.0,2637.522877559251,2637.968771503085,0.44589394383401953,0.44589394383401953,0.01690578487973713,Uniswap V3,SushiSwap V2,-3.569597,-0.7139194,-3.401162,-0.6802324,Uniswap V3 -> SushiSwap V2,496.598838,-3.401162,-0.6802324,False
26012012,2026-09-19 13:58:59+00:00,1000.0,2637.522877559251,2637.968771503085,0.44589394383401953,0.44589394383401953,0.01690578487973713,Uniswap V3,SushiSwap V2,-10.587329,-1.0587329,-10.250504,-1.0250504,Uniswap V3 -> SushiSwap V2,989.749496,-10.250504,-1.0250504,False
26012012,2026-09-19 13:58:59+00:00,5000.0,2637.522877559251,2637.968771503085,0.44589394383401953,0.44589394383401953,0.01690578487973713,Uniswap V3,SushiSwap V2,-186.66759,-3.7333518,-184.986489,-3.69972978,Uniswap V3 -> SushiSwap V2,4815.013511,-184.986489,-3.69972978,False
26012012,2026-09-19 13:58:59+00:00,10000.0,2637.522877559251,2637.968771503085,0.44589394383401953,0.44589394383401953,0.01690578487973713,Uniswap V3,SushiSwap V2,-687.992456,-6.87992456,-684.643411,-6.84643411,Uniswap V3 -> SushiSwap V2,9315.356589,-684.643411,-6.84643411,False
26012013,2026-09-19 13:59:11+00:00,100.0,2637.522877559251,2637.968771503085,0.44589394383401953,0.44589394383401953,0.01690578487973713,Uniswap V3,SushiSwap V2,-0.436334,-0.436334,-0.402644,-0.402644,Uniswap V3 -> SushiSwap V2,99.597356,-0.402644,-0.402644,False
26012013,2026-09-19 13:59:11+00:00,500.0,2637.522877559251,2637.968771503085,0.44589394383401953,0.44589394383401953,0.01690578487973713,Uniswap V3,SushiSwap V2,-3.569597,-0.7139194,-3.401162,-0.6802324,Uniswap V3 -> SushiSwap V2,496.598838,-3.401162,-0.6802324,False
26012013,2026-09-19 13:59:11+00:00,1000.0,2637.522877559251,2637.968771503085,0.44589394383401953,0.44589394383401953,0.01690578487973713,Uniswap V3,SushiSwap V2,-10.587329,-1.0587329,-10.250504,-1.0250504,Uniswap V3 -> SushiSwap V2,989.749496,-10.250504,-1.0250504,False
26012013,2026-09-19 13:59:11+00:00,5000.0,2637.522877559251,2637.968771503085,0.44589394383401953,0.44589394383401953,0.01690578487973713,Uniswap V3,SushiSwap V2,-186.66759,-3.7333518,-184.986489,-3.69972978,Uniswap V3 -> SushiSwap V2,4815.013511,-184.986489,-3.69972978,False
26012013,2026-09-19 13:59:11+00:00,10000.0,2637.522877559251,2637.968771503085,0.44589394383401953,0.44589394383401953,0.01690578487973713,Uniswap V3,SushiSwap V2,-687.992456,-6.87992456,-684.643411,-6.84643411,Uniswap V3 -> SushiSwap V2,9315.356589,-684.643411,-6.84643411,False
26012014,2026-09-19 13:59:23+00:00,100.0,2637.6069450178215,2637.968771503085,0.36182648526355504,0.36182648526355504,0.013717983490565548,Uniswap V3,SushiSwap V2,-0.43316,-0.43316,-0.405816,-0.405816,Uniswap V3 -> SushiSwap V2,99.594184,-0.405816,-0.405816,False
26012014,2026-09-19 13:59:23+00:00,500.0,2637.6069450178215,2637.968771503085,0.36182648526355504,0.36182648526355504,0.013717983490565548,Uniswap V3,SushiSwap V2,-3.553774,-0.7107548,-3.416935,-0.683387,Uniswap V3 -> SushiSwap V2,496.583065,-3.416935,-0.683387,False
26012014,2026-09-19 13:59:23+00:00,1000.0,2637.6069450178215,2637.968771503085,0.36182648526355504,0.36182648526355504,0.013717983490565548,Uniswap V3,SushiSwap V2,-10.555793,-1.0555793,-10.281831,-1.0281831,Uniswap V3 -> SushiSwap V2,989.718169,-10.281831,-1.0281831,False
26012014,2026-09-19 13:59:23+00:00,5000.0,2637.6069450178215,2637.968771503085,0.36182648526355504,0.36182648526355504,0.013717983490565548,Uniswap V3,SushiSwap V2,-186.514173,-3.73028346,-185.134774,-3.70269548,Uniswap V3 -> SushiSwap V2,4814.865226,-185.134774,-3.70269548,False
26012014,2026-09-19 13:59:23+00:00,10000.0,2637.6069450178215,2637.968771503085,0.36182648526355504,0.36182648526355504,0.013717983490565548,Uniswap V3,SushiSwap V2,-687.695654,-6.87695654,-684.920919,-6.84920919,Uniswap V3 -> SushiSwap V2,9315.079081,-684.920919,-6.84920919,False
26012015,2026-09-19 13:59:35+00:00,100.0,2637.6069450178215,2637.968771503085,0.36182648526355504,0.36182648526355504,0.013717983490565548,Uniswap V3,SushiSwap V2,-0.43316,-0.43316,-0.405816,-0.405816,Uniswap V3 -> SushiSwap V2,99.594184,-0.405816,-0.405816,False
26012015,2026-09-19 13:59:35+00:00,500.0,2637.6069450178215,2637.968771503085,0.36182648526355504,0.36182648526355504,0.013717983490565548,Uniswap V3,SushiSwap V2,-3.553774,-0.7107548,-3.416935,-0.683387,Uniswap V3 -> SushiSwap V2,496.583065,-3.416935,-0.683387,False
26012015,2026-09-19 13:59:35+00:00,1000.0,2637.6069450178215,2637.968771503085,0.36182648526355504,0.36182648526355504,0.013717983490565548,Uniswap V3,SushiSwap V2,-10.555793,-1.0555793,-10.281831,-1.0281831,Uniswap V3 -> SushiSwap V2,989.718169,-10.281831,-1.0281831,False
26012015,2026-09-19 13:59:35+00:00,5000.0,2637.6069450178215,2637.968771503085,0.36182648526355504,0.36182648526355504,0.013717983490565548,Uniswap V3,SushiSwap V2,-186.514173,-3.73028346,-185.134774,-3.70269548,Uniswap V3 -> SushiSwap V2,4814.865226,-185.134774,-3.70269548,False
26012015,2026-09-19 13:59:35+00:00,10000.0,2637.6069450178215,2637.968771503085,0.36182648526355504,0.36182648526355504,0.013717983490565548,Uniswap V3,SushiSwap V2,-687.695654,-6.87695654,-684.920918,-6.84920918,Uniswap V3 -> SushiSwap V2,9315.079082,-684.920918,-6.84920918,False
26012016,2026-09-19 13:59:47+00:00,100.0,2637.6069450178215,2637.968771503085,0.36182648526355504,0.36182648526355504,0.013717983490565548,Uniswap V3,SushiSwap V2,-0.43316,-0.43316,-0.405816,-0.405816,Uniswap V3 -> SushiSwap V2,99.594184,-0.405816,-0.405816,False
26012016,2026-09-19 13:59:47+00:00,500.0,2637.6069450178215,2637.968771503085,0.36182648526355504,0.36182648526355504,0.013717983490565548,Uniswap V3,SushiSwap V2,-3.553774,-0.7107548,-3.416935,-0.683387,Uniswap V3 -> SushiSwap V2,496.583065,-3.416935,-0.683387,False
26012016,2026-09-19 13:59:47+00:00,1000.0,2637.6069450178215,2637.968771503085,0.36182648526355504,0.36182648526355504,0.013717983490565548,Uniswap V3,SushiSwap V2,-10.555793,-1.0555793,-10.281831,-1.0281831,Uniswap V3 -> SushiSwap V2,989.718169,-10.281831,-1.0281831,False
26012016,2026-09-19 13:59:47+00:00,5000.0,2637.6069450178215,2637.968771503085,0.36182648526355504,0.36182648526355504,0.013717983490565548,Uniswap V3,SushiSwap V2,-186.514173,-3.73028346,-185.134774,-3.70269548,Uniswap V3 -> SushiSwap V2,4814.865226,-185.134774,-3.70269548,False
26012016,2026-09-19 13:59:47+00:00,10000.0,2637.6069450178215,2637.968771503085,0.36182648526355504,0.36182648526355504,0.013717983490565548,Uniswap V3,SushiSwap V2,-687.695654,-6.87695654,-684.920918,-6.84920918,Uniswap V3 -> SushiSwap V2,9315.079082,-684.920918,-6.84920918,False
26012017,2026-09-19 13:59:59+00:00,100.0,2637.6069450178215,2637.968771503085,0.36182648526355504,0.36182648526355504,0.013717983490565548,Uniswap V3,SushiSwap V2,-0.43316,-0.43316,-0.405816,-0.405816,Uniswap V3 -> SushiSwap V2,99.594184,-0.405816,-0.405816,False
26012017,2026-09-19 13:59:59+00:00,500.0,2637.6069450178215,2637.968771503085,0.36182648526355504,0.36182648526355504,0.013717983490565548,Uniswap V3,SushiSwap V2,-3.553774,-0.7107548,-3.416935,-0.683387,Uniswap V3 -> SushiSwap V2,496.583065,-3.416935,-0.683387,False
26012017,2026-09-19 13:59:59+00:00,1000.0,2637.6069450178215,2637.968771503085,0.36182648526355504,0.36182648526355504,0.013717983490565548,Uniswap V3,SushiSwap V2,-10.555793,-1.0555793,-10.281831,-1.0281831,Uniswap V3 -> SushiSwap V2,989.718169,-10.281831,-1.0281831,False
26012017,2026-09-19 13:59:59+00:00,5000.0,2637.6069450178215,2637.968771503085,0.36182648526355504,0.36182648526355504,0.013717983490565548,Uniswap V3,SushiSwap V2,-186.514173,-3.73028346,-185.134774,-3.70269548,Uniswap V3 -> SushiSwap V2,4814.865226,-185.134774,-3.70269548,False
26012017,2026-09-19 13:59:59+00:00,10000.0,2637.6069450178215,2637.968771503085,0.36182648526355504,0.36182648526355504,0.013717983490565548,Uniswap V3,SushiSwap V2,-687.695654,-6.87695654,-684.920918,-6.84920918,Uniswap V3 -> SushiSwap V2,9315.079082,-684.920918,-6.84920918,False
26012018,2026-09-19 14:00:11+00:00,100.0,2637.6069432594436,2637.968771503085,0.36182824364138,0.36182824364138,0.013718050165361179,Uniswap V3,SushiSwap V2,-0.43316,-0.43316,-0.405816,-0.405816,Uniswap V3 -> SushiSwap V2,99.594184,-0.405816,-0.405816,False
26012018,2026-09-19 14:00:11+00:00,500.0,2637.6069432594436,2637.968771503085,0.36182824364138,0.36182824364138,0.013718050165361179,Uniswap V3,SushiSwap V2,-3.553774,-0.7107548,-3.416935,-0.683387,Uniswap V3 -> SushiSwap V2,496.583065,-3.416935,-0.683387,False
26012018,2026-09-19 14:00:11+00:00,1000.0,2637.6069432594436,2637.968771503085,0.36182824364138,0.36182824364138,0.013718050165361179,Uniswap V3,SushiSwap V2,-10.555794,-1.0555794,-10.281831,-1.0281831,Uniswap V3 -> SushiSwap V2,989.718169,-10.281831,-1.0281831,False
26012018,2026-09-19 14:00:11+00:00,5000.0,2637.6069432594436,2637.968771503085,0.36182824364138,0.36182824364138,0.013718050165361179,Uniswap V3,SushiSwap V2,-186.514176,-3.73028352,-185.134771,-3.70269542,Uniswap V3 -> SushiSwap V2,4814.865229,-185.134771,-3.70269542,False
26012018,2026-09-19 14:00:11+00:00,10000.0,2637.6069432594436,2637.968771503085,0.36182824364138,0.36182824364138,0.013718050165361179,Uniswap V3,SushiSwap V2,-687.69566,-6.8769566,-684.920913,-6.84920913,Uniswap V3 -> SushiSwap V2,9315.079087,-684.920913,-6.84920913,False
26012019,2026-09-19 14:00:23+00:00,100.0,2637.6069432594436,2637.968771503085,0.36182824364138,0.36182824364138,0.013718050165361179,Uniswap V3,SushiSwap V2,-0.43316,-0.43316,-0.405816,-0.405816,Uniswap V3 -> SushiSwap V2,99.594184,-0.405816,-0.405816,False
26012019,2026-09-19 14:00:23+00:00,500.0,2637.6069432594436,2637.968771503085,0.36182824364138,0.36182824364138,0.013718050165361179,Uniswap V3,SushiSwap V2,-3.553774,-0.7107548,-3.416935,-0.683387,Uniswap V3 -> SushiSwap V2,496.583065,-3.416935,-0.683387,False
26012019,2026-09-19 14:00:23+00:00,1000.0,2637.6069432594436,2637.968771503085,0.36182824364138,0.36182824364138,0.013718050165361179,Uniswap V3,SushiSwap V2,-10.555794,-1.0555794,-10.281831,-1.0281831,Uniswap V3 -> SushiSwap V2,989.718169,-10.281831,-1.0281831,False
26012019,2026-09-19 14:00:23+00:00,5000.0,2637.6069432594436,2637.968771503085,0.36182824364138,0.36182824364138,0.013718050165361179,Uniswap V3,SushiSwap V2,-186.514176,-3.73028352,-185.134771,-3.70269542,Uniswap V3 -> SushiSwap V2,4814.865229,-185.134771,-3.70269542,False
26012019,2026-09-19 14:00:23+00:00,10000.0,2637.6069432594436,2637.968771503085,0.36182824364138,0.36182824364138,0.013718050165361179,Uniswap V3,SushiSwap V2,-687.69566,-6.8769566,-684.920913,-6.84920913,Uniswap V3 -> SushiSwap V2,9315.079087,-684.920913,-6.84920913,False
26012020,2026-09-19 14:00:35+00:00,100.0,2639.2933810006507,2637.968771503085,-1.3246094975658647,1.3246094975658647,0.0502132364823681,SushiSwap V2,Uniswap V3,-0.3695,-0.3695,-0.46941,-0.46941,SushiSwap V2 -> Uniswap V3,99.6305,-0.3695,-0.3695,False
26012020,2026-09-19 14:00:35+00:00,500.0,2639.2933810006507,2637.968771503085,-1.3246094975658647,1.3246094975658647,0.0502132364823681,SushiSwap V2,Uniswap V3,-3.236372,-0.6472744,-3.73315,-0.74663,SushiSwap V2 -> Uniswap V3,496.763628,-3.236372,-0.6472744,False
26012020,2026-09-19 14:00:35+00:00,1000.0,2639.2933810006507,2637.968771503085,-1.3246094975658647,1.3246094975658647,0.0502132364823681,SushiSwap V2,Uniswap V3,-9.923226,-0.9923226,-10.909911,-1.0909911,SushiSwap V2 -> Uniswap V3,990.076774,-9.923226,-0.9923226,False
26012020,2026-09-19 14:00:35+00:00,5000.0,2639.2933810006507,2637.968771503085,-1.3246094975658647,1.3246094975658647,0.0502132364823681,SushiSwap V2,Uniswap V3,-183.438064,-3.66876128,-188.109027,-3.76218054,SushiSwap V2 -> Uniswap V3,4816.561936,-183.438064,-3.66876128,False
26012020,2026-09-19 14:00:35+00:00,10000.0,2639.2933810006507,2637.968771503085,-1.3246094975658647,1.3246094975658647,0.0502132364823681,SushiSwap V2,Uniswap V3,-681.747317,-6.81747317,-690.490046,-6.90490046,SushiSwap V2 -> Uniswap V3,9318.252683,-681.747317,-6.81747317,False
26012021,2026-09-19 14:00:47+00:00,100.0,2639.2933809332467,2637.968771503085,-1.3246094301616316,1.3246094301616316,0.0502132339272115,SushiSwap V2,Uniswap V3,-0.3695,-0.3695,-0.46941,-0.46941,SushiSwap V2 -> Uniswap V3,99.6305,-0.3695,-0.3695,False
26012021,2026-09-19 14:00:47+00:00,500.0,2639.2933809332467,2637.968771503085,-1.3246094301616316,1.3246094301616316,0.0502132339272115,SushiSwap V2,Uniswap V3,-3.236372,-0.6472744,-3.73315,-0.74663,SushiSwap V2 -> Uniswap V3,496.763628,-3.236372,-0.6472744,False
26012021,2026-09-19 14:00:47+00:00,1000.0,2639.2933809332467,2637.968771503085,-1.3246094301616316,1.3246094301616316,0.0502132339272115,SushiSwap V2,Uniswap V3,-9.923226,-0.9923226,-10.909911,-1.0909911,SushiSwap V2 -> Uniswap V3,990.076774,-9.923226,-0.9923226,False
26012021,2026-09-19 14:00:47+00:00,5000.0,2639.2933809332467,2637.968771503085,-1.3246094301616316,1.3246094301616316,0.0502132339272115,SushiSwap V2,Uniswap V3,-183.438064,-3.66876128,-188.109027,-3.76218054,SushiSwap V2 -> Uniswap V3,4816.561936,-183.438064,-3.66876128,False
26012021,2026-09-19 14:00:47+00:00,10000.0,2639.2933809332467,2637.968771503085,-1.3246094301616316,1.3246094301616316,0.0502132339272115,SushiSwap V2,Uniswap V3,-681.747317,-6.81747317,-690.490046,-6.90490046,SushiSwap V2 -> Uniswap V3,9318.252683,-681.747317,-6.81747317,False
26012022,2026-09-19 14:00:59+00:00,100.0,2639.2682186715037,2637.968771503085,-1.2994471684187274,1.2994471684187274,0.04925938405549497,SushiSwap V2,Uniswap V3,-0.370449,-0.370449,-0.468462,-0.468462,SushiSwap V2 -> Uniswap V3,99.629551,-0.370449,-0.370449,False
26012022,2026-09-19 14:00:59+00:00,500.0,2639.2682186715037,2637.968771503085,-1.2994471684187274,1.2994471684187274,0.04925938405549497,SushiSwap V2,Uniswap V3,-3.241108,-0.6482216,-3.728435,-0.745687,SushiSwap V2 -> Uniswap V3,496.758892,-3.241108,-0.6482216,False
26012022,2026-09-19 14:00:59+00:00,1000.0,2639.2682186715037,2637.968771503085,-1.2994471684187274,1.2994471684187274,0.04925938405549497,SushiSwap V2,Uniswap V3,-9.932665,-0.9932665,-10.900547,-1.0900547,SushiSwap V2 -> Uniswap V3,990.067335,-9.932665,-0.9932665,False
26012022,2026-09-19 14:00:59+00:00,5000.0,2639.2682186715037,2637.968771503085,-1.2994471684187274,1.2994471684187274,0.04925938405549497,SushiSwap V2,Uniswap V3,-183.483984,-3.66967968,-188.0647,-3.761294,SushiSwap V2 -> Uniswap V3,4816.516016,-183.483984,-3.66967968,False
26012022,2026-09-19 14:00:59+00:00,10000.0,2639.2682186715037,2637.968771503085,-1.2994471684187274,1.2994471684187274,0.04925938405549497,SushiSwap V2,Uniswap V3,-681.836153,-6.81836153,-690.407086,-6.90407086,SushiSwap V2 -> Uniswap V3,9318.163847,-681.836153,-6.81836153,False
26012023,2026-09-19 14:01:11+00:00,100.0,2638.9562218060723,2637.968771503085,-0.9874503029873046,0.9874503029873046,0.0374322210958042,SushiSwap V2,Uniswap V3,-0.382227,-0.382227,-0.456703,-0.456703,SushiSwap V2 -> Uniswap V3,99.617773,-0.382227,-0.382227,False
26012023,2026-09-19 14:01:11+00:00,500.0,2638.9562218060723,2637.968771503085,-0.9874503029873046,0.9874503029873046,0.0374322210958042,SushiSwap V2,Uniswap V3,-3.299831,-0.6599662,-3.669966,-0.7339932,SushiSwap V2 -> Uniswap V3,496.700169,-3.299831,-0.6599662,False
26012023,2026-09-19 14:01:11+00:00,1000.0,2638.9562218060723,2637.968771503085,-0.9874503029873046,0.9874503029873046,0.0374322210958042,SushiSwap V2,Uniswap V3,-10.049704,-1.0049704,-10.784419,-1.0784419,SushiSwap V2 -> Uniswap V3,989.950296,-10.049704,-1.0049704,False
26012023,2026-09-19 14:01:11+00:00,5000.0,2638.9562218060723,2637.968771503085,-0.9874503029873046,0.9874503029873046,0.0374322210958042,SushiSwap V2,Uniswap V3,-184.053354,-3.68106708,-187.514999,-3.75029998,SushiSwap V2 -> Uniswap V3,4815.946646,-184.053354,-3.68106708,False
26012023,2026-09-19 14:01:11+00:00,10000.0,2638.9562218060723,2637.968771503085,-0.9874503029873046,0.9874503029873046,0.0374322210958042,SushiSwap V2,Uniswap V3,-682.937662,-6.82937662,-689.378308,-6.89378308,SushiSwap V2 -> Uniswap V3,9317.062338,-682.937662,-6.82937662,False
26012024,2026-09-19 14:01:23+00:00,100.0,2638.9387530044078,2637.968771503085,-0.9699815013225664,0.9699815013225664,0.03677001455820426,SushiSwap V2,Uniswap V3,-0.382886,-0.382886,-0.456044,-0.456044,SushiSwap V2 -> Uniswap V3,99.617114,-0.382886,-0.382886,False
26012024,2026-09-19 14:01:23+00:00,500.0,2638.9387530044078,2637.968771503085,-0.9699815013225664,0.9699815013225664,0.03677001455820426,SushiSwap V2,Uniswap V3,-3.303119,-0.6606238,-3.666692,-0.7333384,SushiSwap V2 -> Uniswap V3,496.696881,-3.303119,-0.6606238,False
26012024,2026-09-19 14:01:23+00:00,1000.0,2638.9387530044078,2637.968771503085,-0.9699815013225664,0.9699815013225664,0.03677001455820426,SushiSwap V2,Uniswap V3,-10.056257,-1.0056257,-10.777917,-1.0777917,SushiSwap V2 -> Uniswap V3,989.943743,-10.056257,-1.0056257,False
26012024,2026-09-19 14:01:23+00:00,5000.0,2638.9387530044078,2637.968771503085,-0.9699815013225664,0.9699815013225664,0.03677001455820426,SushiSwap V2,Uniswap V3,-184.085233,-3.68170466,-187.484217,-3.74968434,SushiSwap V2 -> Uniswap V3,4815.914767,-184.085233,-3.68170466,False
26012024,2026-09-19 14:01:23+00:00,10000.0,2638.9387530044078,2637.968771503085,-0.9699815013225664,0.9699815013225664,0.03677001455820426,SushiSwap V2,Uniswap V3,-682.999336,-6.82999336,-689.3207,-6.893207,SushiSwap V2 -> Uniswap V3,9317.000664,-682.999336,-6.82999336,False
26012025,2026-09-19 14:01:35+00:00,100.0,2638.9387530044078,2637.968771503085,-0.9699815013225664,0.9699815013225664,0.03677001455820426,SushiSwap V2,Uniswap V3,-0.382886,-0.382886,-0.456044,-0.456044,SushiSwap V2 -> Uniswap V3,99.617114,-0.382886,-0.382886,False
26012025,2026-09-19 14:01:35+00:00,500.0,2638.9387530044078,2637.968771503085,-0.9699815013225664,0.9699815013225664,0.03677001455820426,SushiSwap V2,Uniswap V3,-3.303119,-0.6606238,-3.666692,-0.7333384,SushiSwap V2 -> Uniswap V3,496.696881,-3.303119,-0.6606238,False
26012025,2026-09-19 14:01:35+00:00,1000.0,2638.9387530044078,2637.968771503085,-0.9699815013225664,0.9699815013225664,0.03677001455820426,SushiSwap V2,Uniswap V3,-10.056257,-1.0056257,-10.777917,-1.0777917,SushiSwap V2 -> Uniswap V3,989.943743,-10.056257,-1.0056257,False
26012025,2026-09-19 14:01:35+00:00,5000.0,2638.9387530044078,2637.968771503085,-0.9699815013225664,0.9699815013225664,0.03677001455820426,SushiSwap V2,Uniswap V3,-184.085233,-3.68170466,-187.484217,-3.74968434,SushiSwap V2 -> Uniswap V3,4815.914767,-184.085233,-3.68170466,False
26012025,2026-09-19 14:01:35+00:00,10000.0,2638.9387530044078,2637.968771503085,-0.9699815013225664,0.9699815013225664,0.03677001455820426,SushiSwap V2,Uniswap V3,-682.999336,-6.82999336,-689.3207,-6.893207,SushiSwap V2 -> Uniswap V3,9317.000664,-682.999336,-6.82999336,False
26012026,2026-09-19 14:01:47+00:00,100.0,2638.387503762142,2637.968771503085,-0.41873225905707334,0.41873225905707334,0.015873283398214165,SushiSwap V2,Uniswap V3,-0.403695,-0.403695,-0.43526,-0.43526,SushiSwap V2 -> Uniswap V3,99.596305,-0.403695,-0.403695,False
26012026,2026-09-19 14:01:47+00:00,500.0,2638.387503762142,2637.968771503085,-0.41873225905707334,0.41873225905707334,0.015873283398214165,SushiSwap V2,Uniswap V3,-3.406858,-0.6813716,-3.563336,-0.7126672,SushiSwap V2 -> Uniswap V3,496.593142,-3.406858,-0.6813716,False
26012026,2026-09-19 14:01:47+00:00,1000.0,2638.387503762142,2637.968771503085,-0.41873225905707334,0.41873225905707334,0.015873283398214165,SushiSwap V2,Uniswap V3,-10.262983,-1.0262983,-10.572605,-1.0572605,SushiSwap V2 -> Uniswap V3,989.737017,-10.262983,-1.0262983,False
26012026,2026-09-19 14:01:47+00:00,5000.0,2638.387503762142,2637.968771503085,-0.41873225905707334,0.41873225905707334,0.015873283398214165,SushiSwap V2,Uniswap V3,-185.089712,-3.70179424,-186.511149,-3.73022298,SushiSwap V2 -> Uniswap V3,4814.910288,-185.089712,-3.70179424,False
26012026,2026-09-19 14:01:47+00:00,10000.0,2638.387503762142,2637.968771503085,-0.41873225905707334,0.41873225905707334,0.015873283398214165,SushiSwap V2,Uniswap V3,-684.939878,-6.84939878,-687.496774,-6.87496774,SushiSwap V2 -> Uniswap V3,9315.060122,-684.939878,-6.84939878,False
26012027,2026-09-19 14:01:59+00:00,100.0,2638.3416518967124,2637.968771503085,-0.37288039362758674,0.37288039362758674,0.014135132972598597,SushiSwap V2,Uniswap V3,-0.405426,-0.405426,-0.433531,-0.433531,SushiSwap V2 -> Uniswap V3,99.594574,-0.405426,-0.405426,False
26012027,2026-09-19 14:01:59+00:00,500.0,2638.3416518967124,2637.968771503085,-0.37288039362758674,0.37288039362758674,0.014135132972598597,SushiSwap V2,Uniswap V3,-3.415488,-0.6830976,-3.554739,-0.7109478,SushiSwap V2 -> Uniswap V3,496.584512,-3.415488,-0.6830976,False
26012027,2026-09-19 14:01:59+00:00,1000.0,2638.3416518967124,2637.968771503085,-0.37288039362758674,0.37288039362758674,0.014135132972598597,SushiSwap V2,Uniswap V3,-10.280183,-1.0280183,-10.555529,-1.0555529,SushiSwap V2 -> Uniswap V3,989.719817,-10.280183,-1.0280183,False
26012027,2026-09-19 14:01:59+00:00,5000.0,2638.3416518967124,2637.968771503085,-0.37288039362758674,0.37288039362758674,0.014135132972598597,SushiSwap V2,Uniswap V3,-185.173388,-3.70346776,-186.430319,-3.72860638,SushiSwap V2 -> Uniswap V3,4814.826612,-185.173388,-3.70346776,False
26012027,2026-09-19 14:01:59+00:00,10000.0,2638.3416518967124,2637.968771503085,-0.37288039362758674,0.37288039362758674,0.014135132972598597,SushiSwap V2,Uniswap V3,-685.101759,-6.85101759,-687.345496,-6.87345496,SushiSwap V2 -> Uniswap V3,9314.898241,-685.101759,-6.85101759,False
26012028,2026-09-19 14:02:11+00:00,100.0,2638.3416501440597,2637.968771503085,-0.3728786409748024,0.3728786409748024,0.014135066533116704,SushiSwap V2,Uniswap V3,-0.405426,-0.405426,-0.433531,-0.433531,SushiSwap V2 -> Uniswap V3,99.594574,-0.405426,-0.405426,False
26012028,2026-09-19 14:02:11+00:00,500.0,2638.3416501440597,2637.968771503085,-0.3728786409748024,0.3728786409748024,0.014135066533116704,SushiSwap V2,Uniswap V3,-3.415489,-0.6830978,-3.554738,-0.7109476,SushiSwap V2 -> Uniswap V3,496.584511,-3.415489,-0.6830978,False
26012028,2026-09-19 14:02:11+00:00,1000.0,2638.3416501440597,2637.968771503085,-0.3728786409748024,0.3728786409748024,0.014135066533116704,SushiSwap V2,Uniswap V3,-10.280184,-1.0280184,-10.555528,-1.0555528,SushiSwap V2 -> Uniswap V3,989.719816,-10.280184,-1.0280184,False
26012028,2026-09-19 14:02:11+00:00,5000.0,2638.3416501440597,2637.968771503085,-0.3728786409748024,0.3728786409748024,0.014135066533116704,SushiSwap V2,Uniswap V3,-185.173391,-3.70346782,-186.430316,-3.72860632,SushiSwap V2 -> Uniswap V3,4814.826609,-185.173391,-3.70346782,False
26012028,2026-09-19 14:02:11+00:00,10000.0,2638.3416501440597,2637.968771503085,-0.3728786409748024,0.3728786409748024,0.014135066533116704,SushiSwap V2,Uniswap V3,-685.101765,-6.85101765,-687.34549,-6.8734549,SushiSwap V2 -> Uniswap V3,9314.898235,-685.101765,-6.85101765,False
26012029,2026-09-19 14:02:23+00:00,100.0,2638.3416501440597,2637.968771503085,-0.3728786409748024,0.3728786409748024,0.014135066533116704,SushiSwap V2,Uniswap V3,-0.405426,-0.405426,-0.433531,-0.433531,SushiSwap V2 -> Uniswap V3,99.594574,-0.405426,-0.405426,False
26012029,2026-09-19 14:02:23+00:00,500.0,2638.3416501440597,2637.968771503085,-0.3728786409748024,0.3728786409748024,0.014135066533116704,SushiSwap V2,Uniswap V3,-3.415489,-0.6830978,-3.554738,-0.7109476,SushiSwap V2 -> Uniswap V3,496.584511,-3.415489,-0.6830978,False
26012029,2026-09-19 14:02:23+00:00,1000.0,2638.3416501440597,2637.968771503085,-0.3728786409748024,0.3728786409748024,0.014135066533116704,SushiSwap V2,Uniswap V3,-10.280184,-1.0280184,-10.555528,-1.0555528,SushiSwap V2 -> Uniswap V3,989.719816,-10.280184,-1.0280184,False
26012029,2026-09-19 14:02:23+00:00,5000.0,2638.3416501440597,2637.968771503085,-0.3728786409748024,0.3728786409748024,0.014135066533116704,SushiSwap V2,Uniswap V3,-185.173391,-3.70346782,-186.430316,-3.72860632,SushiSwap V2 -> Uniswap V3,4814.826609,-185.173391,-3.70346782,False
26012029,2026-09-19 14:02:23+00:00,10000.0,2638.3416501440597,2637.968771503085,-0.3728786409748024,0.3728786409748024,0.014135066533116704,SushiSwap V2,Uniswap V3,-685.101765,-6.85101765,-687.34549,-6.8734549,SushiSwap V2 -> Uniswap V3,9314.898235,-685.101765,-6.85101765,False
26012030,2026-09-19 14:02:35+00:00,100.0,2638.3416501440597,2637.968771503085,-0.3728786409748024,0.3728786409748024,0.014135066533116704,SushiSwap V2,Uniswap V3,-0.405426,-0.405426,-0.433531,-0.433531,SushiSwap V2 -> Uniswap V3,99.594574,-0.405426,-0.405426,False
26012030,2026-09-19 14:02:35+00:00,500.0,2638.3416501440597,2637.968771503085,-0.3728786409748024,0.3728786409748024,0.014135066533116704,SushiSwap V2,Uniswap V3,-3.415489,-0.6830978,-3.554738,-0.7109476,SushiSwap V2 -> Uniswap V3,496.584511,-3.415489,-0.6830978,False
26012030,2026-09-19 14:02:35+00:00,1000.0,2638.3416501440597,2637.968771503085,-0.3728786409748024,0.3728786409748024,0.014135066533116704,SushiSwap V2,Uniswap V3,-10.280184,-1.0280184,-10.555528,-1.0555528,SushiSwap V2 -> Uniswap V3,989.719816,-10.280184,-1.0280184,False
26012030,2026-09-19 14:02:35+00:00,5000.0,2638.3416501440597,2637.968771503085,-0.3728786409748024,0.3728786409748024,0.014135066533116704,SushiSwap V2,Uniswap V3,-185.173391,-3.70346782,-186.430316,-3.72860632,SushiSwap V2 -> Uniswap V3,4814.826609,-185.173391,-3.70346782,False
26012030,2026-09-19 14:02:35+00:00,10000.0,2638.3416501440597,2637.968771503085,-0.3728786409748024,0.3728786409748024,0.014135066533116704,SushiSwap V2,Uniswap V3,-685.101765,-6.85101765,-687.34549,-6.8734549,SushiSwap V2 -> Uniswap V3,9314.898235,-685.101765,-6.85101765,False
26012031,2026-09-19 14:02:47+00:00,100.0,2638.343922188162,2637.968771503085,-0.37515068507717225,0.37515068507717225,0.014221195077431322,SushiSwap V2,Uniswap V3,-0.40534,-0.40534,-0.433617,-0.433617,SushiSwap V2 -> Uniswap V3,99.59466,-0.40534,-0.40534,False
26012031,2026-09-19 14:02:47+00:00,500.0,2638.343922188162,2637.968771503085,-0.37515068507717225,0.37515068507717225,0.014221195077431322,SushiSwap V2,Uniswap V3,-3.415061,-0.6830122,-3.555164,-0.7110328,SushiSwap V2 -> Uniswap V3,496.584939,-3.415061,-0.6830122,False
26012031,2026-09-19 14:02:47+00:00,1000.0,2638.343922188162,2637.968771503085,-0.37515068507717225,0.37515068507717225,0.014221195077431322,SushiSwap V2,Uniswap V3,-10.279332,-1.0279332,-10.556374,-1.0556374,SushiSwap V2 -> Uniswap V3,989.720668,-10.279332,-1.0279332,False
26012031,2026-09-19 14:02:47+00:00,5000.0,2638.343922188162,2637.968771503085,-0.37515068507717225,0.37515068507717225,0.014221195077431322,SushiSwap V2,Uniswap V3,-185.169245,-3.7033849,-186.434321,-3.72868642,SushiSwap V2 -> Uniswap V3,4814.830755,-185.169245,-3.7033849,False
26012031,2026-09-19 14:02:47+00:00,10000.0,2638.343922188162,2637.968771503085,-0.37515068507717225,0.37515068507717225,0.014221195077431322,SushiSwap V2,Uniswap V3,-685.093744,-6.85093744,-687.352986,-6.87352986,SushiSwap V2 -> Uniswap V3,9314.906256,-685.093744,-6.85093744,False
26012032,2026-09-19 14:02:59+00:00,100.0,2638.3439204295414,2637.968771503085,-0.3751489264563804,0.3751489264563804,0.014221128411714473,SushiSwap V2,Uniswap V3,-0.40534,-0.40534,-0.433616,-0.433616,SushiSwap V2 -> Uniswap V3,99.59466,-0.40534,-0.40534,False
26012032,2026-09-19 14:02:59+00:00,500.0,2638.3439204295414,2637.968771503085,-0.3751489264563804,0.3751489264563804,0.014221128411714473,SushiSwap V2,Uniswap V3,-3.415061,-0.6830122,-3.555164,-0.7110328,SushiSwap V2 -> Uniswap V3,496.584939,-3.415061,-0.6830122,False
26012032,2026-09-19 14:02:59+00:00,1000.0,2638.3439204295414,2637.968771503085,-0.3751489264563804,0.3751489264563804,0.014221128411714473,SushiSwap V2,Uniswap V3,-10.279332,-1.0279332,-10.556373,-1.0556373,SushiSwap V2 -> Uniswap V3,989.720668,-10.279332,-1.0279332,False
26012032,2026-09-19 14:02:59+00:00,5000.0,2638.3439204295414,2637.968771503085,-0.3751489264563804,0.3751489264563804,0.014221128411714473,SushiSwap V2,Uniswap V3,-185.169248,-3.70338496,-186.434318,-3.72868636,SushiSwap V2 -> Uniswap V3,4814.830752,-185.169248,-3.70338496,False
26012032,2026-09-19 14:02:59+00:00,10000.0,2638.3439204295414,2637.968771503085,-0.3751489264563804,0.3751489264563804,0.014221128411714473,SushiSwap V2,Uniswap V3,-685.09375,-6.8509375,-687.35298,-6.8735298,SushiSwap V2 -> Uniswap V3,9314.90625,-685.09375,-6.8509375,False
26012033,2026-09-19 14:03:11+00:00,100.0,2638.3439204295414,2637.968771503085,-0.3751489264563804,0.3751489264563804,0.014221128411714473,SushiSwap V2,Uniswap V3,-0.40534,-0.40534,-0.433616,-0.433616,SushiSwap V2 -> Uniswap V3,99.59466,-0.40534,-0.40534,False
26012033,2026-09-19 14:03:11+00:00,500.0,2638.3439204295414,2637.968771503085,-0.3751489264563804,0.3751489264563804,0.014221128411714473,SushiSwap V2,Uniswap V3,-3.415061,-0.6830122,-3.555164,-0.7110328,SushiSwap V2 -> Uniswap V3,496.584939,-3.415061,-0.6830122,False
26012033,2026-09-19 14:03:11+00:00,1000.0,2638.3439204295414,2637.968771503085,-0.3751489264563804,0.3751489264563804,0.014221128411714473,SushiSwap V2,Uniswap V3,-10.279332,-1.0279332,-10.556373,-1.0556373,SushiSwap V2 -> Uniswap V3,989.720668,-10.279332,-1.0279332,False
26012033,2026-09-19 14:03:11+00:00,5000.0,2638.3439204295414,2637.968771503085,-0.3751489264563804,0.3751489264563804,0.014221128411714473,SushiSwap V2,Uniswap V3,-185.169248,-3.70338496,-186.434318,-3.72868636,SushiSwap V2 -> Uniswap V3,4814.830752,-185.169248,-3.70338496,False
26012033,2026-09-19 14:03:11+00:00,10000.0,2638.3439204295414,2637.968771503085,-0.3751489264563804,0.3751489264563804,0.014221128411714473,SushiSwap V2,Uniswap V3,-685.09375,-6.8509375,-687.35298,-6.8735298,SushiSwap V2 -> Uniswap V3,9314.90625,-685.09375,-6.8509375,False
26012034,2026-09-19 14:03:23+00:00,100.0,2638.3439204295414,2637.968771503085,-0.3751489264563804,0.3751489264563804,0.014221128411714473,SushiSwap V2,Uniswap V3,-0.40534,-0.40534,-0.433616,-0.433616,SushiSwap V2 -> Uniswap V3,99.59466,-0.40534,-0.40534,False
26012034,2026-09-19 14:03:23+00:00,500.0,2638.3439204295414,2637.968771503085,-0.3751489264563804,0.3751489264563804,0.014221128411714473,SushiSwap V2,Uniswap V3,-3.415061,-0.6830122,-3.555164,-0.7110328,SushiSwap V2 -> Uniswap V3,496.584939,-3.415061,-0.6830122,False
26012034,2026-09-19 14:03:23+00:00,1000.0,2638.3439204295414,2637.968771503085,-0.3751489264563804,0.3751489264563804,0.014221128411714473,SushiSwap V2,Uniswap V3,-10.279332,-1.0279332,-10.556373,-1.0556373,SushiSwap V2 -> Uniswap V3,989.720668,-10.279332,-1.0279332,False
26012034,2026-09-19 14:03:23+00:00,5000.0,2638.3439204295414,2637.968771503085,-0.3751489264563804,0.3751489264563804,0.014221128411714473,SushiSwap V2,Uniswap V3,-185.169248,-3.70338496,-186.434318,-3.72868636,SushiSwap V2 -> Uniswap V3,4814.830752,-185.169248,-3.70338496,False
26012034,2026-09-19 14:03:23+00:00,10000.0,2638.3439204295414,2637.968771503085,-0.3751489264563804,0.3751489264563804,0.014221128411714473,SushiSwap V2,Uniswap V3,-685.09375,-6.8509375,-687.35298,-6.8735298,SushiSwap V2 -> Uniswap V3,9314.90625,-685.09375,-6.8509375,False
26012035,2026-09-19 14:03:35+00:00,100.0,2638.3301540057655,2637.968771503085,-0.36138250268063565,0.36138250268063565,0.01369927144644415,SushiSwap V2,Uniswap V3,-0.40586,-0.40586,-0.433097,-0.433097,SushiSwap V2 -> Uniswap V3,99.59414,-0.40586,-0.40586,False
26012035,2026-09-19 14:03:35+00:00,500.0,2638.3301540057655,2637.968771503085,-0.36138250268063565,0.36138250268063565,0.01369927144644415,SushiSwap V2,Uniswap V3,-3.417652,-0.6835304,-3.552583,-0.7105166,SushiSwap V2 -> Uniswap V3,496.582348,-3.417652,-0.6835304,False
26012035,2026-09-19 14:03:35+00:00,1000.0,2638.3301540057655,2637.968771503085,-0.36138250268063565,0.36138250268063565,0.01369927144644415,SushiSwap V2,Uniswap V3,-10.284497,-1.0284497,-10.551246,-1.0551246,SushiSwap V2 -> Uniswap V3,989.715503,-10.284497,-1.0284497,False
26012035,2026-09-19 14:03:35+00:00,5000.0,2638.3301540057655,2637.968771503085,-0.36138250268063565,0.36138250268063565,0.01369927144644415,SushiSwap V2,Uniswap V3,-185.194371,-3.70388742,-186.41005,-3.728201,SushiSwap V2 -> Uniswap V3,4814.805629,-185.194371,-3.70388742,False
26012035,2026-09-19 14:03:35+00:00,10000.0,2638.3301540057655,2637.968771503085,-0.36138250268063565,0.36138250268063565,0.01369927144644415,SushiSwap V2,Uniswap V3,-685.142353,-6.85142353,-687.307562,-6.87307562,SushiSwap V2 -> Uniswap V3,9314.857647,-685.142353,-6.85142353,False
26012036,2026-09-19 14:03:47+00:00,100.0,2638.3301522471534,2637.968771503085,-0.36138074406845416,0.36138074406845416,0.013699204781053699,SushiSwap V2,Uniswap V3,-0.40586,-0.40586,-0.433097,-0.433097,SushiSwap V2 -> Uniswap V3,99.59414,-0.40586,-0.40586,False
26012036,2026-09-19 14:03:47+00:00,500.0,2638.3301522471534,2637.968771503085,-0.36138074406845416,0.36138074406845416,0.013699204781053699,SushiSwap V2,Uniswap V3,-3.417653,-0.6835306,-3.552582,-0.7105164,SushiSwap V2 -> Uniswap V3,496.582347,-3.417653,-0.6835306,False
26012036,2026-09-19 14:03:47+00:00,1000.0,2638.3301522471534,2637.968771503085,-0.36138074406845416,0.36138074406845416,0.013699204781053699,SushiSwap V2,Uniswap V3,-10.284497,-1.0284497,-10.551246,-1.0551246,SushiSwap V2 -> Uniswap V3,989.715503,-10.284497,-1.0284497,False
26012036,2026-09-19 14:03:47+00:00,5000.0,2638.3301522471534,2637.968771503085,-0.36138074406845416,0.36138074406845416,0.013699204781053699,SushiSwap V2,Uniswap V3,-185.194374,-3.70388748,-186.410047,-3.72820094,SushiSwap V2 -> Uniswap V3,4814.805626,-185.194374,-3.70388748,False
26012036,2026-09-19 14:03:47+00:00,10000.0,2638.3301522471534,2637.968771503085,-0.36138074406845416,0.36138074406845416,0.013699204781053699,SushiSwap V2,Uniswap V3,-685.142359,-6.85142359,-687.307556,-6.87307556,SushiSwap V2 -> Uniswap V3,9314.857641,-685.142359,-6.85142359,False
26012037,2026-09-19 14:03:59+00:00,100.0,2638.3301522471534,2637.968771503085,-0.36138074406845416,0.36138074406845416,0.013699204781053699,SushiSwap V2,Uniswap V3,-0.40586,-0.40586,-0.433097,-0.433097,SushiSwap V2 -> Uniswap V3,99.59414,-0.40586,-0.40586,False
26012037,2026-09-19 14:03:59+00:00,500.0,2638.3301522471534,2637.968771503085,-0.36138074406845416,0.36138074406845416,0.013699204781053699,SushiSwap V2,Uniswap V3,-3.417653,-0.6835306,-3.552582,-0.7105164,SushiSwap V2 -> Uniswap V3,496.582347,-3.417653,-0.6835306,False
26012037,2026-09-19 14:03:59+00:00,1000.0,2638.3301522471534,2637.968771503085,-0.36138074406845416,0.36138074406845416,0.013699204781053699,SushiSwap V2,Uniswap V3,-10.284497,-1.0284497,-10.551246,-1.0551246,SushiSwap V2 -> Uniswap V3,989.715503,-10.284497,-1.0284497,False
26012037,2026-09-19 14:03:59+00:00,5000.0,2638.3301522471534,2637.968771503085,-0.36138074406845416,0.36138074406845416,0.013699204781053699,SushiSwap V2,Uniswap V3,-185.194374,-3.70388748,-186.410047,-3.72820094,SushiSwap V2 -> Uniswap V3,4814.805626,-185.194374,-3.70388748,False
26012037,2026-09-19 14:03:59+00:00,10000.0,2638.3301522471534,2637.968771503085,-0.36138074406845416,0.36138074406845416,0.013699204781053699,SushiSwap V2,Uniswap V3,-685.142359,-6.85142359,-687.307556,-6.87307556,SushiSwap V2 -> Uniswap V3,9314.857641,-685.142359,-6.85142359,False
26012038,2026-09-19 14:04:11+00:00,100.0,2638.3452837959308,2637.968771503085,-0.37651229284562615,0.37651229284562615,0.014272810842680813,SushiSwap V2,Uniswap V3,-0.405289,-0.405289,-0.433668,-0.433668,SushiSwap V2 -> Uniswap V3,99.594711,-0.405289,-0.405289,False
26012038,2026-09-19 14:04:11+00:00,500.0,2638.3452837959308,2637.968771503085,-0.37651229284562615,0.37651229284562615,0.014272810842680813,SushiSwap V2,Uniswap V3,-3.414805,-0.682961,-3.55542,-0.711084,SushiSwap V2 -> Uniswap V3,496.585195,-3.414805,-0.682961,False
26012038,2026-09-19 14:04:11+00:00,1000.0,2638.3452837959308,2637.968771503085,-0.37651229284562615,0.37651229284562615,0.014272810842680813,SushiSwap V2,Uniswap V3,-10.278821,-1.0278821,-10.556881,-1.0556881,SushiSwap V2 -> Uniswap V3,989.721179,-10.278821,-1.0278821,False
26012038,2026-09-19 14:04:11+00:00,5000.0,2638.3452837959308,2637.968771503085,-0.37651229284562615,0.37651229284562615,0.014272810842680813,SushiSwap V2,Uniswap V3,-185.16676,-3.7033352,-186.436722,-3.72873444,SushiSwap V2 -> Uniswap V3,4814.83324,-185.16676,-3.7033352,False
26012038,2026-09-19 14:04:11+00:00,10000.0,2638.3452837959308,2637.968771503085,-0.37651229284562615,0.37651229284562615,0.014272810842680813,SushiSwap V2,Uniswap V3,-685.088937,-6.85088937,-687.357478,-6.87357478,SushiSwap V2 -> Uniswap V3,9314.911063,-685.088937,-6.85088937,False
26012039,2026-09-19 14:04:23+00:00,100.0,2638.3452837959308,2637.968771503085,-0.37651229284562615,0.37651229284562615,0.014272810842680813,SushiSwap V2,Uniswap V3,-0.405289,-0.405289,-0.433668,-0.433668,SushiSwap V2 -> Uniswap V3,99.594711,-0.405289,-0.405289,False
26012039,2026-09-19 14:04:23+00:00,500.0,2638.3452837959308,2637.968771503085,-0.37651229284562615,0.37651229284562615,0.014272810842680813,SushiSwap V2,Uniswap V3,-3.414805,-0.682961,-3.55542,-0.711084,SushiSwap V2 -> Uniswap V3,496.585195,-3.414805,-0.682961,False
26012039,2026-09-19 14:04:23+00:00,1000.0,2638.3452837959308,2637.968771503085,-0.37651229284562615,0.37651229284562615,0.014272810842680813,SushiSwap V2,Uniswap V3,-10.278821,-1.0278821,-10.556881,-1.0556881,SushiSwap V2 -> Uniswap V3,989.721179,-10.278821,-1.0278821,False
26012039,2026-09-19 14:04:23+00:00,5000.0,2638.3452837959308,2637.968771503085,-0.37651229284562615,0.37651229284562615,0.014272810842680813,SushiSwap V2,Uniswap V3,-185.16676,-3.7033352,-186.436722,-3.72873444,SushiSwap V2 -> Uniswap V3,4814.83324,-185.16676,-3.7033352,False
26012039,2026-09-19 14:04:23+00:00,10000.0,2638.3452837959308,2637.968771503085,-0.37651229284562615,0.37651229284562615,0.014272810842680813,SushiSwap V2,Uniswap V3,-685.088937,-6.85088937,-687.357478,-6.87357478,SushiSwap V2 -> Uniswap V3,9314.911063,-685.088937,-6.85088937,False
26012040,2026-09-19 14:04:35+00:00,100.0,2638.963838237702,2637.968771503085,-0.9950667346168285,0.9950667346168285,0.0377209444389992,SushiSwap V2,Uniswap V3,-0.381939,-0.381939,-0.45699,-0.45699,SushiSwap V2 -> Uniswap V3,99.618061,-0.381939,-0.381939,False
26012040,2026-09-19 14:04:35+00:00,500.0,2638.963838237702,2637.968771503085,-0.9950667346168285,0.9950667346168285,0.0377209444389992,SushiSwap V2,Uniswap V3,-3.298398,-0.6596796,-3.671394,-0.7342788,SushiSwap V2 -> Uniswap V3,496.701602,-3.298398,-0.6596796,False
26012040,2026-09-19 14:04:35+00:00,1000.0,2638.963838237702,2637.968771503085,-0.9950667346168285,0.9950667346168285,0.0377209444389992,SushiSwap V2,Uniswap V3,-10.046847,-1.0046847,-10.787255,-1.0787255,SushiSwap V2 -> Uniswap V3,989.953153,-10.046847,-1.0046847,False
26012040,2026-09-19 14:04:35+00:00,5000.0,2638.963838237702,2637.968771503085,-0.9950667346168285,0.9950667346168285,0.0377209444389992,SushiSwap V2,Uniswap V3,-184.039455,-3.6807891,-187.528419,-3.75056838,SushiSwap V2 -> Uniswap V3,4815.960545,-184.039455,-3.6807891,False
26012040,2026-09-19 14:04:35+00:00,10000.0,2638.963838237702,2637.968771503085,-0.9950667346168285,0.9950667346168285,0.0377209444389992,SushiSwap V2,Uniswap V3,-682.910772,-6.82910772,-689.403425,-6.89403425,SushiSwap V2 -> Uniswap V3,9317.089228,-682.910772,-6.82910772,False
26012041,2026-09-19 14:04:47+00:00,100.0,2638.963838237702,2637.968771503085,-0.9950667346168285,0.9950667346168285,0.0377209444389992,SushiSwap V2,Uniswap V3,-0.381939,-0.381939,-0.45699,-0.45699,SushiSwap V2 -> Uniswap V3,99.618061,-0.381939,-0.381939,False
26012041,2026-09-19 14:04:47+00:00,500.0,2638.963838237702,2637.968771503085,-0.9950667346168285,0.9950667346168285,0.0377209444389992,SushiSwap V2,Uniswap V3,-3.298398,-0.6596796,-3.671394,-0.7342788,SushiSwap V2 -> Uniswap V3,496.701602,-3.298398,-0.6596796,False
26012041,2026-09-19 14:04:47+00:00,1000.0,2638.963838237702,2637.968771503085,-0.9950667346168285,0.9950667346168285,0.0377209444389992,SushiSwap V2,Uniswap V3,-10.046847,-1.0046847,-10.787255,-1.0787255,SushiSwap V2 -> Uniswap V3,989.953153,-10.046847,-1.0046847,False
26012041,2026-09-19 14:04:47+00:00,5000.0,2638.963838237702,2637.968771503085,-0.9950667346168285,0.9950667346168285,0.0377209444389992,SushiSwap V2,Uniswap V3,-184.039455,-3.6807891,-187.528419,-3.75056838,SushiSwap V2 -> Uniswap V3,4815.960545,-184.039455,-3.6807891,False
26012041,2026-09-19 14:04:47+00:00,10000.0,2638.963838237702,2637.968771503085,-0.9950667346168285,0.9950667346168285,0.0377209444389992,SushiSwap V2,Uniswap V3,-682.910772,-6.82910772,-689.403425,-6.89403425,SushiSwap V2 -> Uniswap V3,9317.089228,-682.910772,-6.82910772,False
26012042,2026-09-19 14:04:59+00:00,100.0,2638.9638364524308,2637.968771503085,-0.9950649493459001,0.9950649493459001,0.03772087676303019,SushiSwap V2,Uniswap V3,-0.38194,-0.38194,-0.45699,-0.45699,SushiSwap V2 -> Uniswap V3,99.61806,-0.38194,-0.38194,False
26012042,2026-09-19 14:04:59+00:00,500.0,2638.9638364524308,2637.968771503085,-0.9950649493459001,0.9950649493459001,0.03772087676303019,SushiSwap V2,Uniswap V3,-3.298398,-0.6596796,-3.671394,-0.7342788,SushiSwap V2 -> Uniswap V3,496.701602,-3.298398,-0.6596796,False
26012042,2026-09-19 14:04:59+00:00,1000.0,2638.9638364524308,2637.968771503085,-0.9950649493459001,0.9950649493459001,0.03772087676303019,SushiSwap V2,Uniswap V3,-10.046848,-1.0046848,-10.787254,-1.0787254,SushiSwap V2 -> Uniswap V3,989.953152,-10.046848,-1.0046848,False
26012042,2026-09-19 14:04:59+00:00,5000.0,2638.9638364524308,2637.968771503085,-0.9950649493459001,0.9950649493459001,0.03772087676303019,SushiSwap V2,Uniswap V3,-184.039458,-3.68078916,-187.528416,-3.75056832,SushiSwap V2 -> Uniswap V3,4815.960542,-184.039458,-3.68078916,False
26012042,2026-09-19 14:04:59+00:00,10000.0,2638.9638364524308,2637.968771503085,-0.9950649493459001,0.9950649493459001,0.03772087676303019,SushiSwap V2,Uniswap V3,-682.910778,-6.82910778,-689.403419,-6.89403419,SushiSwap V2 -> Uniswap V3,9317.089222,-682.910778,-6.82910778,False
26012043,2026-09-19 14:05:11+00:00,100.0,2639.3019942296614,2637.968771503085,-1.3332227265764514,1.3332227265764514,0.05053974637526872,SushiSwap V2,Uniswap V3,-0.369174,-0.369174,-0.469735,-0.469735,SushiSwap V2 -> Uniswap V3,99.630826,-0.369174,-0.369174,False
26012043,2026-09-19 14:05:11+00:00,500.0,2639.3019942296614,2637.968771503085,-1.3332227265764514,1.3332227265764514,0.05053974637526872,SushiSwap V2,Uniswap V3,-3.23475,-0.64695,-3.734764,-0.7469528,SushiSwap V2 -> Uniswap V3,496.76525,-3.23475,-0.64695,False
26012043,2026-09-19 14:05:11+00:00,1000.0,2639.3019942296614,2637.968771503085,-1.3332227265764514,1.3332227265764514,0.05053974637526872,SushiSwap V2,Uniswap V3,-9.919995,-0.9919995,-10.913117,-1.0913117,SushiSwap V2 -> Uniswap V3,990.080005,-9.919995,-0.9919995,False
26012043,2026-09-19 14:05:11+00:00,5000.0,2639.3019942296614,2637.968771503085,-1.3332227265764514,1.3332227265764514,0.05053974637526872,SushiSwap V2,Uniswap V3,-183.422346,-3.66844692,-188.124201,-3.76248402,SushiSwap V2 -> Uniswap V3,4816.577654,-183.422346,-3.66844692,False
26012043,2026-09-19 14:05:11+00:00,10000.0,2639.3019942296614,2637.968771503085,-1.3332227265764514,1.3332227265764514,0.05053974637526872,SushiSwap V2,Uniswap V3,-681.716908,-6.81716908,-690.518444,-6.90518444,SushiSwap V2 -> Uniswap V3,9318.283092,-681.716908,-6.81716908,False
